Soc,Act,Emp,Anx,Ctrl,Imp,Ego,Rig,Neg,Adp,label,path_id,chapter_end,variant,chapter,final_l2
0.5094633179064036,0.5159045624788404,0.5192384052642374,0.49149089691096753,0.4534440014029937,0.5156936295112667,0.5672309715464479,0.4613245134978071,0.5320010829350362,0.5710316836774931,Гипертим,Гипертим_000,True,extreme,1,0.36711145727173267
0.49872871722747836,0.5413028236646575,0.5313200525755943,0.5049510270850894,0.4389824816596881,0.52696607171299,0.569736125327164,0.4423914632946706,0.5818425665393882,0.6841396182982278,Гипертим,Гипертим_000,True,extreme,2,0.36711145727173267
0.5010636855336248,0.6022629473161522,0.6494014241779796,0.4981182919713609,0.4398743696299652,0.5492185712856176,0.6985369657290662,0.31001399817064884,0.6263727362240415,0.7983741069158349,Гипертим,Гипертим_000,True,extreme,3,0.36711145727173267
0.579963773274892,0.6940034860285533,0.6851053870884486,0.6321914652969144,0.3244576010530819,0.578145684649032,0.7773384153486743,0.18068121685990854,0.6412194853547728,0.9307711757536608,Гипертим,Гипертим_000,True,extreme,4,0.36711145727173267
0.651589043405652,1.0,0.7822594461576509,0.651737741399033,0.08978440578100277,0.8641487849838585,0.7201450196101924,0.1967906994576061,0.6538069886998154,0.9646026608067491,Гипертим,Гипертим_000,True,extreme,5,0.36711145727173267
0.6869588900355271,1.0,0.9113905301838294,0.6422310988238893,0.008842427149845976,1.0,0.7062091026803144,0.12820020967328583,0.6624963588826669,1.0,Гипертим,Гипертим_000,True,extreme,6,0.36711145727173267
0.9020515007695077,0.9857296181723854,1.0,0.6157451344468442,0.031542706179321485,0.9889139401706328,0.6521053469625164,0.11618523512898696,0.6663866960595167,0.9859229586369808,Гипертим,Гипертим_000,True,extreme,7,0.36711145727173267
0.8811089448530923,0.9598267936821308,0.9965324838301771,0.603914360555185,0.018023126228491036,0.9622842673834175,0.6525455600799032,0.10480970616536561,0.6635015278815577,0.9593363616870179,Гипертим,Гипертим_000,False,extreme,0,0.36711145727173267
0.5101426948590126,0.566507655347007,0.5631326984134921,0.49203040271428233,0.4466926581572794,0.5511304218838421,0.49292983511666855,0.49040355621640846,0.48722530452898427,0.5202424987778844,Гипертим,Гипертим_001,True,extreme,1,0.3383591333146992
0.4965572028245926,0.603439318059968,0.5600011244871025,0.5131606660794175,0.4544817530119634,0.5256793515145511,0.5142452058821649,0.47427450754106565,0.47442190846647697,0.666712151424965,Гипертим,Гипертим_001,True,extreme,2,0.3383591333146992
0.5720624106805816,0.6075951220626119,0.6685824195226238,0.5059851814299695,0.4760929266360714,0.5057980972542422,0.7151825257975354,0.23879075987227427,0.4809773995318618,0.856483439881331,Гипертим,Гипертим_001,True,extreme,3,0.3383591333146992
0.6836709202921093,0.5992260608377622,0.6334636227867046,0.486257745819472,0.5039803508752316,0.490139506212754,0.7721471058548308,0.25079081774889617,0.5736858285898865,0.9801862959151707,Гипертим,Гипертим_001,True,extreme,4,0.3383591333146992
0.7032532673637394,0.9528333508294526,0.6399335747403885,0.47835424914036323,0.2532480769744523,0.7219869340455655,0.7583575638923387,0.2753414023912225,0.5789913056379073,1.0,Гипертим,Гипертим_001,True,extreme,5,0.3383591333146992
0.8009291296602074,1.0,0.7562911402178868,0.4891557934252951,0.17567818644585612,0.8056561804193227,0.7632935699583631,0.20096586101786307,0.5971509660765734,1.0,Гипертим,Гипертим_001,True,extreme,6,0.3383591333146992
0.9519021581443772,0.9868631345146673,0.8352159855913834,0.5141585360156936,0.133047854511807,0.7789272341350673,0.7253697933235848,0.19009588897651475,0.5886555589671985,1.0,Гипертим,Гипертим_001,True,extreme,7,0.3383591333146992
0.9762146126031787,1.0,0.8395336114363559,0.49433351141923315,0.1258917759211316,0.7572576376726323,0.7134376692460889,0.18968332550916184,0.5624515879838157,0.9960805761557647,Гипертим,Гипертим_001,False,extreme,0,0.3383591333146992
0.5337876671819617,0.5348182512897375,0.5086325180920127,0.4649441586427691,0.5161903505787943,0.558792339395944,0.5137609489772672,0.43862777464249225,0.49584779028165377,0.5545110936007309,Гипертим,Гипертим_002,True,extreme,1,0.33145226991510823
0.5405541574399839,0.611233129844817,0.4692249908003651,0.4817813402903399,0.5482867664990067,0.6406505535328403,0.543094399363355,0.420488791092035,0.48503092518491536,0.5584385243609663,Гипертим,Гипертим_002,True,extreme,2,0.33145226991510823
0.5573063757179688,0.636846744401032,0.46677113988991986,0.48177454490268673,0.5099766477049036,0.6240286619466484,0.7512746591262242,0.2864967047200496,0.46842135851593314,0.7902348883645589,Гипертим,Гипертим_002,True,extreme,3,0.33145226991510823
0.6717993173938528,0.6997758777991563,0.451754317023959,0.48053638338234206,0.4374933351102947,0.6105018446387475,0.8520345356873846,0.16046814635977552,0.5260233107644182,0.919652276334512,Гипертим,Гипертим_002,True,extreme,4,0.33145226991510823
0.7209088371946106,0.9800512462997876,0.5356234223988591,0.5070706962044256,0.34693583336740375,0.842265431897696,0.8205498893393366,0.1491395158083389,0.5485999605691314,0.9681220766507392,Гипертим,Гипертим_002,True,extreme,5,0.33145226991510823
0.7960537950438121,1.0,0.6184483327448861,0.47640468005686093,0.2979997515611914,0.9651876831307058,0.8395456408961952,0.08962029057105951,0.5313697512370162,1.0,Гипертим,Гипертим_002,True,extreme,6,0.33145226991510823
0.9377678079744237,0.9977573257624409,0.7252464854360099,0.4572583064504373,0.3134958270363892,1.0,0.8170302730002142,0.09310500407791486,0.5474396287619285,1.0,Гипертим,Гипертим_002,True,extreme,7,0.33145226991510823
0.9560935973324355,1.0,0.7312484835047441,0.466890125871305,0.3243411720596321,1.0,0.8263543072279608,0.12295315005261262,0.5330052051246479,0.9951139411648805,Гипертим,Гипертим_002,False,extreme,0,0.33145226991510823
0.4909160902088207,0.4991717568020951,0.5440230567751401,0.5228148361883959,0.486184778418185,0.49750854509834447,0.5673155422128623,0.415182170411848,0.5243321954639021,0.5780166132878658,Гипертим,Гипертим_003,True,extreme,1,0.3164841482988429
0.48575877191776595,0.6391133109608313,0.5279560026085036,0.5339990047900606,0.5135339605982484,0.5466453653029459,0.5643528702186331,0.4313146769608992,0.5578746658101778,0.6162154856104289,Гипертим,Гипертим_003,True,extreme,2,0.3164841482988429
0.6147050212020755,0.5916481156629211,0.7336552090614888,0.5635989900497386,0.47397653196684836,0.5272604949812106,0.6215925068145529,0.33877513142002674,0.557342207151196,0.6742870172628068,Гипертим,Гипертим_003,True,extreme,3,0.3164841482988429
0.7498246634749959,0.7033275815138271,0.7137175131617767,0.5929952412394613,0.45676128549334594,0.5628698648790779,0.7433711012706569,0.19174746216033112,0.645555379660275,0.7782346805735731,Гипертим,Гипертим_003,True,extreme,4,0.3164841482988429
0.6777659309360254,1.0,0.7144636901845856,0.5759957105400125,0.20189606463820656,0.8604171185301647,0.7412674173114765,0.1794678092704895,0.6097326863959539,0.7488282240662535,Гипертим,Гипертим_003,True,extreme,5,0.3164841482988429
0.7289001326097938,1.0,0.7799370789668397,0.5608856209263731,0.1363284113161973,0.9603846518315725,0.7563105030351503,0.09150909115234945,0.59571812226284,0.8355196213127416,Гипертим,Гипертим_003,True,extreme,6,0.3164841482988429
0.9733944740667985,1.0,0.9454282530413274,0.5213030970172207,0.15050639338352267,0.9622093382259441,0.7346105482044034,0.09994958786336987,0.6156197186592746,0.8235741211101327,Гипертим,Гипертим_003,True,extreme,7,0.3164841482988429
0.9469966567302395,1.0,0.9440206185024556,0.52909482975895,0.14749768252735018,0.9522887305368178,0.7262682694677107,0.10357058995222573,0.6415303932059406,0.8090370106372778,Гипертим,Гипертим_003,False,extreme,0,0.3164841482988429
0.5061600986856432,0.5629987061852265,0.528006235346777,0.519683156511606,0.5212485538336828,0.5133806820789184,0.5296319031182329,0.4442147818308021,0.5112081816662586,0.5730066359725696,Гипертим,Гипертим_004,True,extreme,1,0.33313456242734724
0.46873253008380056,0.6157605163105655,0.522165945341318,0.5038906721034337,0.4916216046821535,0.5556136318270797,0.5505099843697813,0.3996205506889126,0.5001577671237092,0.7646259690358196,Гипертим,Гипертим_004,True,extreme,2,0.33313456242734724
0.49869345638790435,0.6618949943950966,0.6039471721823814,0.5412911939028404,0.4865134758789425,0.5655878339754516,0.6440653297154003,0.31790784200342886,0.5226277299721309,0.8554843670686003,Гипертим,Гипертим_004,True,extreme,3,0.33313456242734724
0.6128983360908685,0.7409040551451624,0.5648080852761052,0.6474697815168505,0.40602224737616704,0.6123436981798458,0.6743267883180327,0.25400276049179865,0.481085286196405,0.9927039035676487,Гипертим,Гипертим_004,True,extreme,4,0.33313456242734724
0.6940099577868256,1.0,0.694059343830425,0.6004459955515764,0.16062574838948973,0.8446892692148877,0.599542054961829,0.27916954061180654,0.48930245263539224,1.0,Гипертим,Гипертим_004,True,extreme,5,0.33313456242734724
0.7653268698036778,1.0,0.8124104391286093,0.583484514814048,0.07159975739967192,0.9500637283973917,0.5764480411930839,0.22148067032569113,0.5201784725897622,1.0,Гипертим,Гипертим_004,True,extreme,6,0.33313456242734724
0.8135064487490372,1.0,0.6809618804209107,0.5247730512160755,0.08077852662898255,0.9489755398902674,0.8086044364875786,0.14780517687957184,0.5385007304586924,1.0,Гипертим,Гипертим_004,True,extreme,7,0.33313456242734724
0.805061126582519,1.0,0.7029026586307093,0.5088875214439051,0.092911839565183,0.9426316393104041,0.7976920750647003,0.14077255377006695,0.5313946331636421,1.0,Гипертим,Гипертим_004,False,extreme,0,0.33313456242734724
0.5079233116921736,0.49642043190718277,0.5145806669653236,0.5109924289506746,0.4660817452248469,0.48789814923948044,0.568290368393437,0.44260581808752564,0.4993452768194135,0.5908310566452017,Гипертим,Гипертим_005,True,extreme,1,0.3848849596731184
0.5031510042609795,0.5409137772654771,0.5065848426885243,0.559885924412721,0.4315035288278648,0.47670252235403376,0.5481401231799631,0.4128778592143733,0.5108869607212478,0.7229273032044445,Гипертим,Гипертим_005,True,extreme,2,0.3848849596731184
0.5374432756924592,0.5909442336188355,0.6069002560247844,0.5729999719283676,0.4417689586549879,0.45966332264269744,0.6389223617820083,0.3225056117655599,0.4807060391547868,0.8594420136429415,Гипертим,Гипертим_005,True,extreme,3,0.3848849596731184
0.6338624586321753,0.6787673794449766,0.6041536707974244,0.6907233677330207,0.3753601392681134,0.49267390252153453,0.7424205157148562,0.20574681864439873,0.4852180474361954,0.9518050382727319,Гипертим,Гипертим_005,True,extreme,4,0.3848849596731184
0.7156579013225413,1.0,0.6932471892081519,0.6631974057041982,0.06780491931037623,0.762651617652226,0.7457563698900375,0.18921084092023072,0.4881397286651163,0.9696455735967076,Гипертим,Гипертим_005,True,extreme,5,0.3848849596731184
0.76655438205518,1.0,0.8066198560422253,0.6784021505031445,0.0,0.8733574638034902,0.725667792017834,0.08627093581394218,0.49492439646991543,1.0,Гипертим,Гипертим_005,True,extreme,6,0.3848849596731184
0.9756423884951758,0.9930446735135846,0.9658710411720535,0.6390364032866717,0.011350903780412761,0.8789396490941025,0.6505987784282371,0.10624509925758402,0.4902314446135836,1.0,Гипертим,Гипертим_005,True,extreme,7,0.3848849596731184
0.9683066441009719,0.9864627209368377,0.9702233598602639,0.6575359973887378,0.0,0.8894463268137142,0.6407568261773682,0.10641121061276529,0.5061256786453446,0.9903723654895844,Гипертим,Гипертим_005,False,extreme,0,0.3848849596731184
0.5333293305847724,0.48447529977253107,0.4841246426447226,0.49238743001816077,0.5024232826783015,0.525387495946847,0.5184441784821265,0.4651384350662445,0.5187773605227332,0.585191723735145,Гипертим,Гипертим_006,True,extreme,1,0.27868368531056315
0.5387067474305257,0.5455318835444791,0.5018989470063198,0.49951790253992356,0.5212573224993565,0.5345658194757356,0.5080408790378084,0.5039775184255944,0.5238775031904663,0.7787502492397421,Гипертим,Гипертим_006,True,extreme,2,0.27868368531056315
0.561334494603384,0.5443832285665408,0.6176901140203794,0.4775300658681023,0.5188005547519529,0.552235882825371,0.6513216936651853,0.24284213958018383,0.5182871088388,0.9866459034501659,Гипертим,Гипертим_006,True,extreme,3,0.27868368531056315
0.6617702616527489,0.5887184261289181,0.6227499235160375,0.5464658769707869,0.3988316527030045,0.5988714086168065,0.6748629362404218,0.10744657411759488,0.5406934334942486,1.0,Гипертим,Гипертим_006,True,extreme,4,0.27868368531056315
0.6927773286319852,0.9572461182300827,0.6331998677339977,0.5312001118937922,0.2150438538842142,0.8383626193188727,0.639893555956468,0.10163107915268121,0.5124593725194645,1.0,Гипертим,Гипертим_006,True,extreme,5,0.27868368531056315
0.7324004105482494,0.9739063443128836,0.7322646426522786,0.5443122208896403,0.13325424791910753,0.9262113091595732,0.6372756038675806,0.01720968623433211,0.4902774084862427,1.0,Гипертим,Гипертим_006,True,extreme,6,0.27868368531056315
0.9925081258772104,0.9423070074585024,0.8882753356577597,0.5113883638011256,0.1445774211038096,0.9374645498146732,0.5979046975247203,0.045446035134862756,0.49982392139892473,1.0,Гипертим,Гипертим_006,True,extreme,7,0.27868368531056315
1.0,0.9462494303277863,0.899218351741137,0.5152967778262217,0.11849905860381166,0.9151593335079153,0.5718076568092483,0.031023503977233594,0.5040181188400313,0.9836779105131341,Гипертим,Гипертим_006,False,extreme,0,0.27868368531056315
0.5150104505916301,0.5691352436129757,0.49110929402493186,0.4765137454824984,0.47645586079539654,0.5128550029856225,0.499105510266434,0.47887104649488804,0.4935739331086544,0.527887689532003,Гипертим,Гипертим_007,True,extreme,1,0.32415282525653333
0.49673330996021264,0.7216148135739603,0.49424407465481823,0.46832325902331684,0.4448910113168,0.5772943400315959,0.4754702651574621,0.4742722155413913,0.48469385033529583,0.5662453347087928,Гипертим,Гипертим_007,True,extreme,2,0.32415282525653333
0.551662486705173,0.7364286871292355,0.6083585281406528,0.494955497384686,0.4308849046554816,0.5798826568831861,0.6227918911403375,0.2571106589833257,0.505125500778345,0.7396409627441018,Гипертим,Гипертим_007,True,extreme,3,0.32415282525653333
0.610226710931329,0.719807668779772,0.6082437626595961,0.5482247088285818,0.3554897049522899,0.6066143786570259,0.745431359784387,0.11132092151704205,0.5272310032821508,0.933988105076961,Гипертим,Гипертим_007,True,extreme,4,0.32415282525653333
0.6535922620867181,0.9766346224476775,0.7330022803764942,0.5702005891170785,0.23753550254051686,0.7984048696834682,0.6168157343795497,0.13352801522135976,0.530501503717396,0.9765731131929407,Гипертим,Гипертим_007,True,extreme,5,0.32415282525653333
0.7443806389895995,1.0,0.839103482888419,0.5659653507575372,0.17114626815903933,0.8669036145743483,0.6422673970952473,0.08065810723924455,0.5462418887095937,1.0,Гипертим,Гипертим_007,True,extreme,6,0.32415282525653333
0.8887823977992383,1.0,0.9243423134893598,0.5264638013658791,0.20851630401263674,0.846684233686778,0.7321444628559489,0.01427101820617083,0.5651923443746919,0.997346259146441,Гипертим,Гипертим_007,True,extreme,7,0.32415282525653333
0.8930677837619196,0.9759664753043185,0.8981522115590551,0.5509966327645199,0.22622979363638201,0.8277776246009785,0.750916539090502,0.0,0.5685559542031027,0.9995312665324138,Гипертим,Гипертим_007,False,extreme,0,0.32415282525653333
0.511884211002882,0.5064911601701718,0.5465692459106294,0.4855308321501152,0.46922035305607684,0.5055935570214699,0.5387614160551086,0.3941242683769204,0.48108001135651185,0.5897452266103272,Гипертим,Гипертим_008,True,extreme,1,0.2251986949949754
0.5015588523075942,0.6395671359182485,0.536016748166964,0.47765483443459406,0.4927481826549212,0.5668862790050841,0.5349608036307142,0.3834505340085957,0.5021015874347129,0.6714399895735753,Гипертим,Гипертим_008,True,extreme,2,0.2251986949949754
0.5705850047067974,0.6093185724585033,0.6124451773077741,0.4766236205202642,0.4752253821156658,0.5627946516826784,0.7156630955056399,0.17971487253125723,0.4569012262020069,0.8756241128379985,Гипертим,Гипертим_008,True,extreme,3,0.2251986949949754
0.666661169108931,0.6376705453457198,0.5444837902030532,0.43108966653312486,0.48846601425334474,0.6751001296609376,0.8127831662328558,0.07423416665928484,0.5223075038869565,0.9898474919009133,Гипертим,Гипертим_008,True,extreme,4,0.2251986949949754
0.7989843975382388,0.9066498766540348,0.6335658270317187,0.41583921098674703,0.325161269822946,0.873861651427658,0.7740861897451417,0.11025519838725421,0.49140657248761715,0.9665172769843002,Гипертим,Гипертим_008,True,extreme,5,0.2251986949949754
0.8765009097076618,0.9721865412906111,0.695822008810902,0.37713540667914364,0.27907629233440595,1.0,0.7449533268715937,0.03551466395636123,0.5003478611879936,1.0,Гипертим,Гипертим_008,True,extreme,6,0.2251986949949754
1.0,0.9472003065271188,0.8989676259343466,0.3594106987587925,0.29777588268932925,0.9994740528193101,0.683383479878097,0.0026877610396671484,0.5253713853358636,0.9966876715500255,Гипертим,Гипертим_008,True,extreme,7,0.2251986949949754
1.0,0.9642571841664179,0.9195494695320144,0.36704980165733003,0.2833896900564177,1.0,0.7103054981031729,0.0,0.5009673097545694,0.9929329338799935,Гипертим,Гипертим_008,False,extreme,0,0.2251986949949754
0.4885048403588994,0.5102303949470851,0.5297812365930465,0.48038201700015154,0.5093277478034827,0.5057240940653691,0.49359167022643713,0.44905329146809564,0.5137535201660002,0.5402307756087473,Гипертим,Гипертим_009,True,extreme,1,0.4845377208077609
0.505187182748728,0.6501577719826643,0.5356356263972746,0.5006359726421813,0.5563069910945622,0.5700940246404826,0.4805454531170503,0.4854976082214987,0.5313726701795962,0.6101714291448053,Гипертим,Гипертим_009,True,extreme,2,0.4845377208077609
0.5112940684150044,0.7243984045006988,0.6421868305731248,0.5235944327990281,0.5136433784215083,0.553515368527969,0.537010858579245,0.3685767518083977,0.5755791269641892,0.7171251073839369,Гипертим,Гипертим_009,True,extreme,3,0.4845377208077609
0.662941641422896,0.7702687449064652,0.6614850010119636,0.5833427744972736,0.4278259490778352,0.5565366266675382,0.5644216274578326,0.3689548321202186,0.5292234710138206,0.8500296278551162,Гипертим,Гипертим_009,True,extreme,4,0.4845377208077609
0.6631669135670027,1.0,0.6866567334569028,0.6138810956201576,0.13457446536768475,0.8577927055113225,0.5319984101704686,0.3975837459906305,0.5431885174673031,0.834778249879235,Гипертим,Гипертим_009,True,extreme,5,0.4845377208077609
0.5694441535240704,1.0,0.678067398819234,0.5940999021863971,0.10047767984576375,0.9654962573449678,0.7138005414305103,0.2946217469897855,0.5408031259513536,0.9431800221013094,Гипертим,Гипертим_009,True,extreme,6,0.4845377208077609
0.7021744245852256,1.0,0.7562810684020868,0.5775145369344299,0.08841850389482481,0.9735314961172798,0.7260437230598846,0.3042778635305024,0.5299495527174505,0.9435951606899156,Гипертим,Гипертим_009,True,extreme,7,0.4845377208077609
0.6973054383793631,1.0,0.775888103466819,0.5550314124662749,0.09067545772060134,0.9901183924068366,0.7205007694527896,0.30936318370485494,0.5082379619530228,0.9292118979047741,Гипертим,Гипертим_009,False,extreme,0,0.4845377208077609
0.5137495963056701,0.5376725213751578,0.5702538529869583,0.4940803705519592,0.4888275424252542,0.49232581320431995,0.5025101351203156,0.4428298423114767,0.4980385521953355,0.5640334852981719,Гипертим,Гипертим_010,True,extreme,1,0.27585001280201726
0.5275107504092389,0.6486110179625624,0.5652952155906231,0.528408432739418,0.48174262158153125,0.5205071485802313,0.5194418293477361,0.4414175568351522,0.46739789461774256,0.6138457142159102,Гипертим,Гипертим_010,True,extreme,2,0.27585001280201726
0.5718621588176458,0.6488236271841475,0.6471133505169667,0.4990228732736223,0.46434336565438666,0.5302217558615847,0.6782387464918983,0.20448480769025568,0.46147760874359106,0.7981576080482105,Гипертим,Гипертим_010,True,extreme,3,0.27585001280201726
0.583443143241875,0.7477081790512984,0.6120672992542944,0.6174730159274869,0.38315143399153906,0.6089401903562268,0.8271764217252225,0.18536375919816564,0.45312789126509145,0.9016675652516105,Гипертим,Гипертим_010,True,extreme,4,0.27585001280201726
0.703688769912279,1.0,0.7160672759342511,0.5837709448110412,0.17478425972641454,0.7785372340679682,0.7452055283488123,0.2484765065720277,0.44932294945132073,1.0,Гипертим,Гипертим_010,True,extreme,5,0.27585001280201726
0.7577561801638597,1.0,0.8035782807647481,0.5958036164735129,0.11737279462461268,0.8963554018030809,0.7173210431413651,0.13745812263993124,0.4238286495302871,1.0,Гипертим,Гипертим_010,True,extreme,6,0.27585001280201726
0.9938683882986072,0.9984884893065828,0.9614993163749763,0.5196079760476148,0.13830732895771128,0.9102428242652703,0.6784343690332879,0.16146376614476465,0.4424172079596209,0.9728122547118371,Гипертим,Гипертим_010,True,extreme,7,0.27585001280201726
0.9888937649571549,0.984090244188035,0.9744579110267982,0.49686689450395827,0.15490312065833234,0.9190681846480099,0.6804846177372881,0.13288697371322586,0.44126566179177956,0.9863741597649994,Гипертим,Гипертим_010,False,extreme,0,0.27585001280201726
0.4913540535386427,0.5540279777888596,0.5231012395281323,0.4674532569437153,0.47283246367696014,0.5144408881676396,0.4863532017528322,0.4617669348284582,0.5036716143304663,0.561797250820148,Гипертим,Гипертим_011,True,extreme,1,0.4027738048355635
0.5032096637075383,0.7405188899463203,0.5300769145901837,0.49248851127349935,0.49282886713696167,0.5480677475606979,0.5124942457007615,0.46051040112226505,0.531878361699159,0.6425127894939212,Гипертим,Гипертим_011,True,extreme,2,0.4027738048355635
0.5661127231920972,0.7616214317756538,0.6106408852282998,0.5149017017649714,0.47583164940242606,0.5753887167161423,0.6654884145604321,0.21760673146603227,0.5316638404124631,0.8661853070447574,Гипертим,Гипертим_011,True,extreme,3,0.4027738048355635
0.7317034179678458,0.8712291821416452,0.545920792796494,0.5210088851239848,0.401687283276898,0.6663293866076496,0.635575077299317,0.25245696189068,0.6369206826007157,0.915699320654789,Гипертим,Гипертим_011,True,extreme,4,0.4027738048355635
0.8043012134324488,1.0,0.6401718900060985,0.4675620006948633,0.24382694934826551,0.8434395921500906,0.616860260768226,0.279439131928421,0.6405082970563756,0.993350530669631,Гипертим,Гипертим_011,True,extreme,5,0.4027738048355635
0.7512893560952205,1.0,0.5605424156382365,0.48465373059335976,0.17721602715969248,0.9440497476315498,0.9103298154755024,0.3301856244356627,0.6512406450535917,1.0,Гипертим,Гипертим_011,True,extreme,6,0.4027738048355635
0.989634139944067,0.983241857977352,0.7983902300092824,0.4786922981880885,0.22679078246091758,0.9759507429156306,0.7786664658229682,0.3369485679229653,0.676763571328464,0.983951214804582,Гипертим,Гипертим_011,True,extreme,7,0.4027738048355635
0.9908247680960889,0.9930526139699452,0.7876234138306627,0.4803325474834707,0.2312959900154096,0.9778662838440269,0.7723175607469964,0.3397314351653009,0.658819496585623,0.9731702000054681,Гипертим,Гипертим_011,False,extreme,0,0.4027738048355635
0.504531986892882,0.5080965287585236,0.4959335633973115,0.49562649815074095,0.5086231898084638,0.5566198121702864,0.5191850373603948,0.4758838161722605,0.5023978032401105,0.5916597857671169,Гипертим,Гипертим_012,True,extreme,1,0.4523748763513777
0.523561178002499,0.5169212632753486,0.5070144887633404,0.4995688513844416,0.48323519924328373,0.5275701541983205,0.512379538264889,0.4301765925176666,0.5057036659168678,0.7828160714038256,Гипертим,Гипертим_012,True,extreme,2,0.4523748763513777
0.578584656342358,0.4657407727983619,0.6494788623523864,0.50245710428283,0.4666360192694349,0.5228220520830444,0.612278096357081,0.4112065732858281,0.5013633296320558,0.9112716455338533,Гипертим,Гипертим_012,True,extreme,3,0.4523748763513777
0.6101067677636774,0.4721631644541451,0.6736568457150426,0.6074942500643629,0.38734483782278595,0.5427070442344061,0.674239698830024,0.35163810895231024,0.5035780790656526,0.88961431516661,Гипертим,Гипертим_012,True,extreme,4,0.4523748763513777
0.585836429346894,0.8190839729839465,0.6669959519212366,0.5669800041709885,0.15189337908258152,0.7884687993723717,0.6214207872293919,0.4344127665011352,0.5401539899073189,0.9831337052486591,Гипертим,Гипертим_012,True,extreme,5,0.4523748763513777
0.6984999258984165,0.8864344363463246,0.7751938934160548,0.5561533359943598,0.07818923459820959,0.891123781436548,0.6182000364791211,0.36590853273324225,0.5196933499242444,1.0,Гипертим,Гипертим_012,True,extreme,6,0.4523748763513777
0.7978334686430273,0.8775666191946156,0.7509971675141462,0.5506538118002252,0.07739781874381378,0.8636932448024067,0.7120596421000261,0.32822804908018255,0.5294629111389831,0.998776653370436,Гипертим,Гипертим_012,True,extreme,7,0.4523748763513777
0.8097264623241912,0.8770325592709901,0.7751328722036457,0.5382571803449029,0.057162589776065115,0.8511104442357574,0.7019445783552718,0.304808523316853,0.5087506825585223,1.0,Гипертим,Гипертим_012,False,extreme,0,0.4523748763513777
0.46208865036269214,0.49077467417775456,0.5092405921844497,0.535268613189591,0.4822830531950183,0.5075535795730783,0.5266300464804372,0.4623900590402197,0.5280490218246615,0.5398326511646737,Гипертим,Гипертим_013,True,extreme,1,0.348642929758627
0.47385584553702187,0.663585022924652,0.49693277746199926,0.5635927453923253,0.48918757829685605,0.5537168189694461,0.5403445026292663,0.47926915448702995,0.5093578692936669,0.6021302943029898,Гипертим,Гипертим_013,True,extreme,2,0.348642929758627
0.5993251221772183,0.6096564137137014,0.7361227148557676,0.553638155774845,0.4901145218018413,0.5175258004755392,0.6295842864661911,0.3403735644259556,0.5280821150264691,0.6404105500621032,Гипертим,Гипертим_013,True,extreme,3,0.348642929758627
0.7129157915348574,0.6544981118959664,0.7314322181572585,0.6519124177937038,0.38060614904116474,0.5671148205491845,0.6959427028893809,0.2188001179040033,0.5396661916600066,0.7406667431428032,Гипертим,Гипертим_013,True,extreme,4,0.348642929758627
0.6988711731180117,1.0,0.7831766093613198,0.6514289894906611,0.17681959631515903,0.8120230775326136,0.7358167686009403,0.23695321773555025,0.5381886101134337,0.823060639723318,Гипертим,Гипертим_013,True,extreme,5,0.348642929758627
0.750397907473458,1.0,0.8946555174042912,0.6137177487703739,0.1039550436543432,0.9022886554266634,0.7768449185837532,0.19977764278819835,0.5320743906157149,0.9265701822907186,Гипертим,Гипертим_013,True,extreme,6,0.348642929758627
0.8828682370896301,0.9858288026925989,0.9142455991773509,0.5786920740027536,0.118783090318836,0.8957774417056326,0.7569025968664371,0.22424176198736773,0.5491867559972385,0.9207806550656283,Гипертим,Гипертим_013,True,extreme,7,0.348642929758627
0.8680444098041467,0.9635202648413022,0.8953070751164071,0.5871413075854607,0.09598172445180583,0.9060388680868541,0.7348495113207192,0.19665413372600526,0.5790754547166787,0.9354734639231427,Гипертим,Гипертим_013,False,extreme,0,0.348642929758627
0.47957646854469654,0.5318632968973264,0.5280379006703477,0.5368878002222401,0.47414461995172996,0.5265800598811524,0.5257129310049374,0.4663335867169921,0.4939207778040692,0.5508087887207578,Гипертим,Гипертим_014,True,extreme,1,0.2536252420784153
0.4778775245381697,0.6680299131732982,0.5090223096229375,0.5755829827018345,0.45630434363496714,0.5944082023633322,0.5035900670613361,0.44807338172849537,0.47651281903314074,0.6345466494349038,Гипертим,Гипертим_014,True,extreme,2,0.2536252420784153
0.5330759412271319,0.6815308141165406,0.6085673528997172,0.5188044901739922,0.4369664749391737,0.5474628662731847,0.6718507796259159,0.1571895272363406,0.5108029930541419,0.7958102582559754,Гипертим,Гипертим_014,True,extreme,3,0.2536252420784153
0.7118646675703083,0.6823033344524456,0.6374367507861254,0.5931074991919103,0.3845926911185345,0.5305335229576565,0.6884166868947527,0.2011839081878803,0.47800776999468414,0.9456993518856034,Гипертим,Гипертим_014,True,extreme,4,0.2536252420784153
0.8011109569205853,0.9881378750685708,0.7136667433876741,0.5839402001944763,0.16576318111724403,0.7360844021764017,0.6451582831802403,0.14849941294387403,0.5221435101662897,1.0,Гипертим,Гипертим_014,True,extreme,5,0.2536252420784153
0.8571063100037314,1.0,0.8163367106516503,0.5740574480626215,0.11671497104721573,0.8232150865809702,0.6669244968952491,0.0647396085324922,0.5291305886412226,1.0,Гипертим,Гипертим_014,True,extreme,6,0.2536252420784153
1.0,0.9885832114785692,0.9069835048644744,0.5332000675527437,0.08782645086168316,0.8200701147611711,0.7600436493945251,0.0011504515596534627,0.5255233123847336,0.987839549940607,Гипертим,Гипертим_014,True,extreme,7,0.2536252420784153
1.0,0.9979868155330623,0.8785565784008873,0.5401350398622168,0.07432045352299252,0.8368849903987583,0.787855067695701,0.0,0.5331924514408017,1.0,Гипертим,Гипертим_014,False,extreme,0,0.2536252420784153
0.533170473905945,0.5278860906470235,0.5467844167523654,0.45891635936964825,0.4972471278762559,0.5546674087485308,0.4591106154594884,0.4908775484857469,0.5131709773889285,0.5181198130154597,Гипертим,Гипертим_015,True,extreme,1,0.5047898561233547
0.5441931615923794,0.6244717845749432,0.5623318649740248,0.497036442120145,0.4666574277762568,0.6121627722181069,0.47910577706890983,0.5226247776537802,0.5077575544683143,0.5724644052555934,Гипертим,Гипертим_015,True,extreme,2,0.5047898561233547
0.592430700070653,0.615409002188087,0.6594319623272185,0.5236822678301963,0.4577433821038749,0.6035720399511609,0.635868291833913,0.3027841442337088,0.5230782494210768,0.7842791597971218,Гипертим,Гипертим_015,True,extreme,3,0.5047898561233547
0.7552874362270336,0.6656806310817801,0.618805069937533,0.6276312643378315,0.3127796155782111,0.6224944938446372,0.5987131754809079,0.3143916031624757,0.528432955127773,0.8372978688701295,Гипертим,Гипертим_015,True,extreme,4,0.5047898561233547
0.7938969291300008,1.0,0.607675079286565,0.5627053235493975,0.014402250924548318,0.9125667983188034,0.5710550001802457,0.3298757209059921,0.528062725269151,0.8340182280380342,Гипертим,Гипертим_015,True,extreme,5,0.5047898561233547
0.8589832599826839,1.0,0.6227698051404147,0.671810218117344,0.09187121216166504,0.903387092150697,0.5972181077386335,0.2941455903608545,0.5246088796068579,0.7795691157031808,Гипертим,Гипертим_015,True,extreme,6,0.5047898561233547
1.0,0.9940504417161311,0.7752387745887439,0.5818084100259162,0.10925716236655078,0.8682922751659276,0.5705106260032281,0.3094011147250351,0.5328257829006748,0.7900692011641275,Гипертим,Гипертим_015,True,extreme,7,0.5047898561233547
0.9824284921979527,0.9829137222427778,0.7698861502212077,0.5943698075698912,0.08680294458989835,0.8691723421773146,0.556104946446942,0.3017444172131359,0.5061744646987975,0.7891996889075998,Гипертим,Гипертим_015,False,extreme,0,0.5047898561233547
0.5231605735154369,0.581487158791422,0.5423961443665671,0.46465631472241514,0.4948651297989295,0.5552336105538629,0.471919762565973,0.4929660002162641,0.5347748241105494,0.5043222425481888,Гипертим,Гипертим_016,True,extreme,1,0.5980413426563016
0.5074843388097184,0.7165045126941986,0.55643999295434,0.43577582301143325,0.4977964591519453,0.6396744394812367,0.49846363590420145,0.47166481979280467,0.5020666780078636,0.5001603741329353,Гипертим,Гипертим_016,True,extreme,2,0.5980413426563016
0.5101748416398271,0.7814757033847993,0.6591773389042769,0.4268676721971909,0.5286005365979621,0.6182469966537696,0.5733365119041565,0.36656206160898996,0.49475974260561806,0.6201004653293873,Гипертим,Гипертим_016,True,extreme,3,0.5980413426563016
0.6343727717827267,0.7244888726475096,0.6656222145021526,0.49919257510686754,0.5065720111958684,0.6066304143811869,0.6909452648370612,0.23741303563715996,0.48687397507178964,0.8033922633863618,Гипертим,Гипертим_016,True,extreme,4,0.5980413426563016
0.6786100196177974,1.0,0.7917718075128963,0.4638005821981732,0.36293705750769145,0.8178806564880464,0.6567223504698394,0.21734514967409005,0.48084927276692485,0.8553682906176013,Гипертим,Гипертим_016,True,extreme,5,0.5980413426563016
0.5971669835696396,1.0,0.7969352903956683,0.49493557120636356,0.4012223140677141,0.8303288405982097,0.7738357059409317,0.14051801896899116,0.4981485307414335,0.9085247890031317,Гипертим,Гипертим_016,True,extreme,6,0.5980413426563016
0.6757727958703627,0.9717138053936285,0.7848425190522433,0.5054233969819844,0.45477197609907444,0.7943536230623988,0.9076906935510312,0.08406826714467114,0.4958978493864294,0.9356863371046732,Гипертим,Гипертим_016,True,extreme,7,0.5980413426563016
0.6678872600500151,0.9921881190778912,0.8053285953638819,0.5298680675369454,0.45240225067236184,0.8095421983944203,0.9311461777806164,0.07705814992701172,0.5079234219221236,0.9614780303538564,Гипертим,Гипертим_016,False,extreme,0,0.5980413426563016
0.5197066810805517,0.5222367252687369,0.538206928230875,0.5220696416378893,0.4838949044170428,0.5456478035601144,0.5124620307410186,0.4878676272448079,0.5234069014495488,0.5338659988808362,Гипертим,Гипертим_017,True,extreme,1,0.37504496973431894
0.547904567294992,0.6250148493661725,0.5430241607374371,0.4923720273440237,0.5201937644913232,0.6423041017113464,0.47713548902920516,0.470115119746078,0.5232866250198102,0.5115090760183885,Гипертим,Гипертим_017,True,extreme,2,0.37504496973431894
0.608279435615916,0.6171433439091155,0.5978726950404032,0.4842373475909951,0.5280694451432707,0.645266125682256,0.6296029586143456,0.18218456874099775,0.5347179870525326,0.7538985167249044,Гипертим,Гипертим_017,True,extreme,3,0.37504496973431894
0.7097492208236583,0.7143717596017536,0.6210181224513336,0.5779550898731407,0.44829612921076356,0.6864445676492538,0.6777718456750476,0.08397441675338345,0.5033195604640983,0.8531111159262738,Гипертим,Гипертим_017,True,extreme,4,0.37504496973431894
0.688611468242513,1.0,0.6389581396482101,0.5639911180989902,0.15439151581580052,0.9390613037416589,0.6985797293443926,0.11312112300358544,0.5187124094770316,0.873699387665672,Гипертим,Гипертим_017,True,extreme,5,0.37504496973431894
0.7720678383001627,1.0,0.7708610466742302,0.5966644883557798,0.2381935442730273,0.8681478499319432,0.6288179569185105,0.11437155267588119,0.522381204398579,0.9811517207058865,Гипертим,Гипертим_017,True,extreme,6,0.37504496973431894
0.876555898045921,0.9871064545422844,0.683659250460694,0.5378783672163541,0.21673313994626597,0.8660115774658391,0.8451813777555667,0.07469867481481508,0.5080884848686897,1.0,Гипертим,Гипертим_017,True,extreme,7,0.37504496973431894
0.904141661554472,0.9953748074688337,0.6705653890949577,0.5600913442081695,0.23166919979856457,0.8825158249876073,0.822306495055627,0.07081933946690358,0.4858465554945216,0.9877716578506697,Гипертим,Гипертим_017,False,extreme,0,0.37504496973431894
0.5149980296689852,0.5881336793193206,0.5152000691866094,0.4958627958439187,0.500714910236251,0.5570556080401279,0.5182638236283769,0.480903230298808,0.48956720987008745,0.4816816541467057,Гипертим,Гипертим_018,True,extreme,1,0.26068366427863504
0.507996643060516,0.6273301842515953,0.48241681461131486,0.5378574013558786,0.5187094383179798,0.5423009909199719,0.5023415331433728,0.44919652457375203,0.4850946310021891,0.6604124322148,Гипертим,Гипертим_018,True,extreme,2,0.26068366427863504
0.5544180265288843,0.6299152605042345,0.5786759300828946,0.5483575089476248,0.49595898447195075,0.5696421788823024,0.6418454330188881,0.19958892343862908,0.49058481209563487,0.8220218070228161,Гипертим,Гипертим_018,True,extreme,3,0.26068366427863504
0.6655595044882388,0.703572546819135,0.5682130792107878,0.536495607605687,0.40125739109822967,0.6197334990641642,0.7435783437208155,0.059949983669539554,0.5430149846595165,0.9447927894993833,Гипертим,Гипертим_018,True,extreme,4,0.26068366427863504
0.7979072741012203,0.9747571650737542,0.6976066288468399,0.5389483387350764,0.23717877017322098,0.8491444578357432,0.6210740039715664,0.1154944004354194,0.5341232804659513,0.9462512334564953,Гипертим,Гипертим_018,True,extreme,5,0.26068366427863504
0.7243395791685214,0.9955078622479683,0.6077497173807976,0.5492136366312576,0.18356295543454987,0.9209108351092106,0.9404551083000486,0.12770721017286996,0.5702204904315131,0.9468148695704677,Гипертим,Гипертим_018,True,extreme,6,0.26068366427863504
0.9486231459248068,0.9982474605020338,0.8774598765085472,0.5267761799196513,0.16640793787105776,0.9522481734525949,0.8168964987292369,0.12669873515809427,0.5536804389425779,0.9037469034870117,Гипертим,Гипертим_018,True,extreme,7,0.26068366427863504
0.9361177011685274,1.0,0.855297646234058,0.5230071730269592,0.1390246634575698,0.9464680088105354,0.8311151219469237,0.14254421282662694,0.5796778369124853,0.9198589996001573,Гипертим,Гипертим_018,False,extreme,0,0.26068366427863504
0.5071177256744341,0.5159116616440927,0.508123187616532,0.4947964091855912,0.45874308384240386,0.526529972175728,0.5151333597736516,0.4645507413105481,0.488864756366214,0.5260445526017699,Гипертим,Гипертим_019,True,extreme,1,0.2743239769947017
0.48682088271177026,0.6677186133788715,0.5119317412670015,0.5423449489637,0.45016055472938665,0.6162986242862426,0.5408833562736514,0.5340504170395767,0.5105955525423717,0.6016120854813897,Гипертим,Гипертим_019,True,extreme,2,0.2743239769947017
0.5366733011058689,0.6808101910665655,0.6289216050092294,0.5363264421406495,0.42220006982308916,0.610104978133407,0.7041134433133076,0.33581653028167696,0.5127745613509139,0.7855128292445587,Гипертим,Гипертим_019,True,extreme,3,0.2743239769947017
0.6247411922080827,0.7250394164098887,0.6777462899735496,0.5092123906980188,0.4614420369340368,0.6748163079434635,0.7427692555690999,0.2189346047485219,0.5274653498321,0.9628583186102009,Гипертим,Гипертим_019,True,extreme,4,0.2743239769947017
0.7042117290208187,1.0,0.7522279085132305,0.5428345613715815,0.181534563340983,0.9399292929137271,0.6970758756269578,0.20106720562042915,0.5073556336307209,0.9666185525864277,Гипертим,Гипертим_019,True,extreme,5,0.2743239769947017
0.6930269002041505,1.0,0.733632134388979,0.5406138426554172,0.19167087090927357,0.9815317461623491,0.7637292339460868,0.1815182809797436,0.4934649985486993,1.0,Гипертим,Гипертим_019,True,extreme,6,0.2743239769947017
0.8712884897266666,0.9879268517836397,0.9249467320652539,0.5284266944427339,0.1951615851821573,1.0,0.7330546387473346,0.12044901955868133,0.523007843393514,1.0,Гипертим,Гипертим_019,True,extreme,7,0.2743239769947017
0.899648121224007,0.9771651925039374,0.9211813190688134,0.5460507770726348,0.1732601261161228,1.0,0.7041340064772023,0.12092394233466164,0.5168817582383198,0.9775197574459592,Гипертим,Гипертим_019,False,extreme,0,0.2743239769947017
0.47879817774551336,0.5015738662956046,0.49855457036224715,0.5433221586086462,0.492092492505689,0.5652038138468601,0.5358238285497068,0.4821981838106148,0.49802586224605855,0.5545336130953594,Гипертим,Гипертим_020,True,extreme,1,0.5045556411223315
0.48574314847975864,0.6647816884708088,0.4885118251902884,0.5530461531892317,0.48640772204937655,0.6475475821181408,0.5530566555505482,0.506599213794984,0.49886582494986675,0.6223390849773771,Гипертим,Гипертим_020,True,extreme,2,0.5045556411223315
0.5278000169137991,0.72294105441419,0.6019575454326352,0.559561703664234,0.4969695801142203,0.6695226072286228,0.6747298698677238,0.39562205181681465,0.49512674755745445,0.7455084511238181,Гипертим,Гипертим_020,True,extreme,3,0.5045556411223315
0.5023728591781907,0.8144154221764746,0.554090757822968,0.607320800064537,0.38767885538560987,0.6973027704384652,0.7844674243831975,0.3882823330057339,0.5233296248033692,0.8132035958484082,Гипертим,Гипертим_020,True,extreme,4,0.5045556411223315
0.646926622981314,1.0,0.6752325982379073,0.6235092198682761,0.32845697715118966,0.8658699276375654,0.7973473511946887,0.4019220423723982,0.5501816649323917,0.8946968638843494,Гипертим,Гипертим_020,True,extreme,5,0.5045556411223315
0.5436878496034623,1.0,0.6447826867547117,0.5943193811858101,0.2535741985992698,0.9681701331086995,0.9877480174675062,0.34616875057894997,0.5466223494817881,0.9916958722564811,Гипертим,Гипертим_020,True,extreme,6,0.5045556411223315
0.795747827961306,1.0,0.9304940358560818,0.6076965007123563,0.23017578925482438,0.9769226943017066,0.8351254937709318,0.33490078372584,0.5022728230382459,0.9968459732189606,Гипертим,Гипертим_020,True,extreme,7,0.5045556411223315
0.7954503218311172,0.9888938395825377,0.9249381091665253,0.5784207973871146,0.2583462374142289,0.9714260224026929,0.8537770980150443,0.3553221710434109,0.49084863839183057,0.9922294046970214,Гипертим,Гипертим_020,False,extreme,0,0.5045556411223315
0.5071596092433003,0.5377220375988676,0.5320606090708961,0.46490832886345523,0.4992415266574633,0.5176228439595587,0.5290074539641743,0.4627574864145895,0.5079360458992662,0.5325030174300767,Гипертим,Гипертим_021,True,extreme,1,0.29165760564063
0.49381267556396435,0.6022597372911098,0.5641526784151688,0.5071444894147846,0.48444153493736186,0.5156583040435206,0.5424550984113087,0.4175919789426167,0.48935539318703203,0.7090076132342584,Гипертим,Гипертим_021,True,extreme,2,0.29165760564063
0.5424803527915146,0.5546214574951651,0.6788173684347765,0.5103901051930186,0.47194012209984154,0.5276109433856526,0.7110425580321086,0.18282199909517022,0.4838050321940804,0.9540295243261157,Гипертим,Гипертим_021,True,extreme,3,0.29165760564063
0.7188444085442443,0.5789763519954743,0.6368871333129192,0.4582705020536279,0.5046678758157963,0.5603635241214109,0.7036091238898335,0.1851914239807019,0.5368329618175928,0.9814364626134722,Гипертим,Гипертим_021,True,extreme,4,0.29165760564063
0.725813952025115,0.9970039156788002,0.633721380345033,0.483022116601329,0.2720581542765231,0.7666353595639991,0.7463583040967751,0.21365123158648294,0.5488744949482253,1.0,Гипертим,Гипертим_021,True,extreme,5,0.29165760564063
0.7798448356364911,1.0,0.722884749562751,0.5043647076876738,0.1960935750642133,0.853815014404124,0.7196242732587008,0.15139199869507974,0.5687134794626698,1.0,Гипертим,Гипертим_021,True,extreme,6,0.29165760564063
0.9283262350627962,0.9535004126874116,0.7292596112283316,0.4311202563330285,0.20707048243924056,0.8600261544162459,0.7853639503819712,0.19568735433759477,0.557652229559738,0.9934096252849123,Гипертим,Гипертим_021,True,extreme,7,0.29165760564063
0.9371481504619523,0.9800432671463116,0.7538568280857237,0.40225226953859256,0.19665693822346264,0.8798826984659732,0.7654559309085556,0.210141380900573,0.5334024875089455,1.0,Гипертим,Гипертим_021,False,extreme,0,0.29165760564063
0.5063736447111743,0.5112906895528828,0.5257608423728842,0.5100063848446902,0.45652054528642033,0.48246588331214535,0.536930557979425,0.4975060702892882,0.5022316260703222,0.5565847374195956,Гипертим,Гипертим_022,True,extreme,1,0.20111597101108597
0.5072197728168245,0.6297484203458718,0.5300002163513517,0.4735371615818597,0.47814133380973073,0.5316138570360603,0.5000311905188439,0.48057956256419176,0.5072659545456737,0.5652618080926023,Гипертим,Гипертим_022,True,extreme,2,0.20111597101108597
0.5604067066352486,0.6540416853255248,0.6178131904853134,0.4488952050607566,0.48285030026206777,0.5126203475619383,0.6591025668097357,0.2743263055557854,0.5046605203331744,0.750241962114938,Гипертим,Гипертим_022,True,extreme,3,0.20111597101108597
0.644326142853469,0.7155425439882918,0.6142032558537005,0.545707848307742,0.3806032739708974,0.5818030091451296,0.6995882977640503,0.131339392577894,0.4894627589388776,0.8622715640010533,Гипертим,Гипертим_022,True,extreme,4,0.20111597101108597
0.6676887420574174,0.950863764359748,0.5792320312618061,0.49935203439737025,0.21273184480417517,0.769666658542866,0.7069727157689782,0.1818422816275006,0.48468097173088914,0.9650976959141877,Гипертим,Гипертим_022,True,extreme,5,0.20111597101108597
0.7475712210420163,1.0,0.6986864062746819,0.47837912213387657,0.11815915315484009,0.8563520406318879,0.6888296438846134,0.08140243073685327,0.4543051501754154,1.0,Гипертим,Гипертим_022,True,extreme,6,0.20111597101108597
0.9941664580680513,1.0,0.8903984123929491,0.40894704841560114,0.08971148403895621,0.8403930279273647,0.6841627654543617,0.062208813886434,0.4705842998796062,1.0,Гипертим,Гипертим_022,True,extreme,7,0.20111597101108597
0.9697813608511308,1.0,0.8733073507893138,0.3819421580444291,0.09889651657167352,0.8637929644281315,0.6542176305214169,0.038705685998107045,0.4604924376295345,0.9934902662529309,Гипертим,Гипертим_022,False,extreme,0,0.20111597101108597
0.5497301083956642,0.5009943683938034,0.5384556316586567,0.4948419194007812,0.45049594937374365,0.5183200671461147,0.5008033479347939,0.5067003899435817,0.47736059964915223,0.5108772348962614,Гипертим,Гипертим_023,True,extreme,1,0.318168058243302
0.5801719261048033,0.5282849728741584,0.5610416583205275,0.48575469945609123,0.4510478422443585,0.5185175717385831,0.4895333212358863,0.4720685436890721,0.4811246107514914,0.6720553684264255,Гипертим,Гипертим_023,True,extreme,2,0.318168058243302
0.5977420122880069,0.538634292076198,0.5780815419449266,0.4702549643301122,0.3924075986799562,0.4943706395265278,0.6718894171019382,0.3417380024965331,0.5019604404256297,0.9668310506108923,Гипертим,Гипертим_023,True,extreme,3,0.318168058243302
0.6643095443117102,0.6342283699362855,0.5806021651111286,0.5796486761008076,0.2915758320624555,0.5560865269266168,0.7710215744235926,0.1933431686161059,0.5275084650586397,1.0,Гипертим,Гипертим_023,True,extreme,4,0.318168058243302
0.739484029627299,0.8805663735728954,0.6951155719719873,0.5426787397381645,0.13377434490000412,0.7167752157938655,0.7308898737720838,0.2150469016868493,0.4927839911736862,1.0,Гипертим,Гипертим_023,True,extreme,5,0.318168058243302
0.8373340035924833,0.9409890617405722,0.7882932525829447,0.5398926802541986,0.039042684054058405,0.806933166668258,0.7366305724801407,0.1555307252912603,0.4676305813358245,1.0,Гипертим,Гипертим_023,True,extreme,6,0.318168058243302
1.0,0.9346513863896414,0.9344669817792206,0.5418307975869772,0.033707490835924045,0.8027895795628782,0.6778893326460811,0.06355523992787968,0.45862847002098867,1.0,Гипертим,Гипертим_023,True,extreme,7,0.318168058243302
0.9986696420971035,0.9218411176104668,0.9640321612970284,0.5217831934714189,0.012094882351334914,0.8140330142551762,0.7035470922755935,0.0792407289366182,0.44594985606049165,0.9928468453711635,Гипертим,Гипертим_023,False,extreme,0,0.318168058243302
0.49197881683455935,0.5019225086783572,0.5425563135040872,0.4970093325722966,0.46861486894013893,0.5122983753453845,0.5637635899420809,0.4558681807432958,0.49884924476356185,0.5961766774314848,Гипертим,Гипертим_024,True,extreme,1,0.3649351622267425
0.533893689791346,0.5476114345903934,0.54765773576088,0.5534181729186194,0.46814651395009405,0.5975616462515766,0.5962830737247868,0.45092266388153524,0.5239931684100297,0.5959721794103061,Гипертим,Гипертим_024,True,extreme,2,0.3649351622267425
0.6211218359010051,0.5279551911103278,0.643897628128313,0.5480610264089841,0.46836982441227093,0.6012844394090767,0.7306911462425951,0.24112629713354078,0.5661950306069221,0.758064752912954,Гипертим,Гипертим_024,True,extreme,3,0.3649351622267425
0.6892294185866682,0.6206902934173922,0.5382555790879493,0.5380852582075544,0.43460026480041625,0.671946313118237,0.8544212682265537,0.1073224855027375,0.5942266035911576,0.9149028930108448,Гипертим,Гипертим_024,True,extreme,4,0.3649351622267425
0.7614613872264234,0.9432439638208172,0.6049110322641984,0.5428685110098904,0.2827682750952901,0.8311416382343252,0.8278059001787216,0.09362016734799812,0.5577141320682254,1.0,Гипертим,Гипертим_024,True,extreme,5,0.3649351622267425
0.8123470930317731,0.9134180914468432,0.6959382078581267,0.5418251586666226,0.2933669503158096,0.9560764653439995,0.8547059153882873,0.19347554022317465,0.5575326159026673,0.9216978632061604,Гипертим,Гипертим_024,True,extreme,6,0.3649351622267425
1.0,0.9030876337732208,0.9607109997392252,0.5319340158440035,0.29691594452200587,0.9635075431906679,0.7070286804355939,0.20066946277504466,0.573674116833928,0.9040187264890812,Гипертим,Гипертим_024,True,extreme,7,0.3649351622267425
0.9898289210061662,0.8966161880471852,0.9719796416549572,0.5141882787243632,0.27254204597139714,0.9568432687049139,0.7146489796740063,0.1919346110413371,0.5919896651948139,0.8872521813937075,Гипертим,Гипертим_024,False,extreme,0,0.3649351622267425
0.5114413309290672,0.5536165901062805,0.5201516252749298,0.516339471677622,0.49216603528522745,0.5525238575591936,0.5353532987916682,0.5051546621712673,0.5236413989682007,0.5102567524917612,Гипертим,Гипертим_025,True,extreme,1,0.32280758674657384
0.5010846416243188,0.6524095443153315,0.5241756588278139,0.5265136092072361,0.49534860544031956,0.5563541135016306,0.5273135365201684,0.44770591475372773,0.5087632244438159,0.6693912401271479,Гипертим,Гипертим_025,True,extreme,2,0.32280758674657384
0.5357762670444619,0.621250100776627,0.5828237892973749,0.5628864673886393,0.5000460759383746,0.5795955412907995,0.6993693550662781,0.18719797802104848,0.5151837287528127,0.8675986825380168,Гипертим,Гипертим_025,True,extreme,3,0.32280758674657384
0.647067197360167,0.7029031003845212,0.5288672268892503,0.6656721283029872,0.3804154275887571,0.6339871499904031,0.7465757531478209,0.07373907213984857,0.5317234688017297,0.9884160766195057,Гипертим,Гипертим_025,True,extreme,4,0.32280758674657384
0.7092758844441008,0.9909958734215143,0.5788643420445594,0.6059690137635115,0.16226213927713412,0.7425790423054015,0.6410074098438298,0.11473219873546528,0.515846507902778,1.0,Гипертим,Гипертим_025,True,extreme,5,0.32280758674657384
0.7716810035641422,1.0,0.7052636222711831,0.6083966275071233,0.10713400212640434,0.8467911888917916,0.6310277655092374,0.06100087637835708,0.5182286428875179,1.0,Гипертим,Гипертим_025,True,extreme,6,0.32280758674657384
0.9961544556966934,0.97327347250307,0.8766790052451163,0.5164986814425124,0.10679719958718278,0.804228803180281,0.5990589828149009,0.0775414078284308,0.4733939766420514,1.0,Гипертим,Гипертим_025,True,extreme,7,0.32280758674657384
1.0,0.9826384869751423,0.8468965923356693,0.5298881914575144,0.10614310195300988,0.7920822499469737,0.6258859091080912,0.05155080220516269,0.459919583391926,0.9998973530320141,Гипертим,Гипертим_025,False,extreme,0,0.32280758674657384
0.5119751530464002,0.48960130939249263,0.5550055830518016,0.5047723370180432,0.5484385454502764,0.48900355090232356,0.5516418648196044,0.4012783879748663,0.4755655876880893,0.5802956291370759,Гипертим,Гипертим_026,True,moderate_a0.6,1,0.3076291144943078
0.5008904309797038,0.5061385394255481,0.5581092711702913,0.5229536126726247,0.5627402817875369,0.4899933030006232,0.5523124828993445,0.35514684980636874,0.5112350982507828,0.6657352678712973,Гипертим,Гипертим_026,True,moderate_a0.6,2,0.3076291144943078
0.5287411450964065,0.5796015308962106,0.6838622372779899,0.4992716528533907,0.5207875551602543,0.524628434132633,0.6257628610901388,0.2271190204253194,0.5278258483580309,0.7595845495161572,Гипертим,Гипертим_026,True,moderate_a0.6,3,0.3076291144943078
0.5582758009870099,0.6734898942051909,0.5931651998714361,0.595772714374101,0.39734798002066585,0.5552802491608039,0.7617932910685339,0.24040699367271837,0.536079256385577,0.8365311836191752,Гипертим,Гипертим_026,True,moderate_a0.6,4,0.3076291144943078
0.5802215498134041,0.9579418465772844,0.7340835311631373,0.5492505413684222,0.23808246907104513,0.7187292072646674,0.6744651764751195,0.33079215974692744,0.5240373850998226,0.8902038223061414,Гипертим,Гипертим_026,True,moderate_a0.6,5,0.3076291144943078
0.5552340546844322,1.0,0.7276234009988617,0.5558775807653461,0.30009926377906965,0.7929323148867502,0.7367268093106606,0.34358937818650315,0.5397330474969809,0.9906935060731645,Гипертим,Гипертим_026,True,moderate_a0.6,6,0.3076291144943078
0.775516486084243,0.9753747289704106,0.8783498741324296,0.534297238500237,0.2909817146283893,0.8004933991823304,0.6722262747722162,0.32146662222202316,0.506661788240819,0.9618541621389833,Гипертим,Гипертим_026,True,moderate_a0.6,7,0.3076291144943078
0.769374601081666,0.96262034817277,0.8771914094552775,0.5080850686614248,0.29876330125785977,0.8289782491349912,0.6556269338096586,0.2932099678501986,0.48803678607126655,0.947562068518345,Гипертим,Гипертим_026,False,moderate_a0.6,0,0.3076291144943078
0.5275851752843609,0.5190624044975028,0.47177974949499435,0.5046666551671078,0.46636213743528737,0.5420080587781309,0.5039466047770356,0.4823973900942212,0.4861557542686294,0.571153886341114,Гипертим,Гипертим_027,True,moderate_a0.75,1,0.24793202602943779
0.5295739481920019,0.4838241732221495,0.48494529887304,0.5652729811096994,0.4293465044984287,0.5476027101524538,0.4992198834934528,0.44979632787513046,0.488966545908407,0.7500675875869888,Гипертим,Гипертим_027,True,moderate_a0.75,2,0.24793202602943779
0.5838416741837928,0.4897851273828176,0.5908155286252069,0.5898642673113221,0.4077013351049128,0.5956295166194677,0.6145294147558693,0.2113797732900131,0.4986925374630354,0.9478887775111666,Гипертим,Гипертим_027,True,moderate_a0.75,3,0.24793202602943779
0.6990158512790119,0.5973673346502244,0.5501349176251955,0.6023456055273505,0.4265187874850312,0.6653139085217897,0.6343300741824974,0.0709753572155559,0.4883174684364147,1.0,Гипертим,Гипертим_027,True,moderate_a0.75,4,0.24793202602943779
0.7652988174200046,0.8652719772983442,0.6694127275711235,0.649986795665235,0.24115007983887737,0.8491099778208243,0.5869660607058202,0.05159249452608876,0.4928571692853621,1.0,Гипертим,Гипертим_027,True,moderate_a0.75,5,0.24793202602943779
0.7245721312936209,0.8568033855786173,0.6769462631738429,0.6523228056631386,0.22369816009561488,0.9259615309620279,0.7817866392207211,0.16425740154720517,0.4867270833318691,0.8908378258781344,Гипертим,Гипертим_027,True,moderate_a0.75,6,0.24793202602943779
0.935342795234035,0.8356541886685456,0.8476450181609306,0.571874696849463,0.21284285883843665,0.9029860425284744,0.7539986594584754,0.16762738466338056,0.5145721600925078,0.9098342352265971,Гипертим,Гипертим_027,True,moderate_a0.75,7,0.24793202602943779
0.9581175362191772,0.8104904324748409,0.843431822603868,0.5693553690821929,0.21278504844364993,0.9051061633730557,0.7725189900684931,0.15827561116321062,0.4932155708742019,0.929765020478925,Гипертим,Гипертим_027,False,moderate_a0.75,0,0.24793202602943779
0.5042823825367727,0.5121027314515655,0.5631197900370069,0.5231851412922792,0.5253838991238309,0.5185866697061343,0.5110964969491288,0.3943420479856039,0.5141130499003944,0.6138361554677854,Гипертим,Гипертим_028,True,moderate_a0.85,1,0.2922655652887369
0.5319777141887604,0.6760878909717379,0.5622915762150416,0.5243739578337645,0.4944032416836567,0.6053757295992667,0.5193972271509669,0.43806476062369026,0.5078016647284455,0.6388285837621067,Гипертим,Гипертим_028,True,moderate_a0.85,2,0.2922655652887369
0.560487371829263,0.7534750752514044,0.6468558651839635,0.5208725482449816,0.5021962494418035,0.5846598660922672,0.6284389214386006,0.3260814371725127,0.4947776490684566,0.7338953578225133,Гипертим,Гипертим_028,True,moderate_a0.85,3,0.2922655652887369
0.6656581529797515,0.8333133699162447,0.6387527494513856,0.5852279626996291,0.4184324898571621,0.6709514754191682,0.681839693688395,0.22755148620531757,0.49065362561461956,0.8363059930934617,Гипертим,Гипертим_028,True,moderate_a0.85,4,0.2922655652887369
0.7283110402929737,1.0,0.7232860471941587,0.5841801617895747,0.18571524551572882,0.897113297684843,0.5885495963584568,0.22202712931567814,0.4801713586380987,0.8394043292338115,Гипертим,Гипертим_028,True,moderate_a0.85,5,0.2922655652887369
0.6683607315228017,1.0,0.7764826181706197,0.598814761011994,0.12337583914792012,1.0,0.768269938478729,0.16755065896694776,0.45666482562617655,0.9462384943556121,Гипертим,Гипертим_028,True,moderate_a0.85,6,0.2922655652887369
0.8374316962862567,0.9965611333080703,0.7851837504778618,0.5368522233725354,0.14657903800419675,0.9644394893111087,0.8493598950804696,0.1374212180131607,0.4284941000891729,0.9658436091757693,Гипертим,Гипертим_028,True,moderate_a0.85,7,0.2922655652887369
0.8237184724258789,0.9951588755872697,0.7761852490295996,0.558398495971981,0.16496695679255152,0.9460693483595339,0.839390554114445,0.1153638315648352,0.40744402720804507,0.9469977659966015,Гипертим,Гипертим_028,False,moderate_a0.85,0,0.2922655652887369
0.48207205737502273,0.5825324425156293,0.4909789209052017,0.5306354952639474,0.4218178875597677,0.5746716479116575,0.4892450353980805,0.5172307930698132,0.49621796341341073,0.5307877512393246,Гипертим,Гипертим_029,True,moderate_a0.6,1,0.42877210740147703
0.5010610349090059,0.7377834203550487,0.4720545657974889,0.5057372917739734,0.40203216451141427,0.6437234259874907,0.5231773079576075,0.533190359440661,0.48291238642126977,0.627158818426484,Гипертим,Гипертим_029,True,moderate_a0.6,2,0.42877210740147703
0.5537404699805244,0.7068065613655058,0.6353439335468762,0.4824078571947614,0.38122627934120795,0.6290297193934891,0.6353781773880957,0.4837767167010193,0.4520524950504926,0.7871818185793855,Гипертим,Гипертим_029,True,moderate_a0.6,3,0.42877210740147703
0.5770943909399702,0.7555157834027029,0.5710258862351023,0.4977559670959983,0.420396764383031,0.6756664993045041,0.6312116669742474,0.5861693143836114,0.5245951582497649,0.695188871888123,Гипертим,Гипертим_029,True,moderate_a0.6,4,0.42877210740147703
0.7393101445491965,0.8975974060758577,0.6906427579683962,0.4927053161682393,0.3175392500572368,0.8130686511678773,0.6007581566233775,0.6321570662412709,0.5417973814231549,0.7778925247486109,Гипертим,Гипертим_029,True,moderate_a0.6,5,0.42877210740147703
0.8158607153498504,0.9202540385538601,0.7887646349063339,0.4705818249873855,0.24990799507192868,0.8936543503256955,0.6026240614111652,0.5785936193843206,0.5375858669619504,0.8754481889482827,Гипертим,Гипертим_029,True,moderate_a0.6,6,0.42877210740147703
0.8178907032752232,0.8925780567703923,0.8675244072894637,0.562440886235781,0.26366914210673237,0.8620815402536672,0.6489046790317352,0.5215151567366808,0.5450968727387728,0.9600853599332536,Гипертим,Гипертим_029,True,moderate_a0.6,7,0.42877210740147703
0.8176833873730792,0.8919097255644353,0.8651973663017052,0.5636208912314121,0.26224359874845826,0.8540479744796836,0.6314806618531164,0.5388139366231945,0.5406055924536093,0.942602478759814,Гипертим,Гипертим_029,False,moderate_a0.6,0,0.42877210740147703
0.4817676897955706,0.5050719951595684,0.5681035216466338,0.5331786936812346,0.516745396314919,0.5230247294913661,0.5629129684766703,0.4502898295636058,0.5387582074922086,0.5996547543986567,Гипертим,Гипертим_030,True,moderate_a0.75,1,0.2491351120281531
0.4973594336077744,0.6228471073617866,0.5447189710136261,0.48643603065107,0.5189096147955842,0.5853516186070401,0.5373641140158145,0.4797175469106857,0.5438714916458861,0.6170993805582956,Гипертим,Гипертим_030,True,moderate_a0.75,2,0.2491351120281531
0.5144350704009455,0.5791920535047697,0.5414535008437028,0.46192698440773305,0.4407200248906209,0.6092406766664588,0.7448586587000032,0.3115132694824624,0.5428913203801595,0.8561512192819841,Гипертим,Гипертим_030,True,moderate_a0.75,3,0.2491351120281531
0.6876191888213591,0.5882438955601506,0.5296756404151347,0.5114954732284479,0.34398337435452164,0.5784189228512123,0.7003594913682025,0.3159812260421456,0.5874925813921699,0.9948692970666784,Гипертим,Гипертим_030,True,moderate_a0.75,4,0.2491351120281531
0.7223886738081732,0.8493701973842199,0.6550267620625025,0.4867079154062351,0.16296755417541453,0.7495415558316406,0.6512950902209537,0.3341824392111394,0.5833603316664554,1.0,Гипертим,Гипертим_030,True,moderate_a0.75,5,0.2491351120281531
0.7763231737202955,0.8924783207135419,0.7261571043558068,0.5562539713646669,0.1938696297404592,0.7728161775708219,0.5953862428415789,0.3047171558982684,0.5758341619269746,1.0,Гипертим,Гипертим_030,True,moderate_a0.75,6,0.2491351120281531
0.8758686612992498,0.8893547588863869,0.729173496074419,0.5519696118226272,0.2514283205473197,0.7929091404962127,0.6903341390053622,0.2102746675026632,0.5290077342136437,0.9809926005162136,Гипертим,Гипертим_030,True,moderate_a0.75,7,0.2491351120281531
0.9002237839242401,0.8787343876535025,0.7174603878974006,0.5522350669342397,0.26817179275811265,0.7688207157762995,0.6967416422919732,0.19169634867630064,0.5224887775411046,0.9728940842263558,Гипертим,Гипертим_030,False,moderate_a0.75,0,0.2491351120281531
0.5120105515270257,0.5655337384970202,0.5257319049423563,0.520140564349103,0.47308294120016503,0.5699987612323412,0.5495679312865528,0.4423580735800231,0.5075589001020053,0.5049805779301598,Гипертим,Гипертим_031,True,moderate_a0.85,1,0.4388719755003037
0.518023916168767,0.7310677525821254,0.5378372877717913,0.5313744042606626,0.48507762841768803,0.6384745774288353,0.5568899061430811,0.44931591955408756,0.5251083632291691,0.5884364443609027,Гипертим,Гипертим_031,True,moderate_a0.85,2,0.4388719755003037
0.517602616371174,0.7826155916348114,0.6217578907589125,0.550559811244331,0.4709968226901751,0.6107487508595022,0.6403773941208849,0.3349544727982553,0.5402605997601586,0.6928588688045564,Гипертим,Гипертим_031,True,moderate_a0.85,3,0.4388719755003037
0.595397488637663,0.861507587754716,0.6591967602765826,0.5915767122601313,0.34864766119547996,0.6684225793201267,0.7292506003762994,0.2156564116214688,0.4806376948836004,0.7878834773184916,Гипертим,Гипертим_031,True,moderate_a0.85,4,0.4388719755003037
0.6769136586926907,0.9864492563728201,0.7654379486577731,0.5991569534902056,0.19846571556171144,0.8827635691785279,0.623037340024213,0.231007931575443,0.5060196889919769,0.8935988115479363,Гипертим,Гипертим_031,True,moderate_a0.85,5,0.4388719755003037
0.5952468259894639,0.9916883104966896,0.7662984890133163,0.6127442386521071,0.16664938767715676,1.0,0.8319525823899527,0.34906555966272557,0.5370338976523511,0.8096122563783672,Гипертим,Гипертим_031,True,moderate_a0.85,6,0.4388719755003037
0.8434218470266691,0.9936863979611515,1.0,0.5852814576756477,0.1857201137756297,0.9818802477994377,0.6145670973872307,0.3701445798342552,0.5504365968002516,0.8197121192126928,Гипертим,Гипертим_031,True,moderate_a0.85,7,0.4388719755003037
0.828078283381159,0.9821638622079495,0.9925724762645693,0.5806701327570845,0.18752680978807956,1.0,0.6370588296938086,0.37958069168326913,0.535818619181402,0.8383892520028745,Гипертим,Гипертим_031,False,moderate_a0.85,0,0.4388719755003037
0.5007775036732597,0.5123373981727385,0.5025981812351047,0.4767562642382718,0.4974225922245213,0.5015793936937305,0.5497151283882707,0.450549669711496,0.5207347212047511,0.5832005468667647,Гипертим,Гипертим_032,True,moderate_a0.6,1,0.33254231621248476
0.4619616449693426,0.6696394140076434,0.5186913101481565,0.44927373864588366,0.49535147048591777,0.5571289800890231,0.5591152163005468,0.48326987346371186,0.5317723986720064,0.6541834034470664,Гипертим,Гипертим_032,True,moderate_a0.6,2,0.33254231621248476
0.5332060740035207,0.6766440134736598,0.7254813627955523,0.43181043791296897,0.46807471599655737,0.5419522954500705,0.5465602647804448,0.4694283468923685,0.5551264692325076,0.6789767152395401,Гипертим,Гипертим_032,True,moderate_a0.6,3,0.33254231621248476
0.6713650524953518,0.7285915346602966,0.7036381959081968,0.5439848161312656,0.38909025094726074,0.5929525007423231,0.6164067700746177,0.3188362123059874,0.5367827749084354,0.7902630114659549,Гипертим,Гипертим_032,True,moderate_a0.6,4,0.33254231621248476
0.7452620719865847,1.0,0.7183244959110049,0.5214067500391845,0.2450600643168457,0.8025279155563947,0.6399811990561113,0.3961724229588991,0.5419497249652264,0.8866913372663545,Гипертим,Гипертим_032,True,moderate_a0.6,5,0.33254231621248476
0.8316610108976323,0.9804294874766055,0.753664943068478,0.5735775381401115,0.2684915523452902,0.8369280694303467,0.6751764359320098,0.42177102535361,0.5458793718483564,0.8847167917075918,Гипертим,Гипертим_032,True,moderate_a0.6,6,0.33254231621248476
0.865113892208681,1.0,0.7645757254953321,0.5527921739346792,0.3280208710740765,0.8280034893888524,0.7713994262432513,0.3550973412147576,0.5332321698681545,0.8822510372741306,Гипертим,Гипертим_032,True,moderate_a0.6,7,0.33254231621248476
0.885107889093864,1.0,0.7859582209523158,0.5660908463751668,0.3175330250563165,0.8033340432092202,0.7416307429514919,0.34166370918404415,0.518317900505581,0.8758834794435519,Гипертим,Гипертим_032,False,moderate_a0.6,0,0.33254231621248476
0.4873790014297927,0.533496544492488,0.4726254455401298,0.5190285615078994,0.47232430945699266,0.5381388194911149,0.5161919505997549,0.49610996283860076,0.5033697523341252,0.5380696796751604,Гипертим,Гипертим_033,True,moderate_a0.75,1,0.24514767666775406
0.4909691244642952,0.7188821513320137,0.4637618052330924,0.5439505697374175,0.4731558038731954,0.6310619032336107,0.501317467741576,0.5244593977391899,0.4996337754409253,0.5909829780898417,Гипертим,Гипертим_033,True,moderate_a0.75,2,0.24514767666775406
0.5134166804927138,0.7905771395399609,0.594241170243179,0.5117678111626754,0.4565432026598024,0.6295850021526855,0.6014736439424139,0.40469753036090844,0.5002820178295246,0.7583292679548288,Гипертим,Гипертим_033,True,moderate_a0.75,3,0.24514767666775406
0.6056352150360294,0.8261437528742683,0.544538088434346,0.47727200689941435,0.4118049571672158,0.680663595177719,0.7153199597126056,0.3078110569447674,0.5693586864667057,0.8549533757664938,Гипертим,Гипертим_033,True,moderate_a0.75,4,0.24514767666775406
0.6827169430296677,0.9932931837452855,0.6446523910431177,0.44317956353207133,0.3115617718415624,0.7648388146173556,0.6766991798386516,0.2927026765290752,0.5621124524499278,1.0,Гипертим,Гипертим_033,True,moderate_a0.75,5,0.24514767666775406
0.7565069111092707,1.0,0.7717085486238616,0.45252628290853847,0.22082294249546353,0.829048807434315,0.6488945563389944,0.20079102487511025,0.5544466326685998,1.0,Гипертим,Гипертим_033,True,moderate_a0.75,6,0.24514767666775406
0.9279128011608135,0.9953836783910601,0.882291289202458,0.4400263347491067,0.22590078037997463,0.8531735103994158,0.5618283979216052,0.2019303405646577,0.5638956519753144,0.9792443303957964,Гипертим,Гипертим_033,True,moderate_a0.75,7,0.24514767666775406
0.9296612593004588,0.9834653886923108,0.877469641492563,0.4582867528654165,0.22169389649689542,0.863071727651641,0.5724474109401655,0.20975801066419547,0.5889774722543241,0.9544740394946651,Гипертим,Гипертим_033,False,moderate_a0.75,0,0.24514767666775406
0.48844741029629263,0.4966753204635554,0.5025866979933742,0.5202107976464809,0.46261437775005465,0.494799766461929,0.5312316117106027,0.45468639945831274,0.4663638098584892,0.5359692311233819,Гипертим,Гипертим_034,True,moderate_a0.85,1,0.2202783545029433
0.49656844864057825,0.5091598908576679,0.48514209351961274,0.5157465136887607,0.48662966543321506,0.5160634879081394,0.5171238628011835,0.45542619848787286,0.48787446782928673,0.6405917155608355,Гипертим,Гипертим_034,True,moderate_a0.85,2,0.2202783545029433
0.5316163935931414,0.5634730921314108,0.5311518704909619,0.526354070428236,0.46373302691332624,0.5079609292301983,0.6372563564724547,0.2695894300442316,0.4977228877614947,0.7309843156667741,Гипертим,Гипертим_034,True,moderate_a0.85,3,0.2202783545029433
0.6686953037388784,0.6432472320480008,0.4761064870755326,0.5584761553643545,0.43326010490692507,0.5584299822997301,0.6574883428059765,0.3157885432208203,0.5726644714802273,0.8008021434839193,Гипертим,Гипертим_034,True,moderate_a0.85,4,0.2202783545029433
0.7429031405136225,0.8977098114321597,0.5962371495240244,0.5374159661919894,0.2386322742880312,0.7270648556508889,0.5476470645611698,0.3562989535236561,0.5787063450242477,0.9210814714063961,Гипертим,Гипертим_034,True,moderate_a0.85,5,0.2202783545029433
0.8309929631377208,0.930186434809441,0.7105200089925912,0.5312736347410835,0.19581617238854238,0.8623290223368235,0.5809461759650555,0.2599671835343401,0.5663070877884181,0.9999539004417579,Гипертим,Гипертим_034,True,moderate_a0.85,6,0.2202783545029433
1.0,0.9090273294735572,0.7627674788335486,0.46174147665857695,0.20713311797602865,0.8650457661360911,0.6581582687762133,0.19401817875542354,0.5923722409597263,1.0,Гипертим,Гипертим_034,True,moderate_a0.85,7,0.2202783545029433
1.0,0.9324998085281786,0.7408133351461474,0.45047729102616463,0.18148860116424229,0.8364801017328372,0.6514899594869158,0.19351456743472928,0.5950330903318257,0.989166972184219,Гипертим,Гипертим_034,False,moderate_a0.85,0,0.2202783545029433
0.5392812249637342,0.5758180426445527,0.5499070759910609,0.4769261618556847,0.4720249263833459,0.5080686905630739,0.5067315482158405,0.49045480518490037,0.5037371304276052,0.5462805803091232,Гипертим,Гипертим_035,True,moderate_a0.6,1,0.5290649626420543
0.5094483839302864,0.73629206836158,0.5261948928932025,0.48285303003481084,0.46601711819614133,0.5551910080544036,0.4691327333235478,0.5031127708982629,0.5196989438074169,0.6199567494105456,Гипертим,Гипертим_035,True,moderate_a0.6,2,0.5290649626420543
0.5503547686013702,0.7163784983579954,0.6499912750338178,0.4597772008997183,0.4843264550675873,0.5758454746115697,0.6227431651216621,0.25767423073941875,0.519941502443603,0.8144150664003543,Гипертим,Гипертим_035,True,moderate_a0.6,3,0.5290649626420543
0.6263396471118517,0.7877770752373752,0.647215102414325,0.5707654637998557,0.37758007297462637,0.6357836449937879,0.70936554268127,0.13704393990541383,0.5036217136096823,0.901960132030415,Гипертим,Гипертим_035,True,moderate_a0.6,4,0.5290649626420543
0.773435719713325,0.9047785353421248,0.7550763623719052,0.5917619289453566,0.2789527656726153,0.7399038000647814,0.6343547262893524,0.16400619593006205,0.5165942773822461,0.9565816590573721,Гипертим,Гипертим_035,True,moderate_a0.6,5,0.5290649626420543
0.7370414420453577,0.9226746340698011,0.7481419195157871,0.6629472169759247,0.44880251037721,0.7174086095309514,0.8007029381008155,0.2546555982496008,0.5269802298419661,0.820606904430783,Гипертим,Гипертим_035,True,moderate_a0.6,6,0.5290649626420543
1.0,0.9093421939356513,1.0,0.6896244825093121,0.46181428436419786,0.7096145606980498,0.6678796714723185,0.279502978954203,0.5336934286912864,0.8485016863004821,Гипертим,Гипертим_035,True,moderate_a0.6,7,0.5290649626420543
1.0,0.9218221970893439,1.0,0.6975242497384374,0.4804197311193993,0.7272724251502682,0.6390991878885072,0.28251141732596513,0.5423816951727419,0.8198961666729978,Гипертим,Гипертим_035,False,moderate_a0.6,0,0.5290649626420543
0.4881401708657402,0.5231458836487813,0.5260021589629669,0.5067709805366047,0.4873681122679336,0.5302390598204831,0.5349420625634692,0.4565934514070989,0.4550932233154682,0.560424914241529,Гипертим,Гипертим_036,True,mixed,1,0.3742722795918858
0.4679551437452385,0.6951406666587705,0.5357629159483067,0.5026350050265692,0.4653800936723478,0.6115625389958416,0.5492294184037843,0.49542788163542684,0.4300422386246625,0.6536221959334974,Гипертим,Гипертим_036,True,mixed,2,0.3742722795918858
0.4915322741578278,0.7274530115215375,0.6324559174613767,0.5332126045693774,0.46114349754927964,0.6332769543604256,0.7082831166066953,0.23286803958540053,0.4316572806913762,0.8692413552010367,Гипертим,Гипертим_036,True,mixed,3,0.3742722795918858
0.635140658531594,0.8155056663394253,0.5973547119152359,0.6352765317066214,0.38121510546900905,0.6959853304974161,0.6782083271834173,0.29127842662283115,0.46789282836353957,0.9107400854078471,Гипертим,Гипертим_036,True,mixed,4,0.3742722795918858
0.713547383763546,1.0,0.5839783393684562,0.6551024198481911,0.2389595228541889,0.8855838253151346,0.7152270862812332,0.3767386764672069,0.4640622262240789,0.9950356515979395,Гипертим,Гипертим_036,True,mixed,5,0.3742722795918858
0.5960042545962424,1.0,0.5928832184683247,0.680286697980152,0.13506265238405163,0.9480754587694297,0.914433800079457,0.30447615876257333,0.45940488209438224,1.0,Гипертим,Гипертим_036,True,mixed,6,0.3742722795918858
0.6507375249690935,0.9847693603847337,0.5949943873933161,0.6577522368483534,0.15526832510653682,0.97221525715664,1.0,0.28565640830643074,0.478212128664372,0.9760918728531177,Гипертим,Гипертим_036,True,mixed,7,0.3742722795918858
0.6419542101193733,1.0,0.6050834137374786,0.6422104138918664,0.15430977447938454,0.9967605716597646,0.9915687685391399,0.27042061587523597,0.4967593040806866,0.9977071807731807,Гипертим,Гипертим_036,False,mixed,0,0.3742722795918858
0.4751261072389786,0.5092809434115209,0.5271506216080655,0.5002879124678498,0.5018716040705561,0.5355186520952855,0.4996201607440958,0.42843978783714276,0.48190028427090836,0.5696097086018419,Гипертим,Гипертим_037,True,mixed,1,0.18765871573950185
0.5005862903214954,0.6466046359571422,0.5331404131717307,0.47642075851639154,0.4628953523589751,0.5922590810670705,0.4949422447014889,0.43340628790126334,0.45357464904918776,0.5948408118426707,Гипертим,Гипертим_037,True,mixed,2,0.18765871573950185
0.5651376796382523,0.6376426143008124,0.6057502053305733,0.45500482430651357,0.45931529681834815,0.6054912907351918,0.6597450745280729,0.19057583698827119,0.47755909133578167,0.7699727792519188,Гипертим,Гипертим_037,True,mixed,3,0.18765871573950185
0.7174550993629634,0.6824780082976198,0.6578927097292879,0.469290366508281,0.4913675720408376,0.6257112301759478,0.6030262353569169,0.2130577642000258,0.453229062667992,0.8767062047477105,Гипертим,Гипертим_037,True,mixed,4,0.18765871573950185
0.8520134910216789,0.869028677535652,0.7893197731355739,0.4861532807567712,0.4178620814547539,0.7589422076947197,0.5593051526036078,0.24485797161649422,0.462924376405711,0.9409705318571284,Гипертим,Гипертим_037,True,mixed,5,0.18765871573950185
0.9429873961013896,0.8812649240472512,0.8274848325116682,0.5154633130276672,0.3452879654400812,0.9001270280343578,0.6772365058199383,0.27662285409676124,0.4971376225592794,0.9076033727293608,Гипертим,Гипертим_037,True,mixed,6,0.18765871573950185
1.0,0.8912222858529963,0.8929678345870291,0.5839580828662638,0.39476029753065117,0.8942914781238542,0.6854094690837859,0.27641614462899333,0.5026201440523227,0.9376459412314366,Гипертим,Гипертим_037,True,mixed,7,0.18765871573950185
1.0,0.8805200283605575,0.8794189927484022,0.5628390201224559,0.37145118886934353,0.8702684267971336,0.6876906513973079,0.2537733033301693,0.4802279441992662,0.9399396705240305,Гипертим,Гипертим_037,False,mixed,0,0.18765871573950185
0.5152772478201743,0.5435660806987159,0.5299565622319401,0.5445165193157647,0.4634310904307633,0.5408090566834727,0.5511131840662524,0.4639608627259575,0.4995551779043383,0.5808652461124989,Гипертим,Гипертим_038,True,mixed,1,0.30144113267750916
0.525483264454121,0.5944209004160921,0.5074695352523909,0.550092244665857,0.4568759678851029,0.4867368811305938,0.5259465879657617,0.37291077662330224,0.5359251978426597,0.7649203454469524,Гипертим,Гипертим_038,True,mixed,2,0.30144113267750916
0.5035249262867761,0.6643020585810173,0.5299732539464195,0.5628870506117135,0.42827016756728276,0.4529530790360338,0.7123970248854372,0.33971406879495036,0.5109513583856328,1.0,Гипертим,Гипертим_038,True,mixed,3,0.30144113267750916
0.6749867014323666,0.7506082607650981,0.518088663370622,0.5377837041768261,0.4313005312606487,0.5034361748490322,0.642468160071566,0.335669135984838,0.5088253801107108,1.0,Гипертим,Гипертим_038,True,mixed,4,0.30144113267750916
0.7816367529195012,1.0,0.5311478200358084,0.5336851349786331,0.18956022203828393,0.7233516799739583,0.6398602545528389,0.3709243829111175,0.4990263624787926,0.9837035238211507,Гипертим,Гипертим_038,True,mixed,5,0.30144113267750916
0.7519479344346403,1.0,0.5417165945192891,0.5200621396800542,0.233235987463079,0.7552244629544004,0.6991113879600424,0.39516673680547426,0.49026802427439237,1.0,Гипертим,Гипертим_038,True,mixed,6,0.30144113267750916
0.8070367381779677,1.0,0.6549121331472658,0.5782317836236697,0.29039861148944746,0.7886725065043069,0.7038983055363047,0.35406393085698795,0.500015371315112,0.9643532688884862,Гипертим,Гипертим_038,True,mixed,7,0.30144113267750916
0.8152329592159654,0.9840960927151472,0.6689519919234219,0.5602489743994241,0.2650682087651689,0.8077854367278412,0.7322826425012972,0.3312304356457137,0.4986965902381391,0.9546465115461316,Гипертим,Гипертим_038,False,mixed,0,0.30144113267750916
0.4770052948121527,0.5105466327867726,0.5014227688135487,0.4610626221296056,0.518631094449767,0.49681684252761393,0.5574219805690765,0.4323986591789356,0.48755597766732023,0.5931741770057284,Гипертим,Гипертим_039,True,mixed,1,0.2866366424945754
0.5096361710797295,0.6193574614294264,0.512667196286483,0.4289247872635936,0.5240302488209977,0.5638569433907982,0.5701244516914157,0.4589671304583016,0.49652221074527136,0.6042547148823492,Гипертим,Гипертим_039,True,mixed,2,0.2866366424945754
0.5338807418225834,0.5841313148763264,0.6506023428182224,0.43251671460019403,0.4654688157336369,0.5728467916028366,0.7146016819148262,0.39115859974072587,0.4695238693006099,0.7262047889061028,Гипертим,Гипертим_039,True,mixed,3,0.2866366424945754
0.5848181997981666,0.6740802298675593,0.6905274155216997,0.4804945411932103,0.4540411122264506,0.595555322431854,0.6849093413909998,0.3692484184042921,0.5189027049750072,0.8756718016716963,Гипертим,Гипертим_039,True,mixed,4,0.2866366424945754
0.6065989855783017,0.8651239940673022,0.7025758966260792,0.4366023431750673,0.4461810097348151,0.7128798659835897,0.6878186826745666,0.3835647325770965,0.5211757449710144,1.0,Гипертим,Гипертим_039,True,mixed,5,0.2866366424945754
0.6514332431216483,0.8384292054235206,0.6980399108193317,0.5015485805620442,0.510140574900551,0.7201701633442694,0.7177379238105631,0.365623810062526,0.5237702324926647,0.939341736465064,Гипертим,Гипертим_039,True,mixed,6,0.2866366424945754
0.805905703052977,0.8499795681386509,0.7042053719152057,0.42865191908258576,0.5457146005449712,0.7325581396883012,0.8167289469012735,0.3693794677753393,0.5242713551717612,0.9443194532051606,Гипертим,Гипертим_039,True,mixed,7,0.2866366424945754
0.7803600113707002,0.877049611248456,0.7136867683737618,0.4304087651825351,0.5468365724742421,0.7116759009201198,0.7951823184576464,0.3622474964216161,0.5527328001079538,0.9452972533955782,Гипертим,Гипертим_039,False,mixed,0,0.2866366424945754
0.5602918665717975,0.5236898473261763,0.5091036420654873,0.46909988566594313,0.5111575438709506,0.5225658389672792,0.51261662247419,0.48552882648541323,0.5132591310399046,0.5033776754107177,Возбудимый,Возбудимый_000,True,extreme,1,0.5916975047566562
0.5027004872254004,0.4476273410410241,0.5090221091178101,0.5538822024649024,0.5268974097271666,0.5522743892892455,0.5378308939163082,0.5134796620659414,0.48655349234525613,0.6098068057822144,Возбудимый,Возбудимый_000,True,extreme,2,0.5916975047566562
0.5037647015546931,0.5714454840473531,0.4064995537693011,0.5547568409837346,0.5050921469450496,0.5522339861533376,0.6404943126393486,0.5097351279899485,0.5270583807144471,0.6461560952009494,Возбудимый,Возбудимый_000,True,extreme,3,0.5916975047566562
0.49834425525145204,0.6495534896051819,0.2780264833193162,0.5680797015653931,0.4165345276497618,0.6323672427161822,0.8421570689954617,0.4721693235042378,0.6450881617823715,0.6878943882125022,Возбудимый,Возбудимый_000,True,extreme,4,0.5916975047566562
0.4588664052011673,0.9920204832596241,0.31503202837026384,0.5373591718447971,0.26972247263897464,0.757423245330124,0.8485077609673437,0.5014492203800704,0.6739928656098235,0.6858212092498576,Возбудимый,Возбудимый_000,True,extreme,5,0.5916975047566562
0.41941136271739143,0.9993557175641855,0.31579815083584917,0.5503324585571225,0.25893686718537023,0.8521695470930138,1.0,0.6209718535591425,0.6707003345167275,0.6330147797616419,Возбудимый,Возбудимый_000,True,extreme,6,0.5916975047566562
0.349654010787812,0.9896453457673129,0.24928698409852917,0.6575724612172044,0.3361893102302912,0.8630243462469546,1.0,0.5857432480869945,0.6687028501547118,0.5931055890631973,Возбудимый,Возбудимый_000,True,extreme,7,0.5916975047566562
0.3371271962798088,0.9725722619242099,0.2756572208545061,0.6687629046271802,0.3112753086124484,0.8448621962847728,1.0,0.5985219670011794,0.6585243831930593,0.5894771626931691,Возбудимый,Возбудимый_000,False,extreme,0,0.5916975047566562
0.5123495704950621,0.5437303640329058,0.46763457618116455,0.4843858237380372,0.4914291620738699,0.5264947645893081,0.5368727311349164,0.5082165052834259,0.4842100688895681,0.49716498992005687,Возбудимый,Возбудимый_001,True,extreme,1,0.6509393705298947
0.4830873924637391,0.6035165137676306,0.4644447273980069,0.45541487944216025,0.48557077379303243,0.5828430724648127,0.5251082697949451,0.6423134722362701,0.501836713613608,0.477564711750919,Возбудимый,Возбудимый_001,True,extreme,2,0.6509393705298947
0.4387959497801444,0.7792738682256267,0.41235833695072033,0.4750921424624562,0.4333193559430563,0.5844706704463224,0.6502818627415906,0.7208288390050411,0.5008451924860758,0.5668867188868268,Возбудимый,Возбудимый_001,True,extreme,3,0.6509393705298947
0.3660946807659062,0.8349894486286981,0.29680892239862344,0.5729778601838584,0.3937529404969051,0.5967774341076372,0.8070235917847243,0.7853564796860348,0.6218952187523992,0.55842564285237,Возбудимый,Возбудимый_001,True,extreme,4,0.6509393705298947
0.4119416113907086,1.0,0.33748535514817757,0.5793216208938397,0.2708805549552973,0.7892691335235349,0.860034812251227,0.7951996709958544,0.5711155761729815,0.7559520038368905,Возбудимый,Возбудимый_001,True,extreme,5,0.6509393705298947
0.3254930290544899,0.9900920336030855,0.26196909245930305,0.5850482254129012,0.20799647160687124,0.9060459290936401,1.0,0.8108423183597248,0.5424854945203723,0.740014782252518,Возбудимый,Возбудимый_001,True,extreme,6,0.6509393705298947
0.2516677540774462,0.9850617011780328,0.28698791906182447,0.7093854812432334,0.2993434975217797,0.8660677010518376,0.9805351396067212,0.751765651694215,0.5741909781652699,0.7571652500651141,Возбудимый,Возбудимый_001,True,extreme,7,0.6509393705298947
0.27379746042449044,1.0,0.30309223169854765,0.7100729349960678,0.26975910880332526,0.8509134346944385,0.9505628679849782,0.7774301823269123,0.5715548555532463,0.7363918302734253,Возбудимый,Возбудимый_001,False,extreme,0,0.6509393705298947
0.5325236050721952,0.5681543912265264,0.43815048301561554,0.46113777151793406,0.5544336401077643,0.5441469255518555,0.4827534812029453,0.5519826820746574,0.49097714592428665,0.49258327401584723,Возбудимый,Возбудимый_002,True,extreme,1,0.7771050012963434
0.4562236113446251,0.6555221255889668,0.4573476334262041,0.4468999993857689,0.5545005620786225,0.6081656047154729,0.5059633382285478,0.6174673811676085,0.45972880053906695,0.4902741207493333,Возбудимый,Возбудимый_002,True,extreme,2,0.7771050012963434
0.43285552478325684,0.7164355946633261,0.4780019048893168,0.4296444148642805,0.5154179799026161,0.6033148847517331,0.629873579259814,0.5601300608163742,0.42327612867022857,0.7093968831892009,Возбудимый,Возбудимый_002,True,extreme,3,0.7771050012963434
0.36903519769345167,0.7635189759231952,0.4674579955792782,0.5322717475309525,0.5087496217282177,0.6700340131728969,0.6517045743359517,0.5487729671266947,0.5070509164561632,0.6348563972428884,Возбудимый,Возбудимый_002,True,extreme,4,0.7771050012963434
0.32591962417901965,1.0,0.4601615256507349,0.5002833893128298,0.28304846968643527,0.8500277796717903,0.6735968137580642,0.5805428564017124,0.4833994955191216,0.7467675669163333,Возбудимый,Возбудимый_002,True,extreme,5,0.7771050012963434
0.24863682864760644,1.0,0.4388401150816974,0.5990672585889698,0.3987839424466752,0.8225795583453616,0.8089106948554744,0.6809597294803351,0.48509200267620955,0.6334560876515039,Возбудимый,Возбудимый_002,True,extreme,6,0.7771050012963434
0.16024200857280252,0.9795543507909119,0.2784656701336935,0.6969939409866032,0.3926865902240396,0.7970420635813507,0.9007286159490405,0.7145186968891263,0.4693015249578306,0.651512837521172,Возбудимый,Возбудимый_002,True,extreme,7,0.7771050012963434
0.1368778008254953,0.9970344726063689,0.25660871215945286,0.709042268244224,0.4102338240631733,0.7781259631015458,0.9019758491524505,0.7359759143285228,0.45765575416948073,0.626125280075153,Возбудимый,Возбудимый_002,False,extreme,0,0.7771050012963434
0.5158320104031641,0.5340001668140917,0.514718887022854,0.5138111894796342,0.45280356482933337,0.5590964124725639,0.5530091408972784,0.5077471609284617,0.492214307286921,0.49248678766091014,Возбудимый,Возбудимый_003,True,extreme,1,0.469798091586657
0.4846127381123392,0.6334886707489082,0.5304775069216308,0.4950424024690486,0.46597506507070924,0.6667048877642364,0.5540009006872405,0.5772304316771344,0.471563572127024,0.46993578581415363,Возбудимый,Возбудимый_003,True,extreme,2,0.469798091586657
0.4583320183637024,0.8305982669810479,0.39774437296156084,0.5199904095089387,0.41919175686380494,0.6384933753838549,0.6533000691922901,0.7048047113740001,0.49331404600538226,0.48018079342723324,Возбудимый,Возбудимый_003,True,extreme,3,0.469798091586657
0.3867067185315576,0.8887295489339416,0.28039009739951176,0.5825242066836095,0.3379231323643997,0.7020117671513547,0.7591237384539692,0.7741097624358912,0.5962923956963057,0.46317306596819485,Возбудимый,Возбудимый_003,True,extreme,4,0.469798091586657
0.3432460311465233,0.9874644175294378,0.24179204297701018,0.5683872693973794,0.21174518013728225,0.9250449997240949,0.7841724650364095,0.8051641861944221,0.5953974808443125,0.6102744344874428,Возбудимый,Возбудимый_003,True,extreme,5,0.469798091586657
0.282024432762405,0.953691904068015,0.18953210287722944,0.5195394885935856,0.1544545479030259,0.9926797738534997,1.0,0.8208791966513102,0.6126822642297124,0.6284559865520879,Возбудимый,Возбудимый_003,True,extreme,6,0.469798091586657
0.1887735414502475,0.9673876358077159,0.05404237503996143,0.5766945459624038,0.14929375899850966,0.985079962197648,1.0,0.854736259063714,0.6260092020769299,0.6439374601619708,Возбудимый,Возбудимый_003,True,extreme,7,0.469798091586657
0.17108867422849194,0.9410806332589526,0.03916291195763382,0.5742197990857583,0.15236676947785943,1.0,0.9853806961961334,0.8260815919497569,0.6315607892781713,0.6554191456456487,Возбудимый,Возбудимый_003,False,extreme,0,0.469798091586657
0.4684012555734616,0.48922636388663127,0.48523687786797803,0.5349017725439048,0.4771456931663311,0.5444505830325871,0.5879882294290323,0.45538328698846214,0.4961975209824825,0.5699371751247212,Возбудимый,Возбудимый_004,True,extreme,1,0.6102988689759116
0.352185338927411,0.5425677214765714,0.4500585886790459,0.5664135592211034,0.5259325940039382,0.5942277554062217,0.593538522105688,0.5040937506146813,0.47588971641612426,0.5505064659524912,Возбудимый,Возбудимый_004,True,extreme,2,0.6102988689759116
0.3095984616385344,0.6908886763750697,0.3121580412869719,0.5443159256605246,0.5292562151280079,0.5898512300421177,0.6664992883335389,0.6264518855123159,0.48154001686091646,0.544665109973807,Возбудимый,Возбудимый_004,True,extreme,3,0.6102988689759116
0.22628397698060096,0.7411005499366359,0.21976463138835023,0.6984367597966206,0.3912052275056532,0.6408449261697537,0.7143826352513063,0.6959748092050027,0.5049609769585558,0.5093026177397929,Возбудимый,Возбудимый_004,True,extreme,4,0.6102988689759116
0.24430076291678726,1.0,0.21906522498221428,0.6546763318160241,0.21569503116214697,0.8618734468573022,0.7012899672113866,0.733963641392671,0.4954180178186184,0.612781172440515,Возбудимый,Возбудимый_004,True,extreme,5,0.6102988689759116
0.19337338887646002,0.9858013212211951,0.13747655808235726,0.6072499283041868,0.12911139524929702,0.926820736617339,0.9715388271775227,0.7617262965365151,0.4880335047343047,0.6408575864449975,Возбудимый,Возбудимый_004,True,extreme,6,0.6102988689759116
0.14731395688778426,0.9802252849612202,0.0,0.6683372363513005,0.12840537477493616,0.9237306720345613,1.0,0.7598485067719545,0.4638326414020258,0.6561676852558858,Возбудимый,Возбудимый_004,True,extreme,7,0.6102988689759116
0.14042155979263257,0.965696092882242,0.02787427168718898,0.6391936593814908,0.14515345661559023,0.9007519230309421,1.0,0.7681397371362274,0.4545038519503506,0.6787890271045642,Возбудимый,Возбудимый_004,False,extreme,0,0.6102988689759116
0.5145813278952464,0.5276221322470648,0.4933483075034065,0.47797925356454907,0.4663997926456897,0.6039587344171125,0.505767353718819,0.4807325581873681,0.5411976743660035,0.4582751151951102,Возбудимый,Возбудимый_005,True,extreme,1,0.4427371712507936
0.44874835128983687,0.6065344564408818,0.5245431809132443,0.5322009364386863,0.4776331309841438,0.6760891344574551,0.48300432478337024,0.5740716266354456,0.5637659749297096,0.45673540128213275,Возбудимый,Возбудимый_005,True,extreme,2,0.4427371712507936
0.45216653709600785,0.7001837131589723,0.39389868761981417,0.5351251172786003,0.465852400371669,0.6745378848852498,0.596521003345047,0.5550550521642023,0.6092580520710307,0.5262610195670349,Возбудимый,Возбудимый_005,True,extreme,3,0.4427371712507936
0.38302881593802607,0.7505802392445245,0.2619752379625747,0.5692672394031654,0.3981912291055225,0.7331693879931893,0.7235368833659701,0.618423777618164,0.7548711870522814,0.5496562432485185,Возбудимый,Возбудимый_005,True,extreme,4,0.4427371712507936
0.36315543656690147,1.0,0.2772123790306323,0.6140948173874825,0.2293647137369315,0.9795164395347299,0.7781970646607372,0.6166991558938807,0.7429604671595336,0.6436053392772952,Возбудимый,Возбудимый_005,True,extreme,5,0.4427371712507936
0.27942477884421973,0.9730931609672436,0.2653386712305979,0.5840447537048523,0.22207493471195078,0.9993996272413321,0.958557320153255,0.7417306600725034,0.7582145790641065,0.5617738706905013,Возбудимый,Возбудимый_005,True,extreme,6,0.4427371712507936
0.20186109721398543,0.968658912994213,0.16171681074534994,0.6386608210455242,0.23726184232271538,0.9910006092232926,1.0,0.6413485538118712,0.7462764004557096,0.6509777225550499,Возбудимый,Возбудимый_005,True,extreme,7,0.4427371712507936
0.20576749310006992,0.9952654300777284,0.14283144559792646,0.6175598269698521,0.2537723838493793,1.0,1.0,0.6615302507554207,0.7181924869204903,0.622442867433486,Возбудимый,Возбудимый_005,False,extreme,0,0.4427371712507936
0.542370221097278,0.571721548884789,0.4909572836488812,0.4927438705759171,0.45971357816730374,0.5741836655829103,0.507848741355937,0.5542829077470608,0.4731933958853335,0.4800159456630139,Возбудимый,Возбудимый_006,True,extreme,1,0.4691135957241322
0.4547346606502285,0.5206619823102853,0.5183903484515652,0.5290011876304989,0.4849796657574731,0.5875956085226645,0.4847874945356018,0.6487202249875137,0.46167138192815776,0.4897974232008293,Возбудимый,Возбудимый_006,True,extreme,2,0.4691135957241322
0.43488951811981574,0.6787905172920512,0.46829385111674227,0.5479020946906834,0.4307772015683455,0.597147528341341,0.602811410104873,0.6832799874587436,0.4424330895118625,0.5634490432702809,Возбудимый,Возбудимый_006,True,extreme,3,0.4691135957241322
0.3424542269370771,0.7335029138399624,0.33768845962405236,0.6119839887571622,0.3877508670531868,0.6616526016657344,0.7277863309292175,0.7360160263314578,0.5950189414977418,0.5660621103183311,Возбудимый,Возбудимый_006,True,extreme,4,0.4691135957241322
0.33900145284519456,1.0,0.32512104573247524,0.6160818323944607,0.10813674687444333,0.9740243633210709,0.7302507574610321,0.7482413035242158,0.5608943977097116,0.5515580096038752,Возбудимый,Возбудимый_006,True,extreme,5,0.4691135957241322
0.3520339493625124,0.9723376700859991,0.28435352651209633,0.5831293219414037,0.13789769847540806,0.9850072789488388,0.8991745609085001,0.8046398743074118,0.5580104916653235,0.5425592781584935,Возбудимый,Возбудимый_006,True,extreme,6,0.4691135957241322
0.27872365846453984,0.9773167074918735,0.09458255571114361,0.6660406331483892,0.11015972497824032,0.9891971133297162,1.0,0.793968889647725,0.5509160628056224,0.5679775382705425,Возбудимый,Возбудимый_006,True,extreme,7,0.4691135957241322
0.2545632619397213,0.9788006691135893,0.06902300345826531,0.680261923213159,0.10755571997868457,1.0,0.976152771343924,0.7658880110764005,0.5521114784057319,0.5807451730078268,Возбудимый,Возбудимый_006,False,extreme,0,0.4691135957241322
0.4955452582938645,0.5108901787827276,0.5241970012220101,0.5499331677660163,0.4445230621401467,0.5276823601709685,0.5554769873267561,0.4352218273919741,0.48701067041697393,0.587292566986926,Возбудимый,Возбудимый_007,True,extreme,1,0.5200797038387394
0.40911362044428834,0.6126348958058935,0.5430621970565782,0.5884363844011394,0.4259696764789841,0.5968645801594572,0.572669774991972,0.5101969229170271,0.4850452461955127,0.6229028232133046,Возбудимый,Возбудимый_007,True,extreme,2,0.5200797038387394
0.41123011557619576,0.7885632604953507,0.4399846051702112,0.6350210039353146,0.4230692358855424,0.6156828859290149,0.6907747325092529,0.6457951218178862,0.551929829861115,0.6368749838017229,Возбудимый,Возбудимый_007,True,extreme,3,0.5200797038387394
0.539487767385856,0.8674046182643099,0.4009257357431334,0.6518287085028007,0.3957951392719373,0.6614274322870384,0.6914558360156869,0.6604606792194986,0.630047038740269,0.6622515729310698,Возбудимый,Возбудимый_007,True,extreme,4,0.5200797038387394
0.5220094674754688,1.0,0.41260792774949545,0.6721105147379595,0.0938697540818928,0.9534763689923181,0.6727197395420427,0.6207695959871896,0.6322367215681358,0.724495135020231,Возбудимый,Возбудимый_007,True,extreme,5,0.5200797038387394
0.4753068166007546,1.0,0.3531653740667026,0.6569745686237789,0.027145134353156866,0.9899459962796084,0.9303164242681231,0.6257358778329535,0.6228386383524518,0.7100975486173846,Возбудимый,Возбудимый_007,True,extreme,6,0.5200797038387394
0.38454214425082117,0.984424866361282,0.19115784814829706,0.7241650504570741,0.034559447431960336,0.9916197800209141,1.0,0.6442845156946441,0.6510486065625516,0.7246365935746304,Возбудимый,Возбудимый_007,True,extreme,7,0.5200797038387394
0.39564095635366564,0.9676147840885253,0.2170274969636931,0.723941934219654,0.030573021597324182,0.9978892096244548,1.0,0.6513815399861862,0.6237816050686882,0.7343989837837538,Возбудимый,Возбудимый_007,False,extreme,0,0.5200797038387394
0.46580013378308716,0.5040534266508334,0.5002198144626415,0.500196267782243,0.47872853503883667,0.5390362282646994,0.538739280450465,0.45004532673634173,0.4866496282932858,0.551707024726674,Возбудимый,Возбудимый_008,True,extreme,1,0.4154354664220567
0.3960189655655493,0.5721575931013244,0.5249463475385002,0.4863595562500363,0.4741132604213459,0.6227008780202973,0.5280415019411593,0.5057288381439002,0.5022808561770233,0.5455739696972407,Возбудимый,Возбудимый_008,True,extreme,2,0.4154354664220567
0.35327387123413523,0.7400484068996187,0.40792063462024336,0.49007811955901054,0.4728156099127256,0.6112746126414383,0.5794770103845054,0.6144057781793795,0.5561219901380193,0.5494205824527786,Возбудимый,Возбудимый_008,True,extreme,3,0.4154354664220567
0.30655381950788146,0.7877096670263691,0.2875927528925206,0.5718509802166295,0.40583946658813813,0.6633951622632477,0.6871917716723732,0.6455678491046236,0.6782111677540242,0.5573912853508679,Возбудимый,Возбудимый_008,True,extreme,4,0.4154354664220567
0.2807551604308892,1.0,0.28479603951340116,0.5715364607158292,0.13280528541632103,0.9541461117298959,0.6815759401873588,0.5948086200775022,0.6208885379816288,0.5616276247614522,Возбудимый,Возбудимый_008,True,extreme,5,0.4154354664220567
0.20233373429821744,0.9712021343776805,0.21125829236877125,0.5742136007747742,0.08854545176724145,1.0,0.9609760147730265,0.6068897220253368,0.665266481747473,0.5677045735112545,Возбудимый,Возбудимый_008,True,extreme,6,0.4154354664220567
0.13175497875625436,0.9876483092129741,0.022588323411925668,0.6713442539647896,0.11648828365193527,1.0,1.0,0.6381177246915894,0.6629237603512782,0.5627079840580118,Возбудимый,Возбудимый_008,True,extreme,7,0.4154354664220567
0.11618656927130297,0.9638743020397094,0.021989199731608632,0.7000801042245463,0.13065700776569844,0.9989667003059046,1.0,0.612705199769841,0.6474976983674983,0.5573633848380936,Возбудимый,Возбудимый_008,False,extreme,0,0.4154354664220567
0.4905486746173956,0.510364011296363,0.5326258989130751,0.5205757324168202,0.467135358321726,0.5366499382642665,0.5513175725808331,0.44276869812046094,0.48433949653647335,0.5659718981238839,Возбудимый,Возбудимый_009,True,extreme,1,0.40106895389630304
0.43953458384642446,0.6262840346706268,0.5466782722565169,0.5313762884099793,0.4573110844167375,0.6163533139850097,0.553567778802521,0.5482449824368427,0.5040181742843843,0.5191892298917177,Возбудимый,Возбудимый_009,True,extreme,2,0.40106895389630304
0.43491865895015824,0.7812583263587737,0.4221108153512433,0.5630410609648477,0.4893039551508395,0.6498234265197849,0.6068975524705865,0.6568545736611064,0.5260733910367029,0.526119657264092,Возбудимый,Возбудимый_009,True,extreme,3,0.40106895389630304
0.40313459360072124,0.8566249397903457,0.33883358471323693,0.6476346000036,0.4315477889413896,0.6718180937246908,0.7538144337747955,0.7118826062726641,0.6694198950653536,0.5127520777845701,Возбудимый,Возбудимый_009,True,extreme,4,0.40106895389630304
0.4158475729044276,1.0,0.2916249389345648,0.6289394187408708,0.1984681164929797,0.999815378928537,0.7578930372886546,0.7461537686651919,0.6260553466502591,0.5062897216353875,Возбудимый,Возбудимый_009,True,extreme,5,0.40106895389630304
0.33579177590629034,1.0,0.2540182177151833,0.6014707287074599,0.11820511913396749,1.0,1.0,0.7394200296443264,0.6494998361825619,0.5274133300916344,Возбудимый,Возбудимый_009,True,extreme,6,0.40106895389630304
0.2682757674120141,0.9957746946948379,0.06535136568291115,0.6771735272607686,0.14745863769677,1.0,1.0,0.7331470382921996,0.6603402197322347,0.5175647325099111,Возбудимый,Возбудимый_009,True,extreme,7,0.40106895389630304
0.29516474734752524,0.9775859246336069,0.0608344009880076,0.661490993950036,0.17669912432535548,0.9731921457441433,1.0,0.757129636866845,0.650756471011176,0.5111999675612671,Возбудимый,Возбудимый_009,False,extreme,0,0.40106895389630304
0.5430405549814252,0.5756918629602974,0.48306555140300683,0.4611249343313347,0.525720302564723,0.5321737444065198,0.4977622637915213,0.5104495657739819,0.5338055467480505,0.4759871324936535,Возбудимый,Возбудимый_010,True,extreme,1,0.5328681050395951
0.46879729603999576,0.5406486836873583,0.4973625709674612,0.4862492749536562,0.5192150753495077,0.5344476097452004,0.480371324701036,0.5927509392982182,0.5554046244846093,0.6109032670472617,Возбудимый,Возбудимый_010,True,extreme,2,0.5328681050395951
0.48386789343227365,0.6318906532486034,0.35982634069711167,0.4931795139982491,0.5079976382053875,0.520004352257518,0.622625777729561,0.6121959144667597,0.6288284769871906,0.6656936963649493,Возбудимый,Возбудимый_010,True,extreme,3,0.5328681050395951
0.448135676910914,0.704150479079821,0.2881549316950369,0.5767271054228373,0.3818814170050577,0.5479726077460203,0.7677860487507595,0.5710163378541114,0.612815282454786,0.7408766880547314,Возбудимый,Возбудимый_010,True,extreme,4,0.5328681050395951
0.4431854059266634,1.0,0.30241794022871626,0.5979990876337451,0.27724314232545844,0.7714037259410415,0.7236578907981356,0.6385919343856635,0.566445515423085,0.6903255474598969,Возбудимый,Возбудимый_010,True,extreme,5,0.5328681050395951
0.369195642032756,0.9988929698482141,0.2513819142088034,0.6215917622015611,0.1655076718270154,0.8576366015427126,1.0,0.6548411460815194,0.5642015780883752,0.6700139553665136,Возбудимый,Возбудимый_010,True,extreme,6,0.5328681050395951
0.2962017480214789,0.9804677195074487,0.10381618228723935,0.687858169601104,0.15487447342416966,0.8723032193922962,1.0,0.6574795490844425,0.5630459927287343,0.6863121607294416,Возбудимый,Возбудимый_010,True,extreme,7,0.5328681050395951
0.3097142211472191,0.9736523231055256,0.11410101109047682,0.6780063153591335,0.15342617676038867,0.8562698064562266,1.0,0.6528623843409617,0.5659690109696558,0.673027983347015,Возбудимый,Возбудимый_010,False,extreme,0,0.5328681050395951
0.511836993616167,0.5979639817507694,0.48946868105914415,0.49799340993511165,0.4839944187168334,0.5886839683125453,0.48775638877289806,0.45732806113056024,0.5129807691436719,0.46663632877468103,Возбудимый,Возбудимый_011,True,extreme,1,0.5584587889033797
0.4624937315519777,0.7177156403695596,0.48782807416708057,0.4993516866773119,0.45915309098232643,0.6579839752258719,0.49061187347038365,0.5820128247503892,0.5091622732474496,0.451174871847468,Возбудимый,Возбудимый_011,True,extreme,2,0.5584587889033797
0.4612984046279735,0.8380804441889983,0.3889930524337469,0.4857712902742327,0.4479246873435574,0.6731837335145607,0.5940547231453794,0.6124310539434921,0.5455840723332683,0.5282623685293498,Возбудимый,Возбудимый_011,True,extreme,3,0.5584587889033797
0.4061872535600288,0.9435262109426895,0.2792503636065856,0.5229295052772417,0.39978115586528773,0.7422138493112052,0.7491485386778121,0.6643508004541258,0.6401666314086245,0.5200409100942729,Возбудимый,Возбудимый_011,True,extreme,4,0.5584587889033797
0.3864417024743365,1.0,0.27283940999454465,0.5523604562046253,0.3272105765926016,0.9148983577102894,0.7319902853506759,0.6882095199911027,0.6431310993697085,0.6389253773130054,Возбудимый,Возбудимый_011,True,extreme,5,0.5584587889033797
0.3416907498645185,0.9906184379236136,0.21608373219964383,0.5987570012774288,0.38867255635600556,0.9011914203317389,0.9839966978271095,0.6822826922982413,0.6705867338654142,0.5721868181232257,Возбудимый,Возбудимый_011,True,extreme,6,0.5584587889033797
0.23802167053015133,1.0,0.0496038027419084,0.674791129583269,0.3928669187011314,0.8777047026991132,1.0,0.6757608739990851,0.6773675510087861,0.5862918057880613,Возбудимый,Возбудимый_011,True,extreme,7,0.5584587889033797
0.2463018115937351,1.0,0.04548124883653985,0.6985447831422981,0.40908342154617977,0.8995515683214402,0.9849476252571305,0.6768154095727553,0.6480502742141753,0.5972718481635128,Возбудимый,Возбудимый_011,False,extreme,0,0.5584587889033797
0.5276382033459743,0.5304697301661091,0.4850078828476388,0.48196928212140416,0.48739111649685396,0.5410817768325819,0.5239328582845737,0.4983809583003225,0.5093665893156165,0.5099127201945688,Возбудимый,Возбудимый_012,True,extreme,1,0.5227537751196751
0.5222178757745608,0.4877617722153166,0.47160756308728236,0.5472781966134586,0.4941220124418139,0.5408242355275542,0.5484350085944866,0.4762546109855659,0.5498468075951704,0.5858653442619165,Возбудимый,Возбудимый_012,True,extreme,2,0.5227537751196751
0.4898360933810142,0.5256297266185681,0.47731268536045984,0.5547801463199992,0.47410215320792565,0.5777423702691535,0.6695971369524898,0.43046716599537305,0.5423737601727893,0.7604621140089936,Возбудимый,Возбудимый_012,True,extreme,3,0.5227537751196751
0.43390617254328934,0.599294000559986,0.364991762637926,0.5581170840935531,0.45996963542097863,0.5835032815393734,0.774941346577932,0.4985563913983993,0.6795836951554258,0.7391912107734993,Возбудимый,Возбудимый_012,True,extreme,4,0.5227537751196751
0.407257400091931,1.0,0.3842354344453684,0.5889840964376503,0.16589679506522725,0.8961456503229094,0.8223675628512493,0.48621995361449794,0.621277008613753,0.710888290673828,Возбудимый,Возбудимый_012,True,extreme,5,0.5227537751196751
0.3478052809444409,0.9996009624858854,0.33086778471695694,0.5599368439459228,0.19209568595827425,0.9947481811646705,0.9981012896741737,0.5536509911481604,0.5837921911874209,0.6330630250614155,Возбудимый,Возбудимый_012,True,extreme,6,0.5227537751196751
0.2955914045993189,0.9668087734114399,0.1378103277234735,0.6439732204230761,0.18362415856489564,0.9930145253649533,1.0,0.5293770449606514,0.5989271049163921,0.621509123257748,Возбудимый,Возбудимый_012,True,extreme,7,0.5227537751196751
0.28384134180492193,0.9657962386246213,0.11019966781400255,0.6452367144059498,0.1954850611755943,1.0,0.9967996746558262,0.5071625269778173,0.6214448067129805,0.6441687594736586,Возбудимый,Возбудимый_012,False,extreme,0,0.5227537751196751
0.5205728099297261,0.48859181238121047,0.4778916414422934,0.4992065739355004,0.4463949335051151,0.539974995153699,0.5359154063122024,0.4603219981844472,0.47854409003419074,0.5642844790451553,Возбудимый,Возбудимый_013,True,extreme,1,0.6456118296855711
0.4547141467815972,0.422813061312205,0.48242113780477947,0.5698355356797206,0.4616383147135208,0.5159082556114976,0.560768427128073,0.577686393353532,0.45554138279684414,0.5865098279817047,Возбудимый,Возбудимый_013,True,extreme,2,0.6456118296855711
0.4317424333136066,0.6041063500423489,0.4280240845191288,0.5590709838798704,0.42224178223004805,0.5002365579104694,0.6968773802819397,0.632257772443866,0.4753219467061611,0.6427348504650413,Возбудимый,Возбудимый_013,True,extreme,3,0.6456118296855711
0.4141781825904658,0.6915558604578271,0.32382082719122357,0.5913233841995761,0.3601431412876099,0.5398901622029837,0.7913979613113168,0.6886140122581517,0.5931255088297255,0.6494866139239897,Возбудимый,Возбудимый_013,True,extreme,4,0.6456118296855711
0.4470637931729435,1.0,0.31685575415208606,0.5630268265365681,0.23702560421080393,0.7451756343129639,0.753632295911023,0.7170589537759455,0.5478287374100428,0.6638372505816144,Возбудимый,Возбудимый_013,True,extreme,5,0.6456118296855711
0.38171379797077143,1.0,0.32441572417271214,0.5869912793811819,0.2388896190719491,0.8535290555742557,0.9350140397937033,0.8180616949482371,0.4961316520819281,0.6086462557736129,Возбудимый,Возбудимый_013,True,extreme,6,0.6456118296855711
0.3057444721064575,0.9782391650006905,0.15092886157252325,0.6561308348292991,0.24779339291044555,0.8288003206090586,1.0,0.8186963165659558,0.49569071366623013,0.6157679135882191,Возбудимый,Возбудимый_013,True,extreme,7,0.6456118296855711
0.31344815909843754,0.9517219150361601,0.12653814055920584,0.6840850504858068,0.23630917127172005,0.8016183780220416,0.9717435581358257,0.8323443155610953,0.47469347417075264,0.6410207056451553,Возбудимый,Возбудимый_013,False,extreme,0,0.6456118296855711
0.5208902746050164,0.5506502814914203,0.5069828025651338,0.5091331027202433,0.44739271744098963,0.5543864276254249,0.5096035170146866,0.48796854286234054,0.4875642756340217,0.47962032235412955,Возбудимый,Возбудимый_014,True,extreme,1,0.6892688631538536
0.49905895461506705,0.6507641943256028,0.5330331803226351,0.5965449178303154,0.4180675651877544,0.6108620102258439,0.5181712041921882,0.47325200268135703,0.4680718800879589,0.5557822243496762,Возбудимый,Возбудимый_014,True,extreme,2,0.6892688631538536
0.45488848630475215,0.8138476138140112,0.40410155620383437,0.5860511130507149,0.44073459552902233,0.5938282013823697,0.5896947581028571,0.6035205166214048,0.5306537923758301,0.5341175008873161,Возбудимый,Возбудимый_014,True,extreme,3,0.6892688631538536
0.5315338986672465,0.8502070809699857,0.39102722894171993,0.7150322862309005,0.3774049152211282,0.627017000279774,0.674450233040387,0.4355942268610863,0.49522051885651064,0.683899925628442,Возбудимый,Возбудимый_014,True,extreme,4,0.6892688631538536
0.5638120316998576,1.0,0.37421364452675326,0.7054463543761921,0.06453270546992942,0.9675274048985614,0.7017851624278614,0.42994269928075185,0.48180775714105295,0.7309362769814223,Возбудимый,Возбудимый_014,True,extreme,5,0.6892688631538536
0.49500178793055083,0.9965421333294128,0.28708376354895543,0.7253111966978422,0.018432854467782502,1.0,1.0,0.4408720969314405,0.45628710541066064,0.7221222963541944,Возбудимый,Возбудимый_014,True,extreme,6,0.6892688631538536
0.4203084628501967,0.9813951538235436,0.08109927767428958,0.7967716621577308,0.018008952567016866,0.9818119100911958,1.0,0.43017136133909334,0.44385660353312134,0.7159179702214375,Возбудимый,Возбудимый_014,True,extreme,7,0.6892688631538536
0.43135608481374865,0.9601489021526629,0.09499001899390225,0.7867610097092425,0.011027304434464466,0.9892788007782481,0.9845206673977362,0.42293634924180756,0.4663513307749384,0.7246400811834034,Возбудимый,Возбудимый_014,False,extreme,0,0.6892688631538536
0.5245815712199441,0.526789431479224,0.4881919300389435,0.5072325855692025,0.45362516838272465,0.5055821289643292,0.5173750359296674,0.4827573391193449,0.5317235029672814,0.5279517561655003,Возбудимый,Возбудимый_015,True,extreme,1,0.48680844339118534
0.4700230885719724,0.6301260078039524,0.4749443454535519,0.4607149192436148,0.4866157938123761,0.6088514757140241,0.5371310886437425,0.6327950099220578,0.5304402321108562,0.5341491681827746,Возбудимый,Возбудимый_015,True,extreme,2,0.48680844339118534
0.4616308150247799,0.7953513403828579,0.37491068254842547,0.4644558008652136,0.4520987847669734,0.6357404033960633,0.640529703204441,0.7489961473702692,0.5583328479657895,0.5245467341995048,Возбудимый,Возбудимый_015,True,extreme,3,0.48680844339118534
0.42104975715285464,0.8932119686968938,0.25286600552283056,0.497745421129404,0.4127222420884797,0.6608283669383347,0.7594366856474475,0.7873026816073463,0.6603613148055301,0.5135173168759875,Возбудимый,Возбудимый_015,True,extreme,4,0.48680844339118534
0.39011889004615186,1.0,0.28943876515213884,0.48097263210202273,0.13987982486649797,0.9502309917455756,0.7236129740408935,0.7970601701484051,0.6475272938215406,0.534019970306913,Возбудимый,Возбудимый_015,True,extreme,5,0.48680844339118534
0.31486903863376786,0.9867799962505461,0.20024966821468038,0.5383390184367141,0.24080049037968468,0.9499314867197869,0.9378383349277508,0.7933866817095434,0.6168087601997301,0.46499488351279533,Возбудимый,Возбудимый_015,True,extreme,6,0.48680844339118534
0.21418212785197502,0.9572522670592359,0.06090453447161778,0.6147943227782775,0.24524038321128963,0.9559913703194373,1.0,0.7790958173427307,0.598902620824686,0.4766792040069764,Возбудимый,Возбудимый_015,True,extreme,7,0.48680844339118534
0.19538084670617564,0.9731059644716586,0.08875863803077824,0.6195162775799513,0.23347061970110541,0.9395734293022823,0.9773263845610164,0.7837262091957841,0.6010574757217944,0.49659158885902543,Возбудимый,Возбудимый_015,False,extreme,0,0.48680844339118534
0.5391722022875429,0.551567889970821,0.4767001070482281,0.4589946732323016,0.5459101049322215,0.5444662904407181,0.5163998994814076,0.49629793247582915,0.5016604994326437,0.507068430213021,Возбудимый,Возбудимый_016,True,extreme,1,0.4825441648843746
0.4720320946680205,0.6645348674801608,0.5031470549879221,0.4238575215380502,0.5526153331669741,0.6111843506783555,0.5021938663793921,0.5603734292023902,0.4961464631020348,0.5290868740536472,Возбудимый,Возбудимый_016,True,extreme,2,0.4825441648843746
0.44253954994274347,0.800818548354786,0.3603553277093929,0.4113564962490628,0.553093623457524,0.6030317302066898,0.5316120258791035,0.6444560329572814,0.5720021505275524,0.5137810710582729,Возбудимый,Возбудимый_016,True,extreme,3,0.4825441648843746
0.3388165294803357,0.8623621115039853,0.23374221558244743,0.4853293224840701,0.5063211709302152,0.6414113879952991,0.6635779104186006,0.703365333741959,0.6401533735644022,0.5397477510566009,Возбудимый,Возбудимый_016,True,extreme,4,0.4825441648843746
0.31891645991776646,1.0,0.1857776768223574,0.46201362451465655,0.24810339303021298,0.9053295074800874,0.708743146254246,0.7365464175557682,0.631065672224818,0.5896404502761862,Возбудимый,Возбудимый_016,True,extreme,5,0.4825441648843746
0.39663407964492825,0.9759319048951198,0.2084710455674866,0.46494354459112985,0.198889437409912,1.0,0.8334288225442684,0.7168455703281783,0.5932602801065993,0.6067548941377001,Возбудимый,Возбудимый_016,True,extreme,6,0.4825441648843746
0.33772431503494404,0.9537693960126794,0.02371307020170761,0.5209219883751582,0.16934601361815294,1.0,0.9257769423231514,0.7129519369732685,0.6036241615988684,0.6053227573955994,Возбудимый,Возбудимый_016,True,extreme,7,0.4825441648843746
0.31404224610109416,0.9768408667946495,0.0,0.5417059390602156,0.1947391982755749,0.9975557742354222,0.9402428532987095,0.7029615391836379,0.6281213430416617,0.6169678617969572,Возбудимый,Возбудимый_016,False,extreme,0,0.4825441648843746
0.5047844036630592,0.5322687590909883,0.4660564669274036,0.4894371200851502,0.46418159260401104,0.5451493912044026,0.49569165715744967,0.5420006701455322,0.549970799403221,0.524980752637043,Возбудимый,Возбудимый_017,True,extreme,1,0.5119755263492454
0.4100190436509622,0.6351124070264181,0.4955723536612209,0.4866845891051604,0.46307259616132856,0.6285485128535493,0.4726836154865758,0.6842980300288191,0.5535841272876939,0.4885294953788896,Возбудимый,Возбудимый_017,True,extreme,2,0.5119755263492454
0.3771276355905245,0.6830171829564472,0.4403306225549185,0.4878875578112098,0.4494321610807123,0.6537936923325225,0.5477434093123463,0.7149786038460425,0.5690889236212896,0.603134194759536,Возбудимый,Возбудимый_017,True,extreme,3,0.5119755263492454
0.3487641015889742,0.671087937587413,0.3383942881827678,0.5178795907695846,0.4357676785281852,0.6147849194204963,0.7012972285176651,0.7828402525139506,0.6548236248766761,0.6844820946313532,Возбудимый,Возбудимый_017,True,extreme,4,0.5119755263492454
0.37915424537442755,1.0,0.33065004520622027,0.5458513756523716,0.16519780649118415,0.9408426470469178,0.7100011494268771,0.7635562634407804,0.6552753367648968,0.702133552742361,Возбудимый,Возбудимый_017,True,extreme,5,0.5119755263492454
0.346209084205662,1.0,0.2560728166807424,0.5369585786364529,0.13226395344421216,0.9928560695929615,1.0,0.763125208186636,0.7079863433702753,0.7285127123959685,Возбудимый,Возбудимый_017,True,extreme,6,0.5119755263492454
0.44018222048165195,0.9755070850432402,0.0726456283373238,0.49298596355795776,0.14640469519430388,0.9832104371969614,1.0,0.7712837636283896,0.7158905411307197,0.7038751651115548,Возбудимый,Возбудимый_017,True,extreme,7,0.5119755263492454
0.43122720040736107,0.9521819495177296,0.08875055917042968,0.5012439516326073,0.1358017918143016,0.99445264933116,1.0,0.7624256936141907,0.6935355007355568,0.7269722631740176,Возбудимый,Возбудимый_017,False,extreme,0,0.5119755263492454
0.5466729667471062,0.5472727910278045,0.5374858781667653,0.4703819340703582,0.4865429326408176,0.5585626883480493,0.5169884816715669,0.5220762104018781,0.5276971514621585,0.48962772047134484,Возбудимый,Возбудимый_018,True,extreme,1,0.5549400180892001
0.5723102333234346,0.6852995441600381,0.5275895735021207,0.47820890449281633,0.48524243646979154,0.6697099515927786,0.5075919624494224,0.545926096958499,0.5234712376151011,0.5636370265422467,Возбудимый,Возбудимый_018,True,extreme,2,0.5549400180892001
0.5297572112329604,0.8567492017278971,0.38995095036884087,0.49817343204072667,0.5116821053263595,0.6524431029317208,0.5698246527565565,0.6581396511425102,0.52707309107461,0.5489216505743257,Возбудимый,Возбудимый_018,True,extreme,3,0.5549400180892001
0.45224795640091814,0.889215041565274,0.30746455697923925,0.5473480784015786,0.5198316782996538,0.6700388390300882,0.7626722338379702,0.6953384720924584,0.6470760392980923,0.6643230048565277,Возбудимый,Возбудимый_018,True,extreme,4,0.5549400180892001
0.5144286998371114,1.0,0.3420755609027948,0.5041759260710252,0.36641126476092784,0.8743477768669008,0.7871827865443299,0.7980134330795393,0.6587084450748574,0.7523233618072677,Возбудимый,Возбудимый_018,True,extreme,5,0.5549400180892001
0.4251594374372415,1.0,0.2690001773848101,0.5214587317187879,0.2866533503164382,0.9517889541531792,1.0,0.7851378680929787,0.66336707414861,0.748392235923738,Возбудимый,Возбудимый_018,True,extreme,6,0.5549400180892001
0.35353327171967164,0.9930122907260602,0.1220145581536379,0.5893237228507274,0.2779071386610801,0.9484325854231361,1.0,0.7949820177807965,0.6607158147196757,0.7666785012373357,Возбудимый,Возбудимый_018,True,extreme,7,0.5549400180892001
0.3796789349215718,1.0,0.12974913171888555,0.6081133820005433,0.27789956216220274,0.9727263206272928,1.0,0.8242621572424893,0.6875095776011858,0.7786516007566394,Возбудимый,Возбудимый_018,False,extreme,0,0.5549400180892001
0.4811422539339218,0.5646956838583204,0.47403417451920093,0.5359461258958745,0.4305671849441991,0.544082938625736,0.5328364240596856,0.4613985030420649,0.4876501163626787,0.5318633820616192,Возбудимый,Возбудимый_019,True,extreme,1,0.47475954097788203
0.38935646719298145,0.6707799438764304,0.49222581271579396,0.5625735135232869,0.4688629317253288,0.6470640631102929,0.5463162111611993,0.6160270105861754,0.47782103527603015,0.5109618283271938,Возбудимый,Возбудимый_019,True,extreme,2,0.47475954097788203
0.3478873977466113,0.869116838662908,0.3739689964267761,0.5611519849104826,0.47959872907372214,0.6348144336477922,0.6055148326188677,0.7720627598260282,0.4826652155818656,0.5278375189912139,Возбудимый,Возбудимый_019,True,extreme,3,0.47475954097788203
0.3485550824869543,0.9638419743442539,0.3090987630241533,0.6031979079918283,0.4666930481087843,0.6441218177219902,0.6193794915062519,0.7167338152290251,0.5997151238431454,0.5949240806606674,Возбудимый,Возбудимый_019,True,extreme,4,0.47475954097788203
0.35471860892739826,1.0,0.3370958115225909,0.5961376033172582,0.16370947251110815,0.9398447762946187,0.630018806052448,0.7476093167994596,0.6370230740379086,0.5705057081392606,Возбудимый,Возбудимый_019,True,extreme,5,0.47475954097788203
0.26235561331191304,1.0,0.2565230943411769,0.5687299472793411,0.09319856068085014,0.9937368693144256,0.9560484546920928,0.7282745108549173,0.6319444701451818,0.5878734670015684,Возбудимый,Возбудимый_019,True,extreme,6,0.47475954097788203
0.20695879517322616,1.0,0.16284452537823335,0.6205766651866806,0.090531033977807,1.0,1.0,0.6999693360264043,0.6268546415879896,0.6551933279608098,Возбудимый,Возбудимый_019,True,extreme,7,0.47475954097788203
0.19764165651484794,1.0,0.1750006329425181,0.6055990130607378,0.10776276247099131,1.0,0.9922382099246989,0.6811524153336409,0.6125789236650958,0.6316464212304278,Возбудимый,Возбудимый_019,False,extreme,0,0.47475954097788203
0.48782114919553754,0.5535218459483318,0.5300521374500052,0.513266033658691,0.49208978084117133,0.5520674276439239,0.5557168016941644,0.43386903343859023,0.477911604119628,0.5478724603428367,Возбудимый,Возбудимый_020,True,extreme,1,0.40196969923808346
0.4529975917839979,0.6692240916293741,0.5508138973927198,0.517543781267257,0.47411224526539564,0.6133256024984577,0.5538341547870639,0.5679258465587238,0.4683237626861705,0.5623666068368234,Возбудимый,Возбудимый_020,True,extreme,2,0.40196969923808346
0.4561457949151907,0.8222210150203193,0.40296730243179535,0.5412071216618599,0.48292600294560967,0.6084868123755902,0.638785140561917,0.6865523874956595,0.536597208082057,0.5846772829657609,Возбудимый,Возбудимый_020,True,extreme,3,0.40196969923808346
0.3839488188920445,0.8507424794102373,0.2749157448481007,0.5605194742472902,0.4232992632792548,0.6036090898636712,0.7965878072511849,0.7461215840747016,0.6719669201797949,0.6061396592626899,Возбудимый,Возбудимый_020,True,extreme,4,0.40196969923808346
0.36667422976866154,1.0,0.27177644755949204,0.6095024205845074,0.27837328242161186,0.8028374961509003,0.836956845314255,0.7005636908912184,0.6880051922003287,0.6254574846240499,Возбудимый,Возбудимый_020,True,extreme,5,0.40196969923808346
0.28794069193586475,0.9752151058156794,0.21140849751722895,0.6282766302589129,0.19494326187995434,0.9042439192337081,1.0,0.6863817628550352,0.6948477699423197,0.6292508012787421,Возбудимый,Возбудимый_020,True,extreme,6,0.40196969923808346
0.239996227605557,0.9787127945563304,0.030650435906837956,0.7158638176889526,0.15863876370818603,0.8913835986579793,1.0,0.7192994048458885,0.6650840685144269,0.6053067668625688,Возбудимый,Возбудимый_020,True,extreme,7,0.40196969923808346
0.2586339554736924,0.9674949791330031,0.028397411673248982,0.7296646010354354,0.15897234263746324,0.9144906373644172,1.0,0.7162096722320361,0.6571270326222893,0.623726133204602,Возбудимый,Возбудимый_020,False,extreme,0,0.40196969923808346
0.5375294453516704,0.5330903561266973,0.5017567728982115,0.4929221857192972,0.4786332082734682,0.5955454211730582,0.5282872089931205,0.5049809473341899,0.49401764238697465,0.5018102915294904,Возбудимый,Возбудимый_021,True,extreme,1,0.4746781440613978
0.47843765692692025,0.6323121219997039,0.5235868277288532,0.5196898973761311,0.46328569792161606,0.6169527660107296,0.5329726457074309,0.6774087089689403,0.47824878506804075,0.5177844322734112,Возбудимый,Возбудимый_021,True,extreme,2,0.4746781440613978
0.5170310538427147,0.7121800038209316,0.43372798720217765,0.5259134694539412,0.43416352762636484,0.6075160593724652,0.6194560348702418,0.6398705600992135,0.5478675407126764,0.5877666186701146,Возбудимый,Возбудимый_021,True,extreme,3,0.4746781440613978
0.5024630697617251,0.7665742069762623,0.32496844841251005,0.6012849718728159,0.355460092531231,0.6680633159637317,0.7267428881456023,0.6709929598778698,0.6961450306022808,0.5769080244544097,Возбудимый,Возбудимый_021,True,extreme,4,0.4746781440613978
0.5176023563895854,1.0,0.34849804966213244,0.5868954379186203,0.24603993841419575,0.7985857755233677,0.7138135695868659,0.7274377119800853,0.7162045734089262,0.6157563374964802,Возбудимый,Возбудимый_021,True,extreme,5,0.4746781440613978
0.49002978810933234,0.9997001003134955,0.27808992815134603,0.5996539092233614,0.2798322560010682,0.853749947574509,0.8962725527113746,0.7759474302070026,0.7352313588864207,0.5973066787767352,Возбудимый,Возбудимый_021,True,extreme,6,0.4746781440613978
0.4190249185293802,0.9834654239473769,0.10304602094535904,0.6727797834639011,0.29955064806505693,0.8381544419051111,1.0,0.7693682020296485,0.7392936817496147,0.634153023759212,Возбудимый,Возбудимый_021,True,extreme,7,0.4746781440613978
0.41534610999352417,0.9953910283927377,0.12594269201050945,0.6677702863530502,0.27992196181851237,0.864819183089414,0.9901794528597918,0.7593572933866982,0.762587627377115,0.6570205502211777,Возбудимый,Возбудимый_021,False,extreme,0,0.4746781440613978
0.519668034352431,0.5105646998942817,0.4662884013970027,0.5070892092928302,0.5031198426342214,0.5315019528396543,0.5245062941186428,0.47880545120854834,0.49819300134579514,0.5619623591158743,Возбудимый,Возбудимый_022,True,extreme,1,0.362623921707267
0.43422932599507685,0.6446336574009065,0.5085209432059379,0.4891584832314954,0.5368621324821933,0.6145535752101713,0.49886048307448205,0.5300217748346188,0.48914069081435463,0.5377525417519156,Возбудимый,Возбудимый_022,True,extreme,2,0.362623921707267
0.4760435733286083,0.7110410489469473,0.4039766671526136,0.45750594823557694,0.4888566190918427,0.6222822146446871,0.6219589815206197,0.5260644398536088,0.560669855589955,0.622590654858869,Возбудимый,Возбудимый_022,True,extreme,3,0.362623921707267
0.35865304779358076,0.8141274495764582,0.321923371914213,0.6143477759952229,0.3686321352754852,0.6994266527382715,0.7164371463382457,0.5962852486832608,0.6515869505987908,0.5809933159563807,Возбудимый,Возбудимый_022,True,extreme,4,0.362623921707267
0.40429971596367853,1.0,0.31439282154066117,0.5846775370850456,0.05685296671381546,0.972895451392901,0.7435403965275037,0.5833112843578602,0.6599491757170428,0.57243375267678,Возбудимый,Возбудимый_022,True,extreme,5,0.362623921707267
0.32652238380663884,1.0,0.23405421888140784,0.5899335455152812,0.08066405717484684,0.9611026019419185,0.9761564991597768,0.6244324909089533,0.6609706230008163,0.5518418611911301,Возбудимый,Возбудимый_022,True,extreme,6,0.362623921707267
0.27243996672296406,0.994835054415932,0.05762657892520079,0.6667976848803209,0.0712705198829521,0.9579655322079533,1.0,0.6106105500564109,0.7122610187773847,0.5616791108125605,Возбудимый,Возбудимый_022,True,extreme,7,0.362623921707267
0.2625678106926602,1.0,0.07656988140830749,0.650547694543576,0.061372563428688486,0.9656957087170032,1.0,0.5979016715925823,0.6921344697107142,0.5571222882210602,Возбудимый,Возбудимый_022,False,extreme,0,0.362623921707267
0.4880906643009027,0.5502008395833907,0.500204845182768,0.507174570103842,0.5056200951682011,0.573930767454802,0.5174993375952225,0.4950311708537241,0.5132520570671453,0.5575672401116533,Возбудимый,Возбудимый_023,True,extreme,1,0.554228724608078
0.42393346772084534,0.6667354479004073,0.5218763444803173,0.5058866242149084,0.5068628856661151,0.6445646685929034,0.5306517007730258,0.5632721407242041,0.5267283018899888,0.5772676154157683,Возбудимый,Возбудимый_023,True,extreme,2,0.554228724608078
0.38834323709403273,0.8501299255506578,0.4353001300447482,0.48942653846050393,0.4669635237399783,0.6363209143986281,0.6617879705995737,0.5916973066328258,0.48933821607936995,0.6572114814438555,Возбудимый,Возбудимый_023,True,extreme,3,0.554228724608078
0.31088691803254703,0.9302778215153429,0.30192379496356947,0.5506126649800613,0.42664116892067405,0.692579666833878,0.7925348999101123,0.621169595563618,0.591866505228454,0.6964016472780173,Возбудимый,Возбудимый_023,True,extreme,4,0.554228724608078
0.3286902384736185,0.9833704491214208,0.3139733786331339,0.5662775535354949,0.224365254572675,0.9062021316489417,0.8035712849581039,0.6385278569311104,0.5640288996571651,0.768398412962814,Возбудимый,Возбудимый_023,True,extreme,5,0.554228724608078
0.26472337057451195,0.960458366924027,0.22841855125639476,0.599225334756985,0.2492322947439076,0.9437290775814468,1.0,0.6212572465183814,0.5714940978556723,0.7171590090222995,Возбудимый,Возбудимый_023,True,extreme,6,0.554228724608078
0.173542035141856,0.9468711701262862,0.03948367564917392,0.6975683378644008,0.24475157158201963,0.9441019750304073,1.0,0.6023998626843143,0.6073887255958473,0.7257199935429022,Возбудимый,Возбудимый_023,True,extreme,7,0.554228724608078
0.14505628035114318,0.9339219994644399,0.05643294118630891,0.673855432413831,0.2626889683018583,0.9574096073547917,1.0,0.6141298457037577,0.5956246545532203,0.7098438514731025,Возбудимый,Возбудимый_023,False,extreme,0,0.554228724608078
0.4789131739811259,0.544593591571008,0.5236387420301966,0.5030539784297622,0.4594843102700617,0.5801542194342347,0.5161075461105572,0.4865035664547498,0.5034886717600374,0.5222712782337697,Возбудимый,Возбудимый_024,True,extreme,1,0.6685863756086968
0.4707643633382131,0.6866131764972699,0.5293354656594291,0.5569063881993779,0.4813499069825751,0.6491487645343278,0.516232298869397,0.4705014600981305,0.5043050631416732,0.6293064723142345,Возбудимый,Возбудимый_024,True,extreme,2,0.6685863756086968
0.4344137456726389,0.8691375883917648,0.4563694794706835,0.5745198047249053,0.5133690769681322,0.6374712469238092,0.6039593049775468,0.5513768274024698,0.5863765276450779,0.6251659541970045,Возбудимый,Возбудимый_024,True,extreme,3,0.6685863756086968
0.4238718592532339,0.9048864735592632,0.3393896319449737,0.5118349488674958,0.48292528823588426,0.6373002458781439,0.8244837364758227,0.5020957136716592,0.6237789411206257,0.7918950419776937,Возбудимый,Возбудимый_024,True,extreme,4,0.6685863756086968
0.4128836353122098,1.0,0.3323337646696359,0.4621638714526861,0.22742048196991532,0.9553906409091572,0.7831391354681257,0.46978647641051297,0.5967899419597142,0.810523151990931,Возбудимый,Возбудимый_024,True,extreme,5,0.6685863756086968
0.34229036263797896,0.9825069352804785,0.3312965618878878,0.44689112013716903,0.22501855801339776,1.0,0.9926411357139256,0.590512830664498,0.5954049391510984,0.7531370071489756,Возбудимый,Возбудимый_024,True,extreme,6,0.6685863756086968
0.26888040818058223,0.9901140131605697,0.17444945434264567,0.4946937996788633,0.24599036804152355,1.0,1.0,0.5782452274851902,0.5990418657501203,0.7539864635400066,Возбудимый,Возбудимый_024,True,extreme,7,0.6685863756086968
0.27076721022847955,0.9770954805792957,0.20184253746827668,0.510354059616077,0.2620844434191957,1.0,0.9882059107764284,0.5484377674092896,0.5757109625813412,0.7736786145182121,Возбудимый,Возбудимый_024,False,extreme,0,0.6685863756086968
0.49982256009901227,0.5493506190661985,0.4798513350401958,0.46679334689720725,0.5392118967017167,0.5574160570636985,0.4912216827860531,0.5002274281597704,0.49386259426517887,0.5032947446690347,Возбудимый,Возбудимый_025,True,extreme,1,0.6146612378649431
0.45160036726795894,0.5181454656471154,0.4993300108990946,0.5327110544710265,0.5128297056670695,0.5318715255870766,0.4578197485755574,0.5976270817865575,0.4846959203205732,0.5415449427650735,Возбудимый,Возбудимый_025,True,extreme,2,0.6146612378649431
0.43585249901313666,0.5633236105184806,0.4928354680373819,0.5763186648980723,0.5153968875935989,0.5077965520454042,0.6133481276885691,0.5556738808707453,0.4782024900019658,0.7800803644422022,Возбудимый,Возбудимый_025,True,extreme,3,0.6146612378649431
0.40921609819737154,0.552199441216621,0.3563606586208363,0.6320116603457979,0.5182569393946828,0.4962704037765144,0.8066069906922414,0.6252748063123927,0.6250417431053248,0.8607799069137507,Возбудимый,Возбудимый_025,True,extreme,4,0.6146612378649431
0.3892058590129586,1.0,0.34717327622146565,0.6398385727273018,0.19927902067232428,0.8091463674605889,0.8069737328768865,0.6327253092470663,0.5813790638576147,0.8760737828347159,Возбудимый,Возбудимый_025,True,extreme,5,0.6146612378649431
0.33341908122413244,1.0,0.2558367276847964,0.6520950708315849,0.146053908682457,0.9154805091297233,1.0,0.6314458080341572,0.5686623641518095,0.8819720357856831,Возбудимый,Возбудимый_025,True,extreme,6,0.6146612378649431
0.25896435572013615,0.9828506613167005,0.09185962895342258,0.7692090043564191,0.17738737225855808,0.9099065257598564,1.0,0.6395966039759046,0.5795862832827052,0.8854791336303767,Возбудимый,Возбудимый_025,True,extreme,7,0.6146612378649431
0.25384824438651543,0.9796387956781818,0.06809390330961174,0.7746048056890823,0.19117159759755653,0.9300699187688158,1.0,0.6619801792317526,0.5984608949468775,0.9129661649183999,Возбудимый,Возбудимый_025,False,extreme,0,0.6146612378649431
0.4959143007294686,0.559987218858408,0.49993940731491315,0.5067826441375519,0.4361291197096814,0.5639000995677478,0.4947300770980737,0.5025437117332376,0.5044476346993504,0.466948066637337,Возбудимый,Возбудимый_026,True,moderate_a0.6,1,0.3968133058081562
0.5280950904067139,0.7184664777670139,0.49054729272004505,0.514864816687484,0.4217807019397155,0.6581182765944928,0.48033871449577936,0.5622280313659166,0.47817512590460387,0.5673938671349066,Возбудимый,Возбудимый_026,True,moderate_a0.6,2,0.3968133058081562
0.4615125016094583,0.8910155232741788,0.36617697830282697,0.5443555272356037,0.41142595731281145,0.6782924200591646,0.5324249344704052,0.6464722454574369,0.5484971856733966,0.5415164077079265,Возбудимый,Возбудимый_026,True,moderate_a0.6,3,0.3968133058081562
0.4022320957743941,0.9882662456182713,0.2783725357402019,0.7230388542050994,0.33611454372087546,0.7071063512621184,0.6274486031001825,0.7488705419252047,0.6198416779516291,0.5301654590974144,Возбудимый,Возбудимый_026,True,moderate_a0.6,4,0.3968133058081562
0.4142190242900057,1.0,0.2525568866384217,0.7698272143028738,0.24840412050718033,0.7876721656453423,0.7119787887979702,0.8026739493408834,0.6061490558308714,0.6394321029170085,Возбудимый,Возбудимый_026,True,moderate_a0.6,5,0.3968133058081562
0.33253900747115056,0.9933639310567818,0.1765557062454986,0.790378713462412,0.2040858032874791,0.8945124860063695,1.0,0.7946390307097944,0.6324554604257963,0.6085392202628178,Возбудимый,Возбудимый_026,True,moderate_a0.6,6,0.3968133058081562
0.47989748364853163,0.9879421987819353,0.34264151324987424,0.7838861873642179,0.22162100867694362,0.8944293476543592,0.8713446104731633,0.7583829463754376,0.6389386909032141,0.6734255964820635,Возбудимый,Возбудимый_026,True,moderate_a0.6,7,0.3968133058081562
0.45133960331900685,0.9674990569129611,0.34095537914258267,0.7611407726071133,0.20182221436587225,0.8667101330494291,0.8816767109560568,0.7456867184554709,0.6099087959059261,0.6701125747217072,Возбудимый,Возбудимый_026,False,moderate_a0.6,0,0.3968133058081562
0.5659846648607972,0.5125190572500007,0.47254493801486314,0.49334599505663623,0.5050593548283581,0.5471440372019464,0.49395354181543377,0.4616603264000792,0.4810778069610051,0.5395118785002726,Возбудимый,Возбудимый_027,True,moderate_a0.75,1,0.31723791331959406
0.49505452476611556,0.5594189040788902,0.4598754229932637,0.6001883580495118,0.51004466898825,0.6142637454775602,0.4469802744256254,0.5190653807021608,0.49496571747002616,0.5217686441595154,Возбудимый,Возбудимый_027,True,moderate_a0.75,2,0.31723791331959406
0.4378947481941538,0.7155585480945637,0.36054380818122467,0.6022499900471895,0.5093855893036904,0.6328699918611557,0.5206871264069395,0.6102433279839871,0.5712392206931209,0.5202049777838974,Возбудимый,Возбудимый_027,True,moderate_a0.75,3,0.31723791331959406
0.3949497582083431,0.765315501989431,0.26931093023941655,0.6656353337149411,0.47173680119479344,0.6818428496650788,0.6006328249065621,0.6893832366756611,0.7028147151669065,0.5190134177876659,Возбудимый,Возбудимый_027,True,moderate_a0.75,4,0.31723791331959406
0.43042527359438515,1.0,0.2841051356242053,0.6287569790443339,0.19719772233434077,0.8925086677241474,0.6912045761894582,0.6996152627311325,0.681660025343905,0.6029428163881104,Возбудимый,Возбудимый_027,True,moderate_a0.75,5,0.31723791331959406
0.4414885820548862,0.9846550293473503,0.24003222302204763,0.6768687219643461,0.20694217838038823,0.9615677310115937,0.893370172615292,0.7546584788073221,0.6827013519495355,0.5608904136455362,Возбудимый,Возбудимый_027,True,moderate_a0.75,6,0.31723791331959406
0.33371588094897175,0.9858752854528496,0.06538185196262535,0.7653827254055405,0.22936034912103415,0.9743260721880805,1.0,0.7367996341456936,0.6743786296012428,0.5504844300302876,Возбудимый,Возбудимый_027,True,moderate_a0.75,7,0.31723791331959406
0.343167086356969,0.958874855597263,0.07400749017328422,0.7488524744777116,0.25039669498419215,0.9678657389248762,0.9724899389466567,0.7375125800906693,0.6508759898755315,0.5268505690602732,Возбудимый,Возбудимый_027,False,moderate_a0.75,0,0.31723791331959406
0.5063992252075937,0.5664585015939752,0.5415969450297198,0.49698096114593954,0.4951993714361049,0.5638099647977122,0.4838992461375607,0.5016503661584537,0.5026319468243784,0.5073479434764983,Возбудимый,Возбудимый_028,True,moderate_a0.85,1,0.4217284399607379
0.46116431956661524,0.5711716392324176,0.5613994974537706,0.5531734082365563,0.48424993659629295,0.6177672226600454,0.4573995958125827,0.5789102792221237,0.5210891605879433,0.4986546046378391,Возбудимый,Возбудимый_028,True,moderate_a0.85,2,0.4217284399607379
0.45893863723452555,0.6759054430159731,0.4613010867628208,0.5204908174781259,0.463025784051798,0.5750250179567467,0.5843066976185364,0.5794815699167203,0.5851529709557933,0.5452993558343405,Возбудимый,Возбудимый_028,True,moderate_a0.85,3,0.4217284399607379
0.41556322534367507,0.7217619581007767,0.299315790253019,0.5222197130256457,0.4295131467995313,0.605476784662208,0.7929631191124562,0.5820481152613993,0.6776611742069611,0.6285903227917335,Возбудимый,Возбудимый_028,True,moderate_a0.85,4,0.4217284399607379
0.40282785596536497,1.0,0.2962522728582964,0.518098009858132,0.15042313728426504,0.9320656473027626,0.7858050986112157,0.5598782547197231,0.6987491198751169,0.6314573897884844,Возбудимый,Возбудимый_028,True,moderate_a0.85,5,0.4217284399607379
0.3403723619609269,0.9953758769376452,0.22488968232472623,0.5759610222796179,0.2000501795579919,0.9403093151280668,0.9807381937849783,0.5398122846353963,0.6512343215786356,0.5892059676019105,Возбудимый,Возбудимый_028,True,moderate_a0.85,6,0.4217284399607379
0.2738892419821859,0.9895100210767303,0.05365790763427364,0.6792147855262528,0.2293318274312007,0.9318689324949927,1.0,0.5083253465683077,0.6135152960911195,0.5902122358755867,Возбудимый,Возбудимый_028,True,moderate_a0.85,7,0.4217284399607379
0.2586978022722873,1.0,0.05148676440151535,0.6520539978450953,0.24752245582305787,0.953367261497238,0.9751928420555728,0.5016745601861208,0.6319131135636654,0.6164179463908431,Возбудимый,Возбудимый_028,False,moderate_a0.85,0,0.4217284399607379
0.4957008079375849,0.5379965881227511,0.47825213152444856,0.5407576497712412,0.47465334598296777,0.5514909396109687,0.5199945601705901,0.48855273025006163,0.5275778819007955,0.49232209316034214,Возбудимый,Возбудимый_029,True,moderate_a0.6,1,0.3912461290371465
0.542255728463778,0.5320468975387331,0.4816113767720429,0.6160904775477891,0.477373783847558,0.5295107368338706,0.5370979850705206,0.5341828808785651,0.5148509372846805,0.5672170223918146,Возбудимый,Возбудимый_029,True,moderate_a0.6,2,0.3912461290371465
0.5225049729568261,0.6946762063395701,0.3270049862580739,0.6634020473598695,0.4898347861258277,0.5667223839294302,0.5790760753866337,0.669458018463498,0.584364585436044,0.5948583462034402,Возбудимый,Возбудимый_029,True,moderate_a0.6,3,0.3912461290371465
0.45305475852034705,0.7646568724072683,0.1926662400304623,0.7287071702263695,0.4864021928347012,0.6072625864882917,0.6654402428712866,0.7076709708899643,0.6896556228941363,0.6226034058808717,Возбудимый,Возбудимый_029,True,moderate_a0.6,4,0.3912461290371465
0.42952483933729424,1.0,0.1653930050465724,0.7524555065965028,0.2232838006598179,0.8841428020552111,0.6328383344652405,0.7257442730455652,0.662074651693736,0.616183000133667,Возбудимый,Возбудимый_029,True,moderate_a0.6,5,0.3912461290371465
0.42846184031517515,0.9744103943149084,0.11313712445780372,0.751870313833474,0.2613799534722845,0.9641197649641435,0.7938261274511222,0.7639018494281435,0.651527078259752,0.587652590118786,Возбудимый,Возбудимый_029,True,moderate_a0.6,6,0.3912461290371465
0.5161429450245556,0.9836312332487707,0.11767297136362226,0.7371252433216643,0.2747097354291599,0.9672729582168688,0.8965871159932342,0.7093380461682498,0.6323483502982357,0.6142338335498648,Возбудимый,Возбудимый_029,True,moderate_a0.6,7,0.3912461290371465
0.4916855255161382,0.9732786533317876,0.11857969024951096,0.7172369443606248,0.24770256058208362,0.9547677629861712,0.8793586876943972,0.7192557545877963,0.6079624819254853,0.62823543851696,Возбудимый,Возбудимый_029,False,moderate_a0.6,0,0.3912461290371465
0.4895946514986801,0.5630503338184313,0.5007258493513004,0.47264486850449267,0.491433973053843,0.48706071359745456,0.5162772668142701,0.43524964497236107,0.47044170524705947,0.5601042710222841,Возбудимый,Возбудимый_030,True,moderate_a0.75,1,0.3234275249060878
0.5011442680281657,0.71204292708639,0.5466527724536558,0.4749981923483508,0.500578004391065,0.5395252652136208,0.4986918340115254,0.4666829479893033,0.4785533538764275,0.6423970720589707,Возбудимый,Возбудимый_030,True,moderate_a0.75,2,0.3234275249060878
0.5180817317354529,0.8666013604197326,0.4030840040129432,0.477519441439663,0.4743516335536875,0.552643055830677,0.6180611692527296,0.5646981243073346,0.5435578783992516,0.6576331435592263,Возбудимый,Возбудимый_030,True,moderate_a0.75,3,0.3234275249060878
0.4762482811008476,0.947881579180598,0.2975306136987555,0.5462336152413787,0.419379494411332,0.5713003984695969,0.7224478518687184,0.6271543311605955,0.6854933798702175,0.6791389648309215,Возбудимый,Возбудимый_030,True,moderate_a0.75,4,0.3234275249060878
0.4786420743409539,1.0,0.27322155733921,0.5520052224314999,0.23076585239456032,0.8278606777634486,0.7630530506902615,0.6245316285145242,0.709821624544831,0.7596337886754506,Возбудимый,Возбудимый_030,True,moderate_a0.75,5,0.3234275249060878
0.4046142640522992,1.0,0.2329426446218044,0.5540976232436846,0.21969396254384255,0.9698551914690221,0.9725396694031989,0.704435276428279,0.7074351453057629,0.6720387539370152,Возбудимый,Возбудимый_030,True,moderate_a0.75,6,0.3234275249060878
0.35648457290643715,1.0,0.034358885632120834,0.5918177908366887,0.21387113979714786,0.9679672959433113,1.0,0.7027409113581098,0.6927344833660867,0.6401359805514122,Возбудимый,Возбудимый_030,True,moderate_a0.75,7,0.3234275249060878
0.33890988102606584,0.9906768462790732,0.006512063385123709,0.5929990725898562,0.22019338470397481,0.9616436273730069,0.9753926657520848,0.6758493818059192,0.7156875740036158,0.6369451432737424,Возбудимый,Возбудимый_030,False,moderate_a0.75,0,0.3234275249060878
0.5156051906352946,0.5263932689317725,0.5003404187184081,0.48869359334798396,0.48194712802698353,0.5476627328139724,0.5510546807216572,0.46170095550770757,0.48708080285416777,0.5646792060213349,Возбудимый,Возбудимый_031,True,moderate_a0.85,1,0.3703567444208441
0.4714353967727051,0.6040030534014793,0.46934159805696424,0.48434641406997314,0.47223904682524726,0.6654885774251544,0.5715824713305622,0.485228378348073,0.4915732890617459,0.5383121731277367,Возбудимый,Возбудимый_031,True,moderate_a0.85,2,0.3703567444208441
0.4631086420663876,0.7763306411150571,0.36251880030872935,0.5224351440714792,0.4690305190006557,0.6998111103772576,0.6332462356194286,0.5857042622084846,0.5319159449483132,0.5159923037632683,Возбудимый,Возбудимый_031,True,moderate_a0.85,3,0.3703567444208441
0.40433459418142703,0.8095993530781,0.22339746768014668,0.5656633501367705,0.41569183726269454,0.7937045097290426,0.7316930704423832,0.6707728839521038,0.591267301316641,0.5294494108814726,Возбудимый,Возбудимый_031,True,moderate_a0.85,4,0.3703567444208441
0.41913129617059397,1.0,0.21288271115452087,0.5726258044483238,0.2342774270756989,1.0,0.7082116637623119,0.6774190996771032,0.5860253651615932,0.5861528323285563,Возбудимый,Возбудимый_031,True,moderate_a0.85,5,0.3703567444208441
0.38838627847314333,0.9889526125139285,0.24876446436152788,0.6151264683147657,0.24685356133255942,0.9973555688979788,0.9007550164058185,0.7974742355941807,0.5858811401524034,0.4842901838295558,Возбудимый,Возбудимый_031,True,moderate_a0.85,6,0.3703567444208441
0.32274375371508046,0.9928122755164897,0.060467683646519665,0.6601477485467018,0.2444792945479408,1.0,1.0,0.8050140607754688,0.5988373090231157,0.5106197935937515,Возбудимый,Возбудимый_031,True,moderate_a0.85,7,0.3703567444208441
0.3456420119348548,0.9645727008784309,0.04531122713308162,0.6369306415418328,0.23412059449045,1.0,0.9901076585662715,0.7879316978843727,0.6275537426950042,0.49229290360518757,Возбудимый,Возбудимый_031,False,moderate_a0.85,0,0.3703567444208441
0.509295541103068,0.5272605986260549,0.5152695127906216,0.5114493772031488,0.4309002569308009,0.5029351526789599,0.47924582776102387,0.4557165327344124,0.5026053095888946,0.5242649366290858,Возбудимый,Возбудимый_032,True,moderate_a0.6,1,0.5718459943943038
0.5129900251828228,0.6816934659091425,0.5322040894153773,0.5115053476197369,0.4313481482545149,0.6082673027264759,0.5031891425701118,0.4794292952910044,0.48726178419604393,0.5674162617860208,Возбудимый,Возбудимый_032,True,moderate_a0.6,2,0.5718459943943038
0.49280693237774725,0.8433565532446387,0.480080464867358,0.5002370260343185,0.3980367535584132,0.5923929078676949,0.6126960780144116,0.5031558512057231,0.47135600197933086,0.6604183363958679,Возбудимый,Возбудимый_032,True,moderate_a0.6,3,0.5718459943943038
0.41080037319716156,0.9240284668561096,0.3671010935292919,0.5588444778586362,0.3546796921031937,0.610063802458479,0.750638456741324,0.5080036337461948,0.6037903502896603,0.6353011812759278,Возбудимый,Возбудимый_032,True,moderate_a0.6,4,0.5718459943943038
0.4621555762235279,1.0,0.34791699593664366,0.5622159514700437,0.305319905037896,0.7120217740788675,0.7937950784941092,0.5553881511514228,0.5842462739058005,0.8106269556966869,Возбудимый,Возбудимый_032,True,moderate_a0.6,5,0.5718459943943038
0.39756459937467997,0.9877522295902316,0.3684926515465035,0.6475387345832889,0.43216804758084104,0.7094017079462008,0.9107327405235508,0.6542891761399243,0.5738657848836795,0.6551910622213571,Возбудимый,Возбудимый_032,True,moderate_a0.6,6,0.5718459943943038
0.4140947393315458,0.9813692563369398,0.48748350899825865,0.7576434430378417,0.5081406718282117,0.7001543636257394,0.8241507142689237,0.6752214218266533,0.6089667183786864,0.6262034197190796,Возбудимый,Возбудимый_032,True,moderate_a0.6,7,0.5718459943943038
0.4261269205697269,1.0,0.499657175421784,0.7448069202376426,0.5249369146906936,0.6821299294593614,0.7949365976422261,0.6489599634651092,0.592825005183341,0.6425046749918291,Возбудимый,Возбудимый_032,False,moderate_a0.6,0,0.5718459943943038
0.48005891162943953,0.5199622636222629,0.48339727325023324,0.5326948496348141,0.5125436009846146,0.5384630297773342,0.535588194777204,0.4334330331799646,0.46474605892926985,0.5096114452338973,Возбудимый,Возбудимый_033,True,moderate_a0.75,1,0.7257323955691255
0.48128022740469395,0.6364381014612155,0.4981489447132493,0.6158408711458588,0.5019774561739816,0.5767875665484967,0.5419477423556578,0.4293217476866504,0.449204928734791,0.543186160694057,Возбудимый,Возбудимый_033,True,moderate_a0.75,2,0.7257323955691255
0.4834491777174498,0.8549018775956592,0.4653037247530425,0.5940324165811859,0.4887931026030939,0.5781451726908896,0.640701500443026,0.4292861557517634,0.45596861359459734,0.5877714177553104,Возбудимый,Возбудимый_033,True,moderate_a0.75,3,0.7257323955691255
0.399325038887133,0.9221574303462385,0.4137383638686536,0.8016343629285714,0.36213569717730393,0.5749592629026828,0.696538986493999,0.4764350428949669,0.5050916090746278,0.5964155149894794,Возбудимый,Возбудимый_033,True,moderate_a0.75,4,0.7257323955691255
0.40420207475445585,0.9332356151095232,0.4183195770180094,0.842008070857397,0.38083654062739114,0.7119864445190424,0.6865238337622788,0.5637704128331552,0.509921368450222,0.6032512247735563,Возбудимый,Возбудимый_033,True,moderate_a0.75,5,0.7257323955691255
0.42151291073796227,0.9720716241681224,0.42362250167497656,0.9012409054366236,0.5246876492129077,0.6496388644274724,0.6619586904772473,0.5601923710671254,0.48318691891603155,0.6670171102019912,Возбудимый,Возбудимый_033,True,moderate_a0.75,6,0.7257323955691255
0.37429332837111545,1.0,0.24806409344564528,0.960273740792453,0.5126494482907042,0.6402821181052982,0.8059444869850789,0.595973803448115,0.4736719021637733,0.6760527691866625,Возбудимый,Возбудимый_033,True,moderate_a0.75,7,0.7257323955691255
0.3649329706754767,1.0,0.26854827937284037,0.9550923065154608,0.5041262284308292,0.6206343307044223,0.8314937795857278,0.6081212226787625,0.4757294964862937,0.7054424379769871,Возбудимый,Возбудимый_033,False,moderate_a0.75,0,0.7257323955691255
0.5110504878877166,0.5230218353447195,0.4948327266859947,0.5125821661483648,0.4711709761933069,0.5272708649104072,0.5020860684183442,0.48392349631268916,0.4829919123695089,0.5106559869102453,Возбудимый,Возбудимый_034,True,moderate_a0.85,1,0.3386701903215452
0.4684730173964725,0.6354493310195676,0.45285880416114294,0.5277484125602889,0.4945240903327013,0.6024344012884775,0.5251032674535607,0.5784817960887793,0.5195624809917142,0.4820059965227443,Возбудимый,Возбудимый_034,True,moderate_a0.85,2,0.3386701903215452
0.4662249908650499,0.7992714081311855,0.3641989850025683,0.5623748627958727,0.5028837321989763,0.6088188793813712,0.5849244580741744,0.6571765935200773,0.5926521813992793,0.48561547801281585,Возбудимый,Возбудимый_034,True,moderate_a0.85,3,0.3386701903215452
0.4011180950924637,0.8971055400562924,0.337910836218921,0.7014516249773539,0.5432551885780481,0.6305799685694875,0.6063721809649607,0.626472827989012,0.7287637677069213,0.37369765830847607,Возбудимый,Возбудимый_034,True,moderate_a0.85,4,0.3386701903215452
0.4010572624640223,1.0,0.34350136599725767,0.6821915149522961,0.33084603406458396,0.8705950078723614,0.5905352870172066,0.6651126813612225,0.7376808746658522,0.4675833631646755,Возбудимый,Возбудимый_034,True,moderate_a0.85,5,0.3386701903215452
0.30174294061467255,0.9691183539342113,0.2541232683000666,0.6746050925491143,0.2521606923937121,0.994466194138712,0.8932442305548145,0.6796402938309609,0.733758428673681,0.4573663771844818,Возбудимый,Возбудимый_034,True,moderate_a0.85,6,0.3386701903215452
0.3481512250849054,0.9904100381863463,0.10475903420811454,0.6075364045563183,0.26590054571896604,1.0,1.0,0.6745486318646609,0.7389469360687233,0.4339517936005607,Возбудимый,Возбудимый_034,True,moderate_a0.85,7,0.3386701903215452
0.37757808044468033,1.0,0.09623717607313857,0.579357229729072,0.2382350652448189,1.0,1.0,0.6605567046596432,0.7220106982817951,0.42411240469249045,Возбудимый,Возбудимый_034,False,moderate_a0.85,0,0.3386701903215452
0.5098617749881919,0.5697029278156939,0.5126468314426207,0.48986372162711245,0.4418811399547581,0.5874186553186046,0.5236865062503914,0.4842501281049309,0.4846023274829806,0.4770302285767576,Возбудимый,Возбудимый_035,True,moderate_a0.6,1,0.41901347745683526
0.45195401465551543,0.6136538385830489,0.46876915367378424,0.5906773513894388,0.4708530434562679,0.6427235528832669,0.5502687592014501,0.5416884974451165,0.4906748808687217,0.5126735174899699,Возбудимый,Возбудимый_035,True,moderate_a0.6,2,0.41901347745683526
0.4391885470228975,0.7734491062505275,0.34811557568965124,0.6017363481614578,0.471231660111473,0.636535551044338,0.6253190909751973,0.6449286159363673,0.5131376066143511,0.4943149628949548,Возбудимый,Возбудимый_035,True,moderate_a0.6,3,0.41901347745683526
0.4284080319321472,0.904875410422024,0.2388295162675842,0.6104020760421625,0.3850188938099722,0.6776391505207818,0.8186386757775602,0.6138631685987919,0.6080041867758439,0.5748365833722865,Возбудимый,Возбудимый_035,True,moderate_a0.6,4,0.41901347745683526
0.4243779248824763,1.0,0.23688975061067954,0.6364877192414564,0.2420297701790717,0.9034639940245793,0.8004547235327972,0.6690159528101766,0.6060340723444179,0.5699011390201791,Возбудимый,Возбудимый_035,True,moderate_a0.6,5,0.41901347745683526
0.29881081490337796,1.0,0.23614256838094025,0.7229941143052014,0.2897935083526306,0.9152426039488514,0.95224924677442,0.6082201901674653,0.6316538069691676,0.5780467767265934,Возбудимый,Возбудимый_035,True,moderate_a0.6,6,0.41901347745683526
0.47205423283534753,0.9706714425352869,0.3732481497238151,0.6800744377905511,0.3735808738265825,0.9134974767532373,0.9763115234871761,0.6012344190938219,0.6386231477635893,0.5255352597732482,Возбудимый,Возбудимый_035,True,moderate_a0.6,7,0.41901347745683526
0.5007248872343193,0.9573338135827947,0.37441809984056246,0.6596291339926881,0.3495209201521245,0.9306943448322416,0.9688761458412289,0.6037267098109225,0.6327265686888704,0.4985842966320073,Возбудимый,Возбудимый_035,False,moderate_a0.6,0,0.41901347745683526
0.5169517073859237,0.5674267206549392,0.5298215728053142,0.5085072840988277,0.4720500604732032,0.5344639504081253,0.5261570775027127,0.5203244920337098,0.45767249309418306,0.4948381379305311,Возбудимый,Возбудимый_036,True,mixed,1,0.5428547324566722
0.4548935840756838,0.6260892583544493,0.5392638776779513,0.5904611732778657,0.441155773624745,0.6004240563756754,0.5166651409813671,0.5765310534644897,0.4932031666752209,0.5205347664058998,Возбудимый,Возбудимый_036,True,mixed,2,0.5428547324566722
0.4667453298766965,0.6861582145081941,0.48808389644961503,0.6188637054301569,0.45683616704460456,0.5887007269465149,0.6343608233912186,0.6029209493242735,0.5419422857596623,0.6751514423738437,Возбудимый,Возбудимый_036,True,mixed,3,0.5428547324566722
0.3657053015190667,0.7076895843822482,0.3853648296240959,0.8255629960477191,0.34923598675787315,0.637098177561071,0.7251879400793897,0.6661822342230075,0.5840974523304181,0.6787491809500206,Возбудимый,Возбудимый_036,True,mixed,4,0.5428547324566722
0.38151922480574424,0.9709594520238147,0.37463475599036195,0.8025955298903821,0.30098741033194687,0.8117315065127451,0.7727908919635583,0.7056682515157618,0.6134153341726625,0.7667111791484114,Возбудимый,Возбудимый_036,True,mixed,5,0.5428547324566722
0.3435637382776773,1.0,0.33810118600136946,0.8918276050120575,0.3574213096062775,0.8261254155423484,0.989033767296796,0.6870342947486267,0.6442665410049071,0.7070174621749884,Возбудимый,Возбудимый_036,True,mixed,6,0.5428547324566722
0.39280515955067474,0.9697625761623995,0.12650783338011873,0.8624940106083566,0.3933007285242612,0.8468574860758368,1.0,0.6780385592946422,0.6297554669641268,0.7142847064460228,Возбудимый,Возбудимый_036,True,mixed,7,0.5428547324566722
0.4206159216555597,0.940660207100984,0.1302639644397443,0.835484933122455,0.40375780711670894,0.8695457993644327,0.9960920110243682,0.6531012624249083,0.6055369650002937,0.6911489396732383,Возбудимый,Возбудимый_036,False,mixed,0,0.5428547324566722
0.5736799232550482,0.5233120253726989,0.49138354089053765,0.49677788185278915,0.47885729636227714,0.5537262586387783,0.48451743415329196,0.5160893221092034,0.535049890671117,0.5153863552525588,Возбудимый,Возбудимый_037,True,mixed,1,0.4206276960449632
0.5092728568428848,0.475574380944762,0.5156265081543726,0.5735607190440519,0.4941831760138355,0.5327897379059988,0.47011467304132865,0.6246736153815978,0.5378480396964107,0.48406368615424633,Возбудимый,Возбудимый_037,True,mixed,2,0.4206276960449632
0.4910664881019375,0.6195044756711438,0.37807191379342003,0.5625804929084821,0.5232502966254003,0.5486760103185426,0.5421430809153716,0.7475139461745911,0.6251995541662586,0.49249525430302893,Возбудимый,Возбудимый_037,True,mixed,3,0.4206276960449632
0.4476439993425981,0.7182554412851812,0.25413715754816324,0.7678675941307881,0.4399250435073414,0.6107800149695878,0.6019649049457004,0.7870861736775663,0.6653241728737952,0.4841549030630908,Возбудимый,Возбудимый_037,True,mixed,4,0.4206276960449632
0.532371407126411,1.0,0.23923053364565686,0.7750405591422368,0.3157483703794436,0.768629700157779,0.6978674415930394,0.8398752322391876,0.6854134550825789,0.5890542366099418,Возбудимый,Возбудимый_037,True,mixed,5,0.4206276960449632
0.5376028585415091,0.9797588021888105,0.2033194691586009,0.7873531555024764,0.3247996141522693,0.8174388800944311,0.8633642542137765,0.8943892677644829,0.6884893062431109,0.5585732627411647,Возбудимый,Возбудимый_037,True,mixed,6,0.4206276960449632
0.4831714453389161,0.9576405589225274,0.17074138384843265,0.9314139330771889,0.3689762879107559,0.8077887198508618,0.8655059213504275,0.9137455498271695,0.6740537357920083,0.5410296635272168,Возбудимый,Возбудимый_037,True,mixed,7,0.4206276960449632
0.5033585956728936,0.9375312165223045,0.1498352589440323,0.9146170864179688,0.3677805718599941,0.8075345912150982,0.8493691651532475,0.9283144192815929,0.6890976576755835,0.5495279352017406,Возбудимый,Возбудимый_037,False,mixed,0,0.4206276960449632
0.505104796343239,0.585421318548238,0.4931998306225812,0.4912442837916088,0.5178725509746729,0.575345574916995,0.507250506657855,0.5123883187570195,0.5372460788316604,0.4869588273141451,Возбудимый,Возбудимый_038,True,mixed,1,0.447904017254086
0.4399636464457173,0.6655987571446832,0.482634853285378,0.5242231162079047,0.5204125848440594,0.6416960694521715,0.4702226974072822,0.6604376088345559,0.533215911068984,0.5146053464074758,Возбудимый,Возбудимый_038,True,mixed,2,0.447904017254086
0.423675828547411,0.8473468514917747,0.4559369523325496,0.4845493334932237,0.5083259281020508,0.6199629177230588,0.5726489663715881,0.7196892939451185,0.5340358884011132,0.6183940500306893,Возбудимый,Возбудимый_038,True,mixed,3,0.447904017254086
0.35410986415323925,0.9155319719515255,0.32533396805138,0.5751347351421598,0.41900023958776744,0.6680281211596812,0.6507616537578106,0.7600259041434112,0.6694633927794388,0.6391432130359337,Возбудимый,Возбудимый_038,True,mixed,4,0.447904017254086
0.3852976353529669,1.0,0.3007761768264721,0.6417941919323799,0.2978563758961846,0.7967192321266913,0.7103036880730759,0.8253246417797864,0.6661908520873271,0.692112804736827,Возбудимый,Возбудимый_038,True,mixed,5,0.447904017254086
0.3227688727219702,0.9856959603951871,0.31058104912193624,0.7395110986859863,0.42127221450743146,0.8194115806990143,0.823865356167813,0.9015523758402241,0.6892871914676189,0.5472034993512588,Возбудимый,Возбудимый_038,True,mixed,6,0.447904017254086
0.41855170266184133,0.9796557942091898,0.21317123065819837,0.6506070836050333,0.40141251203664763,0.82521507596449,0.9958321915728732,0.8883364102672884,0.6870211262232452,0.6144486755585247,Возбудимый,Возбудимый_038,True,mixed,7,0.447904017254086
0.4146829874557111,0.984424407083108,0.21965449468222742,0.6640059780228194,0.40448515924300654,0.8397475995829182,0.9668620820960299,0.911547122546974,0.7008888644403054,0.6044192649291483,Возбудимый,Возбудимый_038,False,mixed,0,0.447904017254086
0.5092679227154016,0.5540170080194102,0.49831300468270295,0.5057649915644375,0.49443475485321725,0.5365643818518823,0.5149221192249616,0.491171427169853,0.4751694437018489,0.5332719390862627,Возбудимый,Возбудимый_039,True,mixed,1,0.5636493093520692
0.44168627013647027,0.6079547367222716,0.48518316091531055,0.5607276019306375,0.49783603795333176,0.576807069203386,0.4893509205466097,0.5742749227975417,0.459737405941349,0.5314300181355884,Возбудимый,Возбудимый_039,True,mixed,2,0.5636493093520692
0.4115969547395547,0.7987811952629882,0.4198794189515286,0.5984224891170867,0.4625181943465879,0.5938430946508299,0.6115060173226964,0.615971991315606,0.43769750091716025,0.6368872624827877,Возбудимый,Возбудимый_039,True,mixed,3,0.5636493093520692
0.3399183575274084,0.8426624904704028,0.35356951215869786,0.7549460050863147,0.42405191795932906,0.5857853318343669,0.7677652513082327,0.6567921434214654,0.4737348699161467,0.7280753313919424,Возбудимый,Возбудимый_039,True,mixed,4,0.5636493093520692
0.3042750271407871,1.0,0.30568924898259137,0.7510604701720911,0.21996097163752704,0.8115834122106855,0.7347296277317791,0.6549174022508946,0.5270947671506925,0.8085991962928066,Возбудимый,Возбудимый_039,True,mixed,5,0.5636493093520692
0.20044123576225606,0.9992739370190443,0.3174186957483615,0.7541102683405246,0.21393501577387872,0.9255263531516983,0.9276626501625762,0.7907513869481636,0.5281541016517967,0.7689271895908393,Возбудимый,Возбудимый_039,True,mixed,6,0.5636493093520692
0.3350360571947402,1.0,0.33709367681801233,0.7078990435018504,0.23141172936822352,0.9095550385330599,1.0,0.8149951094611717,0.49742563610916124,0.7910267822227502,Возбудимый,Возбудимый_039,True,mixed,7,0.5636493093520692
0.3633127034569376,0.9973725530952473,0.3205807206898852,0.6795591026099697,0.20773493732994114,0.8841614701075085,1.0,0.8062202429915196,0.4801365894744219,0.7947575310881193,Возбудимый,Возбудимый_039,False,mixed,0,0.5636493093520692
0.5070051876873615,0.5107427025480787,0.5056993173412004,0.5463976048395,0.5641185189825968,0.4790105769958355,0.5030145230588688,0.5272669184752146,0.5192015679274713,0.48393388708371315,Эмотив,Эмотив_000,True,extreme,1,0.21088866116288005
0.48893029174128333,0.4823745560006618,0.526186794741323,0.6429083185870814,0.5485427478978114,0.45984887004194946,0.5048184365951797,0.5634748615533323,0.5160428880848786,0.4891293682268539,Эмотив,Эмотив_000,True,extreme,2,0.21088866116288005
0.6170828533041507,0.44941437900564407,0.7374972051492263,0.6767368020184056,0.5452453038435747,0.4777703442793711,0.5869121881426654,0.46777741166744796,0.5687386445914814,0.5592298315352521,Эмотив,Эмотив_000,True,extreme,3,0.21088866116288005
0.7691654784324317,0.4487488761920242,0.7711711538595021,0.7304535836098891,0.7196481111265401,0.43901985921322584,0.47822202920626083,0.5246797200675372,0.5713764044098617,0.6868996794475561,Эмотив,Эмотив_000,True,extreme,4,0.21088866116288005
0.8669293674592491,0.4232787569288284,0.8689024282263081,0.7200281438256535,1.0,0.3233732917225215,0.445652779495048,0.6504512246022903,0.5927657005303392,0.8472085807734542,Эмотив,Эмотив_000,True,extreme,5,0.21088866116288005
0.9592348882908537,0.4550632992731843,0.9675233085090245,0.800728538544928,0.9856329913569074,0.29515548311975537,0.3663002143086256,0.6249781470735895,0.5765921308595021,0.8939506972755904,Эмотив,Эмотив_000,True,extreme,6,0.21088866116288005
1.0,0.4229649733475967,1.0,0.7999977511089426,0.9782914357126529,0.31731271187597904,0.20572111029564807,0.6483873483745309,0.5490494564556714,0.8687901528530491,Эмотив,Эмотив_000,True,extreme,7,0.21088866116288005
0.9872099674224801,0.42424457304279894,0.99554599566724,0.8016928243226671,0.9923686312683259,0.3282202149545238,0.19670357238020553,0.620745392106618,0.5426807859228456,0.8410085938247648,Эмотив,Эмотив_000,False,extreme,0,0.21088866116288005
0.5104834195789937,0.4986515850168846,0.5760945576566416,0.5267650821063318,0.5270440928398812,0.4831111609179483,0.5394484434661471,0.4924602336966261,0.48638412649860097,0.5259958556973805,Эмотив,Эмотив_001,True,extreme,1,0.2585692139319924
0.5270249894122515,0.517582188357749,0.5904300297039926,0.5588658676854626,0.5473228400188719,0.49464263919723234,0.5158550056754168,0.47197822279812385,0.49298665899769206,0.6054462688781255,Эмотив,Эмотив_001,True,extreme,2,0.2585692139319924
0.5599683877167907,0.46000580476319436,0.8080133365648575,0.5736428065163403,0.6260014681066707,0.4885845048055429,0.5252467647013729,0.44036014902805587,0.5442054053706434,0.6024599837990401,Эмотив,Эмотив_001,True,extreme,3,0.2585692139319924
0.678480027203269,0.47463425856670693,0.7804660260949581,0.5472780429016139,0.8443315704025063,0.37279586740648596,0.43450108966707585,0.494677255152973,0.5397832821448197,0.6895411368017459,Эмотив,Эмотив_001,True,extreme,4,0.2585692139319924
0.8023326177467808,0.4761429302412657,0.7895850566614444,0.5886700361920696,0.9542849167900957,0.42488703271957984,0.4803245033405709,0.6220912440626973,0.5498159035825371,0.7696982379708102,Эмотив,Эмотив_001,True,extreme,5,0.2585692139319924
0.8693291418877533,0.5219164214449176,0.8973240205070725,0.6162405698063049,0.9896559802727828,0.4184485495940314,0.41192511988862773,0.5479739967057129,0.5817172218015102,0.8060116114873833,Эмотив,Эмотив_001,True,extreme,6,0.2585692139319924
1.0,0.5145168074541301,1.0,0.626557134955308,0.9705306713106227,0.4250040984352663,0.24317546158343534,0.49422002768102347,0.5960870044699982,0.8222076496308217,Эмотив,Эмотив_001,True,extreme,7,0.2585692139319924
0.9911595116727,0.48756654063315935,0.9883061889682644,0.6202062462927777,0.9436897378791912,0.4406487756941445,0.24589935948203834,0.5132194962538197,0.6083465630614118,0.7936514579814463,Эмотив,Эмотив_001,False,extreme,0,0.2585692139319924
0.4997958510983831,0.5516952647947071,0.517663808734102,0.5080810961078062,0.5546948907444362,0.43773188456061174,0.5213138774393713,0.5258178282881802,0.4547667864774864,0.49355923343530383,Эмотив,Эмотив_002,True,extreme,1,0.2872281190441107
0.49733003715672336,0.43909085188995217,0.5199759347372671,0.6706248018399639,0.578218799096031,0.4566533732864233,0.5459557430829602,0.5323693736697831,0.4485538110971335,0.47888888618786396,Эмотив,Эмотив_002,True,extreme,2,0.2872281190441107
0.4982008993231203,0.4127197948606242,0.6429098686416956,0.6221707915655351,0.645162960639215,0.46225777145340247,0.5816129466461019,0.5381239225197548,0.5398163480407687,0.5568231896224324,Эмотив,Эмотив_002,True,extreme,3,0.2872281190441107
0.6663900947672601,0.37448796323705014,0.6730217339631112,0.5857062025537488,0.815917097610996,0.39752005194400897,0.46352922073559444,0.5876797502486081,0.5275980690308222,0.6646787190552456,Эмотив,Эмотив_002,True,extreme,4,0.2872281190441107
0.8047452796634443,0.26860632371382137,0.750048533200089,0.5753237672961521,0.9575554805700166,0.4175523235971882,0.3752984482627081,0.7163221365198438,0.507921422197434,0.8298458184921493,Эмотив,Эмотив_002,True,extreme,5,0.2872281190441107
0.873314975894961,0.31623544737236087,0.8538312028917228,0.5708801850228485,0.9867098340354317,0.4009185230846363,0.2864594277619912,0.7029480302953278,0.5060367101797548,0.8999823883938513,Эмотив,Эмотив_002,True,extreme,6,0.2872281190441107
0.9291821795329205,0.29005675733494246,0.8466209151702795,0.6240433106432228,0.9815091816984484,0.3939867699502192,0.27398212772391334,0.6766324313582017,0.49286109955489765,0.8910883252046955,Эмотив,Эмотив_002,True,extreme,7,0.2872281190441107
0.9426298065850063,0.2892633128047322,0.8721551094457223,0.6317424131531814,0.985957550537861,0.38590335290583916,0.2898464567926846,0.6796191099128501,0.5083225168162772,0.8963877604361362,Эмотив,Эмотив_002,False,extreme,0,0.2872281190441107
0.5070805585050221,0.46366106040558125,0.5377425481147236,0.5923033709088692,0.5442582047648059,0.4876151667805344,0.5005469049869234,0.5028324708275418,0.5128184832890788,0.5115304759402726,Эмотив,Эмотив_003,True,extreme,1,0.2693538594220506
0.49944607943619584,0.5804842827766277,0.5176853700212003,0.644868534890837,0.5472930295084927,0.5624104894184645,0.5009832897923794,0.48723788881457764,0.5228251585912886,0.5519616225612393,Эмотив,Эмотив_003,True,extreme,2,0.2693538594220506
0.5830753308884392,0.5487310754316139,0.739929880601687,0.6371549397367814,0.64855460804043,0.5520461676488722,0.5024582078109523,0.4472790961561891,0.6023686977604206,0.5570023472173441,Эмотив,Эмотив_003,True,extreme,3,0.2693538594220506
0.7038603636139089,0.5194829824177659,0.7280034156416275,0.6232490420195772,0.820189463594743,0.4769894270650912,0.42297623112065746,0.5059100785415961,0.6357417991241079,0.6553639746525669,Эмотив,Эмотив_003,True,extreme,4,0.2693538594220506
0.8672295437733015,0.4366567313586744,0.8279334880329897,0.5999493933267009,1.0,0.4199602679628278,0.34753159120577465,0.633145828575452,0.6189834666803685,0.7694925054931804,Эмотив,Эмотив_003,True,extreme,5,0.2693538594220506
0.9363591673854339,0.4861954334498215,0.9216025156206938,0.7016720732448075,0.9940337904272717,0.41528385304158955,0.2821004407634147,0.5410764630369786,0.628391589290385,0.8402783167860536,Эмотив,Эмотив_003,True,extreme,6,0.2693538594220506
1.0,0.4991675904382927,0.9910310795924191,0.7400771584311039,1.0,0.40100863097975714,0.18564745014059983,0.5575822984842892,0.6359840496682211,0.8455902579269178,Эмотив,Эмотив_003,True,extreme,7,0.2693538594220506
1.0,0.5158548887353778,1.0,0.7606611886096513,0.9935579373004715,0.395362617850072,0.20185277866881488,0.5393789841040015,0.6313934366232641,0.8272375728851062,Эмотив,Эмотив_003,False,extreme,0,0.2693538594220506
0.5268178823987993,0.5434974089054293,0.4845209169402883,0.5303951605849349,0.45782009918981204,0.5654718994653536,0.48244619615401846,0.49347077131027617,0.488391624215202,0.5129425399779747,Эмотив,Эмотив_004,True,extreme,1,0.20023968203749087
0.5395105706374853,0.5348951363963745,0.4749962197439695,0.5631604348127464,0.4909523461715739,0.5583012815737809,0.4707528960529056,0.422295455338191,0.44764082712987946,0.6155877359283071,Эмотив,Эмотив_004,True,extreme,2,0.20023968203749087
0.5588745708382655,0.5956752129649062,0.5805667072563754,0.5441160070454549,0.6105717174157119,0.44690110630387614,0.47253124596609614,0.5051375122619444,0.45920856473631094,0.5974057395418713,Эмотив,Эмотив_004,True,extreme,3,0.20023968203749087
0.7140822372814191,0.5934270634103619,0.5943810406284183,0.5115851815939648,0.7285747342446958,0.36013737141426494,0.3958518739656249,0.5822365107597941,0.49027329103574663,0.6893687952128823,Эмотив,Эмотив_004,True,extreme,4,0.20023968203749087
0.8450297696299595,0.44155132545900655,0.6704340540690679,0.5511609024531612,1.0,0.29038359449347484,0.3219369428270851,0.7286267921970957,0.49359630681121147,0.7414673606527108,Эмотив,Эмотив_004,True,extreme,5,0.20023968203749087
0.9124735030346902,0.49831570895558563,0.8140839714844498,0.6080995083138069,1.0,0.28898019987235035,0.2540016986006705,0.6697468608072092,0.47089690844225585,0.8316798059746915,Эмотив,Эмотив_004,True,extreme,6,0.20023968203749087
1.0,0.5257676307349879,0.9819716288598742,0.6723058901671128,1.0,0.3150169135808543,0.1611433550192553,0.6567750401202648,0.456168154979808,0.7855907851553648,Эмотив,Эмотив_004,True,extreme,7,0.20023968203749087
0.992408217049513,0.5148578801862966,0.9981625582115062,0.6766266232275556,0.9899477739600933,0.3003253627559644,0.13248400330671994,0.6804263934771065,0.4395837631385404,0.8027819515040149,Эмотив,Эмотив_004,False,extreme,0,0.20023968203749087
0.48424596536821884,0.48724468281054717,0.5260353956153477,0.49680126585760853,0.5563430203874773,0.45313341130838136,0.4939965147543375,0.5172903920294755,0.48213930419364376,0.5075813512958786,Эмотив,Эмотив_005,True,extreme,1,0.24692519389096654
0.4700663129017406,0.4179059586157968,0.5484480627588393,0.5566912930332556,0.5692242859462261,0.4775798291747116,0.4635464888958157,0.5144207350255596,0.49939130355874783,0.4845791976196982,Эмотив,Эмотив_005,True,extreme,2,0.24692519389096654
0.4834193241715281,0.36763688484288726,0.8148851755790196,0.5393910070979301,0.680809676782504,0.48357358271313244,0.4966687215800239,0.4629625378946061,0.5955517645958112,0.4813572823471447,Эмотив,Эмотив_005,True,extreme,3,0.24692519389096654
0.6605203220024936,0.3162506800271506,0.8200336163093933,0.5250383484172952,0.8469684179989527,0.4069831324845392,0.3942257456778752,0.509279052264295,0.5705597069505864,0.6070160306091409,Эмотив,Эмотив_005,True,extreme,4,0.24692519389096654
0.6203538760954028,0.3071178816664211,0.8428306019614978,0.5727875872495172,1.0,0.4245196692898746,0.3985060985374556,0.6162252550434616,0.5890170754793395,0.6273840975362469,Эмотив,Эмотив_005,True,extreme,5,0.24692519389096654
0.6762684039881391,0.36381716920357016,0.9527224465444264,0.5640913508212296,1.0,0.38024204495221736,0.2983865688085835,0.6192347758679356,0.5831727318008059,0.7074141958268327,Эмотив,Эмотив_005,True,extreme,6,0.24692519389096654
0.819442258032405,0.39540968770177803,1.0,0.5883371032316782,1.0,0.37469978834782475,0.18319291987459882,0.611234551117026,0.5848600152372142,0.6793715903020269,Эмотив,Эмотив_005,True,extreme,7,0.24692519389096654
0.8486007783789932,0.3964072144130358,1.0,0.5924474175782009,1.0,0.3688465421747475,0.15532257699759194,0.6174937170108981,0.5979110721595338,0.6880668481080393,Эмотив,Эмотив_005,False,extreme,0,0.24692519389096654
0.49356703281576514,0.4909275390375034,0.5753716994156757,0.5540970187890157,0.571059473470067,0.42360046534418294,0.4803991693647688,0.517451414663091,0.5238560958726453,0.522971198952732,Эмотив,Эмотив_006,True,extreme,1,0.30601887602714956
0.5071499265592292,0.4722079602089007,0.585503481303444,0.654651695666477,0.5317769641238551,0.44459202166150935,0.47304706962805526,0.5987047409046653,0.5421669453716903,0.5592669231262074,Эмотив,Эмотив_006,True,extreme,2,0.30601887602714956
0.5830866098223926,0.4243438592327336,0.7707531505307748,0.6525778695570237,0.6077414747260068,0.4689299538638011,0.4750735147500849,0.5011578956455812,0.6096362082682572,0.588227738795881,Эмотив,Эмотив_006,True,extreme,3,0.30601887602714956
0.7652006120736123,0.42666833015041317,0.7463925436198166,0.7077618098649293,0.8155983556010447,0.34966545754707495,0.3831321114830458,0.6004333685680098,0.5902360834805277,0.6655487957953647,Эмотив,Эмотив_006,True,extreme,4,0.30601887602714956
0.8908844792499838,0.41769915892211135,0.8538664670358624,0.7688159338209449,0.8201521217714386,0.43110056147685166,0.3783134168525223,0.681660425753038,0.5743649327811042,0.7713104533875819,Эмотив,Эмотив_006,True,extreme,5,0.30601887602714956
0.9620310987129777,0.44101046660951987,0.9825040346394018,0.8210695122658219,0.8774983648856152,0.44662587018778854,0.3124771875260273,0.6505188095285148,0.5911082697680343,0.8483781193068068,Эмотив,Эмотив_006,True,extreme,6,0.30601887602714956
1.0,0.4555995758315073,1.0,0.8331942585098524,0.8890799151813393,0.47166954568957686,0.2580178423992074,0.6324393822797175,0.6037760059650499,0.8725269454900392,Эмотив,Эмотив_006,True,extreme,7,0.30601887602714956
0.9832157432327329,0.44971619453286915,1.0,0.8041731048814734,0.9169083385672515,0.4863510029355697,0.25410454620178274,0.6570405303011335,0.6319971177614067,0.8948381507967548,Эмотив,Эмотив_006,False,extreme,0,0.30601887602714956
0.5033116623068785,0.4962291130595021,0.5249897187667523,0.5354865735799825,0.5027126562582956,0.5081090177366097,0.5482891580701,0.43032077065602864,0.47160253811529573,0.5685013912902656,Эмотив,Эмотив_007,True,extreme,1,0.27777005071892386
0.5388782146558071,0.5172275675614001,0.5138380175862225,0.6266682490989708,0.4728748349401081,0.48573695175048964,0.5633508932392209,0.40061744317402376,0.45913737551013256,0.7403872964753635,Эмотив,Эмотив_007,True,extreme,2,0.27777005071892386
0.5622796664375265,0.49183513661136286,0.7472865946340332,0.6436689322967858,0.5399627530387251,0.4959864512952164,0.573876531805769,0.30114333223014983,0.520267419440939,0.724491599269067,Эмотив,Эмотив_007,True,extreme,3,0.27777005071892386
0.6155440352703078,0.501804617668127,0.7632144937752968,0.7137668929187048,0.790179002698482,0.4107904122577179,0.5190627712520574,0.41051234189822144,0.5366513634408823,0.7372539413881305,Эмотив,Эмотив_007,True,extreme,4,0.27777005071892386
0.7651312352833776,0.3562455919410514,0.9195460615797766,0.7871767281000408,1.0,0.30928969951657437,0.40651398618549406,0.5309228249462997,0.5372542775129876,0.7308476556467974,Эмотив,Эмотив_007,True,extreme,5,0.27777005071892386
0.7358330901381415,0.36661871636673626,0.9425926423627146,0.7950635895350443,1.0,0.3519764599908764,0.4773618691398235,0.6814539653632363,0.5606466153567873,0.6447711415942119,Эмотив,Эмотив_007,True,extreme,6,0.27777005071892386
0.9749904673047322,0.3396971809534144,1.0,0.7992157562384244,0.9612646808480285,0.37361969024470865,0.31327153884445624,0.7002129197765044,0.5809431723487517,0.5947158395598343,Эмотив,Эмотив_007,True,extreme,7,0.27777005071892386
0.960407147851751,0.36656652705049836,1.0,0.7695975635178046,0.9615708153325753,0.3838647618179063,0.3094442492682702,0.6728303498303795,0.5615494710917887,0.5712186683321122,Эмотив,Эмотив_007,False,extreme,0,0.27777005071892386
0.49771421753760553,0.4818938469141529,0.5646761078972989,0.5335969796974749,0.5407031212048717,0.44624291286485085,0.515532194768433,0.5305078761165284,0.4791783226396069,0.5375254006846482,Эмотив,Эмотив_008,True,extreme,1,0.1979905251342685
0.513529540893762,0.4874866457704115,0.5731048708456887,0.5179864212223325,0.5665137902137658,0.481908343233178,0.522156563153438,0.5436230827029873,0.4677281866625191,0.6535082269152837,Эмотив,Эмотив_008,True,extreme,2,0.1979905251342685
0.47677096822357573,0.465363770425422,0.7201135320566914,0.5328515069753025,0.6270426945607744,0.4918597887909839,0.5585156842830554,0.491664079549054,0.5420005019015968,0.7221512323988647,Эмотив,Эмотив_008,True,extreme,3,0.1979905251342685
0.6403843240807582,0.44305700424117583,0.7269376462087396,0.5437414743589352,0.8312189009862727,0.38011210656038913,0.5028968356762671,0.545237099852098,0.5677680975021806,0.8627025470214403,Эмотив,Эмотив_008,True,extreme,4,0.1979905251342685
0.7760972063696104,0.36227688239484584,0.7829471755172199,0.5924502685100149,0.9640265113451579,0.4150068428388237,0.4384560807656648,0.6187861414424866,0.5873956432835222,0.8503121725347413,Эмотив,Эмотив_008,True,extreme,5,0.1979905251342685
0.852744260677251,0.32113537926387564,0.8645414116230726,0.627656163412725,1.0,0.4398429367686004,0.369799200370337,0.7062735605073472,0.5593520402603617,0.7079252912588256,Эмотив,Эмотив_008,True,extreme,6,0.1979905251342685
1.0,0.299805090171689,1.0,0.6182960457831455,0.9821067718546672,0.4387257238458786,0.1856776465868899,0.6817283357332937,0.574784606883558,0.7246908755424298,Эмотив,Эмотив_008,True,extreme,7,0.1979905251342685
1.0,0.2739471426221967,1.0,0.6268157219254901,0.9651872899697225,0.4411752121136092,0.1861826775915907,0.6681693990261302,0.585010647745686,0.7342896091581672,Эмотив,Эмотив_008,False,extreme,0,0.1979905251342685
0.5185683628159912,0.4913312672615007,0.5373009383621091,0.48344490099430226,0.5296976931982265,0.44374413447140704,0.5360607352500031,0.47674127366743185,0.5009632698714351,0.5725928182881056,Эмотив,Эмотив_009,True,extreme,1,0.2089045892621246
0.5308421847039287,0.5030898754740644,0.5526493515798581,0.5378616339312206,0.5313728044243895,0.4646112336832345,0.5247575544982864,0.524007827439525,0.5157118134951241,0.65587578227348,Эмотив,Эмотив_009,True,extreme,2,0.2089045892621246
0.59096283392727,0.5282415331585198,0.7855985498438516,0.5374586604565501,0.5069084503825914,0.4382078970211161,0.4923016276824456,0.5025678710613098,0.5376451632382442,0.6350707876132552,Эмотив,Эмотив_009,True,extreme,3,0.2089045892621246
0.7396121692570853,0.5865249222324588,0.7678674091750658,0.5038857281327584,0.6544151679011962,0.4069919290476781,0.39048402607106414,0.5674738541060327,0.5226431647600325,0.721925484835438,Эмотив,Эмотив_009,True,extreme,4,0.2089045892621246
0.8713259126172678,0.4639727040892057,0.8567538469093727,0.5877225918447369,0.9144949486801122,0.32321542853433866,0.3177219469812732,0.7264582547665601,0.5386467274717797,0.679251088116482,Эмотив,Эмотив_009,True,extreme,5,0.2089045892621246
0.8753518591102719,0.5348593355558768,0.8569684619985449,0.5814216244786018,0.934051559586397,0.40138919123002187,0.393124863789719,0.6901745899696603,0.5024921456721172,0.7561166078654914,Эмотив,Эмотив_009,True,extreme,6,0.2089045892621246
0.9950023504547111,0.5413954569541142,0.9914749202219321,0.6177134566602449,0.9949113186416018,0.4278995174619915,0.29624784203960436,0.6653273339130055,0.5160373925381286,0.7401416608557497,Эмотив,Эмотив_009,True,extreme,7,0.2089045892621246
1.0,0.5378889142631645,0.9791531768423426,0.6368038395930946,1.0,0.42380648863355364,0.2850027544634907,0.6404623030721087,0.5005068899605094,0.7534581205773245,Эмотив,Эмотив_009,False,extreme,0,0.2089045892621246
0.5077018429183725,0.49989236719031155,0.4916615499651633,0.5208157434828652,0.5924797904951223,0.46066378567176464,0.5288367423968541,0.5287805695450013,0.49140255286969836,0.5468452931828183,Эмотив,Эмотив_010,True,extreme,1,0.2549377726267033
0.5321847438867144,0.4630887027920274,0.5021304645057263,0.5510033498253591,0.6058948114291394,0.42503763751758933,0.5119220783800652,0.4668777043748019,0.4990550821561831,0.7142999896677282,Эмотив,Эмотив_010,True,extreme,2,0.2549377726267033
0.5952465260274457,0.4445429110527611,0.7294694694057484,0.5430064476721892,0.6952273314607702,0.40939528599916347,0.5472832351067632,0.39980356637160813,0.5483717376317893,0.7085603955049758,Эмотив,Эмотив_010,True,extreme,3,0.2549377726267033
0.6478378330696344,0.4462853347757282,0.6871942069838798,0.6079126141620168,0.8999470095412273,0.38594935190242585,0.44052911992879146,0.5319199570735724,0.5333334535146834,0.6772684027632753,Эмотив,Эмотив_010,True,extreme,4,0.2549377726267033
0.8146413434207777,0.32637265629143847,0.802005691543967,0.6584095918986745,1.0,0.38553371829655125,0.3968430884066892,0.6062471381699502,0.5623719803406808,0.7422546923583433,Эмотив,Эмотив_010,True,extreme,5,0.2549377726267033
0.8797068453037263,0.3557073099937707,0.8678196057740635,0.7236048440938131,0.9844237084085062,0.37532431384071446,0.35290146966894986,0.5336614598776604,0.569063358861943,0.7719107275712972,Эмотив,Эмотив_010,True,extreme,6,0.2549377726267033
1.0,0.3410929320500385,1.0,0.6944703335680211,0.9588545136860329,0.3656997054691672,0.27878178929790476,0.5028473186381192,0.5774432845010071,0.7898361696606421,Эмотив,Эмотив_010,True,extreme,7,0.2549377726267033
0.9738999450787513,0.3218389642600071,1.0,0.6861955763834836,0.9323850078933832,0.3470681548294585,0.2835786982635975,0.5022699477258717,0.5761576451710544,0.7664530557444504,Эмотив,Эмотив_010,False,extreme,0,0.2549377726267033
0.4997356694519659,0.5074577412658227,0.5196567954566701,0.5264033461919401,0.522887135302363,0.4862033963869464,0.5271748287177641,0.5156955110931751,0.5199406849331324,0.5460240870878736,Эмотив,Эмотив_011,True,extreme,1,0.15347834555185003
0.5372186241062814,0.4848258624827104,0.5155874642833767,0.5614925151334105,0.530487295368358,0.46128770675669506,0.5526264308522658,0.49311501501133675,0.5065343340728237,0.7247246913658079,Эмотив,Эмотив_011,True,extreme,2,0.15347834555185003
0.5736711489834045,0.4297813078877959,0.7399797124691286,0.5855947712529028,0.6223850778621639,0.44920062529314353,0.5383484339795604,0.44739694747482606,0.554372534586998,0.7009496708932694,Эмотив,Эмотив_011,True,extreme,3,0.15347834555185003
0.6107320764104542,0.4209128062823575,0.7044703835884528,0.6228945936542918,0.8891682523932777,0.3656559080012377,0.42747456235381026,0.5167530549142003,0.585691491461741,0.6863505817172092,Эмотив,Эмотив_011,True,extreme,4,0.15347834555185003
0.7207920980816169,0.38009684097642144,0.7833867647066013,0.6619458076936942,0.9308644899250611,0.41371945245633024,0.3624761945251451,0.6059950908126961,0.5691240093029267,0.682556086251186,Эмотив,Эмотив_011,True,extreme,5,0.15347834555185003
0.7942930144061227,0.4735758383123528,0.9259599704649271,0.6529668358633726,1.0,0.3381421617131551,0.3183026082728541,0.6002110391798001,0.5826126395937027,0.8052983842749637,Эмотив,Эмотив_011,True,extreme,6,0.15347834555185003
0.9461496790747215,0.4381618557018689,1.0,0.7066619044880457,1.0,0.35001935338799384,0.18547879242324722,0.6299938545096565,0.5615472655097619,0.8025495513387304,Эмотив,Эмотив_011,True,extreme,7,0.15347834555185003
0.9718877620796631,0.45147614911726175,0.9746827368689158,0.7091908437513822,1.0,0.34589212261564556,0.17416061110653552,0.6349296079675935,0.5366543351929318,0.7962921187943912,Эмотив,Эмотив_011,False,extreme,0,0.15347834555185003
0.5057864494408623,0.5424892562770015,0.5108978142427936,0.46926720849358833,0.5767218267715095,0.5053133857777299,0.5053214041449262,0.5163446327086465,0.5120032974499933,0.5544286206789638,Эмотив,Эмотив_012,True,extreme,1,0.27563026272373936
0.4163262245519136,0.43913742129043243,0.5181392944780995,0.6195482317171689,0.5748778113172047,0.49073357692415676,0.5358196988315997,0.5974079669760681,0.5077902521302088,0.5722253681656986,Эмотив,Эмотив_012,True,extreme,2,0.27563026272373936
0.508511862959351,0.4052603739988262,0.7787747098592676,0.6034927475659702,0.5863676026428243,0.49035046080584876,0.636327886285708,0.45112924676863,0.52419130692619,0.6739293297798719,Эмотив,Эмотив_012,True,extreme,3,0.27563026272373936
0.6465483353450109,0.3810617421987187,0.7373189999469043,0.7020224488932727,0.6142188952630421,0.41472877210258857,0.6246880542697673,0.5395964892206115,0.522836456378081,0.724261804747022,Эмотив,Эмотив_012,True,extreme,4,0.27563026272373936
0.7235297218121322,0.30606520855984926,0.8316123131681911,0.7353782794718806,1.0,0.2964845607139506,0.5541001246192497,0.5979621778898412,0.48763408574906536,0.7462077956302079,Эмотив,Эмотив_012,True,extreme,5,0.27563026272373936
0.7846398451714348,0.31769777848536496,0.9266701111371445,0.8026696236846141,1.0,0.29637908371052735,0.518898051736802,0.6868271779997415,0.48612711895873456,0.6282308491712607,Эмотив,Эмотив_012,True,extreme,6,0.27563026272373936
1.0,0.28178548317207086,1.0,0.8118905539121228,0.9958005665038387,0.333353313446122,0.33674142629624615,0.7042086825005263,0.4552756332331378,0.6420222832367201,Эмотив,Эмотив_012,True,extreme,7,0.27563026272373936
0.9773353594042871,0.26282133599344587,1.0,0.7835213064015836,1.0,0.352004483609036,0.3190095404752036,0.7279412798663428,0.4719804141336197,0.6446336483884247,Эмотив,Эмотив_012,False,extreme,0,0.27563026272373936
0.5136042731930053,0.5247575747621638,0.4827849308667031,0.5108712138017765,0.5272779516723917,0.5020379649571606,0.558002585691414,0.5571777001344207,0.48845727066224925,0.5397177374649536,Эмотив,Эмотив_013,True,extreme,1,0.20198349027385107
0.5212712966857278,0.5577924964408116,0.4581219945038297,0.45776792192430793,0.5509274603457872,0.49737234061869046,0.5253771100152836,0.4910450359952674,0.49621701490334735,0.6232657965919031,Эмотив,Эмотив_013,True,extreme,2,0.20198349027385107
0.5963821483549901,0.6098927125603956,0.7071955595173621,0.45797661594927214,0.5551243510225377,0.5006957214205093,0.5252002388212582,0.4771944073970026,0.5333602761629139,0.627100558352525,Эмотив,Эмотив_013,True,extreme,3,0.20198349027385107
0.6630039008289186,0.617870213011897,0.6955119513857317,0.47135284371861086,0.8265340104343883,0.4408509771796448,0.4255638898449229,0.6232847899183807,0.5792339970306322,0.6504984619927123,Эмотив,Эмотив_013,True,extreme,4,0.20198349027385107
0.8030219093887828,0.5168231509564687,0.7904544807618161,0.557081962097722,1.0,0.4377253808185965,0.3867046577312999,0.7197007792304023,0.5503894587864762,0.7180505154306208,Эмотив,Эмотив_013,True,extreme,5,0.20198349027385107
0.8652133749094729,0.543830209657161,0.8970284800698752,0.6183152555207706,0.9852472554701914,0.4616765485642081,0.314100819851588,0.6448290135537403,0.512662130728054,0.7743528966067112,Эмотив,Эмотив_013,True,extreme,6,0.20198349027385107
1.0,0.5452396017031431,1.0,0.6094124485652022,0.9769843732468956,0.4232420555385031,0.1342537206331425,0.6930648416687147,0.5094927211029484,0.7486150112670524,Эмотив,Эмотив_013,True,extreme,7,0.20198349027385107
0.9871429852919621,0.5386958346501509,1.0,0.6330339165232991,0.9704315270136349,0.4087095328113672,0.11413236661111878,0.7038450895920588,0.5280558996189377,0.7572974710374488,Эмотив,Эмотив_013,False,extreme,0,0.20198349027385107
0.4817479091693702,0.5002537222467033,0.5053924825980823,0.5355381941126783,0.5619943308005925,0.4441792098856355,0.4907689032964721,0.5478886441546214,0.47739443702166967,0.520590617944011,Эмотив,Эмотив_014,True,extreme,1,0.14380913518393118
0.5039466298250199,0.4685290908874162,0.4944728871066876,0.6115122432027961,0.5319812630857913,0.4718125325817241,0.4984760295060154,0.5061856688725797,0.43753362582509014,0.6284409797108748,Эмотив,Эмотив_014,True,extreme,2,0.14380913518393118
0.5537801574670688,0.40472011275172637,0.7405411676786964,0.6226669321583838,0.6534614820044718,0.47651451661401617,0.5162235992703496,0.44730716913949137,0.4703255991634746,0.6120972479912977,Эмотив,Эмотив_014,True,extreme,3,0.14380913518393118
0.673331540659433,0.41662139548051136,0.7835451612161445,0.6310134696877512,0.7939350418111278,0.43131605156238745,0.44178507354223306,0.5417897957423881,0.4275585688167289,0.687750618491276,Эмотив,Эмотив_014,True,extreme,4,0.14380913518393118
0.7767048876909062,0.29136602495917896,0.914262319064707,0.6598144177470069,0.9906503224669498,0.4184696998083032,0.3978939670847188,0.6202724603540473,0.4262393381470276,0.7263038244082816,Эмотив,Эмотив_014,True,extreme,5,0.14380913518393118
0.8485567432811201,0.36268599524892353,0.9910286517396512,0.7287437005008264,0.989386392009723,0.39498697075819306,0.3138707321172008,0.5163170357380857,0.3953051494776396,0.7925648869831587,Эмотив,Эмотив_014,True,extreme,6,0.14380913518393118
1.0,0.3568325690198197,1.0,0.7464130266991911,1.0,0.3616851900034503,0.12760008851137286,0.5098201705284422,0.40157012187496044,0.8083682456442611,Эмотив,Эмотив_014,True,extreme,7,0.14380913518393118
0.9788532377750474,0.3755535642060452,0.9935623231496069,0.7190869599857649,0.9754179942626482,0.36541768515740675,0.12408817337196738,0.5275385131697686,0.4205682693493263,0.7813315211109231,Эмотив,Эмотив_014,False,extreme,0,0.14380913518393118
0.5030352226172072,0.5409857755540897,0.5672318643612673,0.5041068344987796,0.5398577768937699,0.4921977882764389,0.49329095910534415,0.46218186376928955,0.5173859950257197,0.5105839603201928,Эмотив,Эмотив_015,True,extreme,1,0.17170057672982747
0.5185572977315512,0.47211009724518527,0.5257780570048618,0.6781877165727068,0.5590864085966112,0.4949668482764334,0.531298609024926,0.44635574402055084,0.5311495582635904,0.5564069952613665,Эмотив,Эмотив_015,True,extreme,2,0.17170057672982747
0.5579965567236846,0.4447585769685728,0.7618275446380981,0.666470898072204,0.6578097720602551,0.5033116318963997,0.521396470333999,0.3678371966386537,0.5812673422917997,0.5700270799612926,Эмотив,Эмотив_015,True,extreme,3,0.17170057672982747
0.7231377760420209,0.4468988051059264,0.7628901383677432,0.6836420508224467,0.8515861422482971,0.4450250471417262,0.470036249634024,0.46356178664277176,0.5463517779842301,0.7042043001486655,Эмотив,Эмотив_015,True,extreme,4,0.17170057672982747
0.873903172791309,0.44275483990216347,0.8531791110685063,0.7309136634794349,0.901047532026408,0.441692756729989,0.41660952635254583,0.5623315161823399,0.5107753707598026,0.682388966022282,Эмотив,Эмотив_015,True,extreme,5,0.17170057672982747
0.9649027141649906,0.48305734745304285,0.9652491903762298,0.7279979484030574,0.9684297229168625,0.38147023493369125,0.3481244818136814,0.5682126712831692,0.5336840767895439,0.7877560978369273,Эмотив,Эмотив_015,True,extreme,6,0.17170057672982747
1.0,0.4664446143932306,1.0,0.707510499769105,0.9766030547332489,0.40299654496303206,0.23338418914924364,0.5609450223134929,0.5261330090894759,0.7746130697220543,Эмотив,Эмотив_015,True,extreme,7,0.17170057672982747
0.9763229621165077,0.46286799811633855,1.0,0.6857057048919296,0.9502147690718942,0.39541613311724355,0.20979505895119718,0.5477371444492718,0.5493401898352038,0.7683282213265249,Эмотив,Эмотив_015,False,extreme,0,0.17170057672982747
0.524853476140978,0.5163793105557574,0.5181634172591734,0.514538158101262,0.5733063946489572,0.43207021756229624,0.516526417565908,0.5012558201033926,0.49291554619446715,0.5510558726229124,Эмотив,Эмотив_016,True,extreme,1,0.2051039524095527
0.514756319840356,0.38317200154739794,0.5028530604609984,0.6607670449930962,0.5522715949872127,0.4349581564447048,0.5169567656468869,0.5076955909942512,0.48061396218838504,0.6066797393204796,Эмотив,Эмотив_016,True,extreme,2,0.2051039524095527
0.5491870256192202,0.3217233169825108,0.7344077204667694,0.6737208089244084,0.6922692302145255,0.4474276017812011,0.5319533034276255,0.43836202503417043,0.5104767945860235,0.6036048467568801,Эмотив,Эмотив_016,True,extreme,3,0.2051039524095527
0.6968787168680007,0.30587197271998523,0.7717236030107072,0.6910536828956463,0.8869894943890476,0.38400963913421726,0.3999156938734084,0.4716136216415649,0.5212199845207786,0.723926604832295,Эмотив,Эмотив_016,True,extreme,4,0.2051039524095527
0.7864828776668007,0.2535722853000125,0.8707744062004489,0.6394078111428352,0.8867562286007512,0.4192795418264914,0.3647787019777937,0.6502057907048348,0.5159985570711628,0.7907885914528361,Эмотив,Эмотив_016,True,extreme,5,0.2051039524095527
0.8811652429675062,0.28399728540668245,0.9887301686836316,0.7032075380812308,0.9587334842458561,0.3730627699629944,0.29248972641033266,0.5921897665060716,0.5055425571362684,0.8256143369097122,Эмотив,Эмотив_016,True,extreme,6,0.2051039524095527
1.0,0.2840877555308725,0.9880567716308978,0.7570240325010897,1.0,0.35866480794450767,0.19555005608824294,0.5755121506518335,0.5259115585350522,0.789576900113093,Эмотив,Эмотив_016,True,extreme,7,0.2051039524095527
1.0,0.2744563265242782,0.9824431879489819,0.7747050343183202,0.9870258075343585,0.3631836227292424,0.219076389580397,0.5872056944994977,0.5387091863388499,0.798400824084456,Эмотив,Эмотив_016,False,extreme,0,0.2051039524095527
0.49033619609645146,0.5103239203204384,0.5522476754233154,0.5030824226890696,0.5379559674630134,0.4933036402029996,0.5181332779000982,0.5115176765282105,0.4884254850965495,0.5637239305179769,Эмотив,Эмотив_017,True,extreme,1,0.2938354933998511
0.44542459780298294,0.4778682436473825,0.5715587581196333,0.5809851097187119,0.5428762242546025,0.4809686525664635,0.50923868096765,0.49375450580106306,0.4562116916652707,0.594706288699564,Эмотив,Эмотив_017,True,extreme,2,0.2938354933998511
0.451423518969752,0.49839679468344233,0.671508967259868,0.5888348564800067,0.7801901954090062,0.41699653167698414,0.5166525655334966,0.5145924235780968,0.46905358908621847,0.6011937820159176,Эмотив,Эмотив_017,True,extreme,3,0.2938354933998511
0.5893565738810352,0.533171945252019,0.6482529900523388,0.5849330655380182,0.9449616869894604,0.3606661042212319,0.4435778758043362,0.5674938985521925,0.46128451995917025,0.6802544657677467,Эмотив,Эмотив_017,True,extreme,4,0.2938354933998511
0.6857791775343332,0.5432453366971488,0.7783738784875907,0.6447409133106556,1.0,0.3351450043595904,0.4033161949338448,0.6911328560685144,0.481139679960502,0.6587549165157479,Эмотив,Эмотив_017,True,extreme,5,0.2938354933998511
0.7399186148378543,0.5979038054441682,0.889306060576784,0.7519870760017053,0.9837724248618697,0.337282148992107,0.3220262433910451,0.6080120084925935,0.4841083288222661,0.7073978879289806,Эмотив,Эмотив_017,True,extreme,6,0.2938354933998511
0.9392543683602587,0.606007084806606,1.0,0.7556956342046689,1.0,0.31214101405654826,0.2429078399526916,0.5245051088559364,0.4730078419273426,0.7874021950265546,Эмотив,Эмотив_017,True,extreme,7,0.2938354933998511
0.9456088714089006,0.6014828934021239,0.979327697191423,0.7791678370775326,1.0,0.32712276455391637,0.21802237342258762,0.5293311307978106,0.48432165110020897,0.8108175295148051,Эмотив,Эмотив_017,False,extreme,0,0.2938354933998511
0.5048526802053825,0.5226740062422737,0.4847702151819219,0.5439129441810588,0.5034896146649194,0.5212857396046697,0.49922626463408687,0.5304790324522769,0.5190431470975968,0.4967184276428589,Эмотив,Эмотив_018,True,extreme,1,0.3452143907059356
0.5147466412223792,0.39004067426230604,0.49848735072590283,0.6795909060020192,0.4977526170014774,0.5043572794884223,0.49979096971725423,0.5626360745473538,0.5499566729987899,0.4934212113418955,Эмотив,Эмотив_018,True,extreme,2,0.3452143907059356
0.5594553327826073,0.3664558317454048,0.738715986100781,0.6802269492260536,0.5985787449206373,0.5264411400851304,0.5370067773005801,0.46678108718172534,0.6155562494763406,0.4674856682469154,Эмотив,Эмотив_018,True,extreme,3,0.3452143907059356
0.7060248419030744,0.37902803571637644,0.7596473679379382,0.7244760865283931,0.7454795900935919,0.4830354406978524,0.44608621294560946,0.5199356374023849,0.6079693646876925,0.5756351747886523,Эмотив,Эмотив_018,True,extreme,4,0.3452143907059356
0.8315384970574337,0.28229592887062577,0.8643398265714565,0.8094005066859219,0.9090618891312336,0.4228517853353644,0.38524346348691463,0.5979911329822912,0.5998895948840666,0.6633944194392027,Эмотив,Эмотив_018,True,extreme,5,0.3452143907059356
0.9189762406589626,0.3158265810344907,0.9449981564975003,0.8920439494130114,0.9455957085254411,0.43047707057435847,0.28748429785035684,0.5025052630849431,0.6477169276808112,0.7161579420193652,Эмотив,Эмотив_018,True,extreme,6,0.3452143907059356
0.9907280559545638,0.34821977917338764,0.9934476350046809,0.882160949976735,1.0,0.4231502306044825,0.3425340859608517,0.5181478395175176,0.6268637229183868,0.6790851278045638,Эмотив,Эмотив_018,True,extreme,7,0.3452143907059356
0.9737310028980563,0.3576775798699249,1.0,0.9098426623938506,1.0,0.4357130504021792,0.338812583275118,0.5437060081280459,0.6099003913289902,0.676078069276133,Эмотив,Эмотив_018,False,extreme,0,0.3452143907059356
0.49170442473984693,0.4870288389756786,0.5337109918789532,0.5424161940572598,0.5105162371507703,0.44602404889155006,0.4502942104926599,0.5015728233642675,0.4912065851377124,0.5394368539521175,Эмотив,Эмотив_019,True,extreme,1,0.1758141237087504
0.46980929028862967,0.34843259971362284,0.5503891542134218,0.6598108378632845,0.5481499874036808,0.477528010607282,0.45613008172832875,0.4961310607341198,0.47001480634214504,0.5025738457189726,Эмотив,Эмотив_019,True,extreme,2,0.1758141237087504
0.5302700553051328,0.292652219946303,0.7867208543227793,0.623687905843935,0.6718565264827192,0.4782602764910427,0.4598950420176464,0.3904373561543408,0.5127604661676874,0.46403793048994846,Эмотив,Эмотив_019,True,extreme,3,0.1758141237087504
0.6688077171022404,0.29382180612516257,0.799714538761329,0.6134431913186182,0.880828565485921,0.46196808552034074,0.35616051759152956,0.4946864226250673,0.5352241322379205,0.5222807599313555,Эмотив,Эмотив_019,True,extreme,4,0.1758141237087504
0.8230782408247462,0.28869204155873596,0.9052510554813602,0.5840107192708145,0.9199720295456276,0.5066773429913809,0.26628771486572633,0.6509980947467676,0.5357084761899056,0.6483215645536247,Эмотив,Эмотив_019,True,extreme,5,0.1758141237087504
0.8356311683239134,0.33629716667711373,0.8767170300830011,0.675935025027324,0.9927649463638099,0.4687598055850031,0.28812911731574364,0.6546529454530975,0.5345644250143411,0.6848546495264786,Эмотив,Эмотив_019,True,extreme,6,0.1758141237087504
0.9612065689646436,0.3392482349418602,0.9998307503785513,0.7195394178396689,1.0,0.4640751332365277,0.18101611598504574,0.6643479005973565,0.5219111053656809,0.610306683663586,Эмотив,Эмотив_019,True,extreme,7,0.1758141237087504
0.9778755686411431,0.33430806625380255,0.9779889798470769,0.7259201392273892,1.0,0.4437510201866713,0.17014794716614773,0.6539180544840942,0.5399402709061606,0.6111924470809031,Эмотив,Эмотив_019,False,extreme,0,0.1758141237087504
0.48813558229969484,0.5188716282177499,0.5149293575019365,0.5079852476603839,0.5929962189915201,0.4433969509721753,0.5145994141257841,0.4859217933187809,0.5035622965367216,0.4863335575890996,Эмотив,Эмотив_020,True,extreme,1,0.39693281108295164
0.4844088686317447,0.4750350933754603,0.5435354223188654,0.6265601516315664,0.5931119707356749,0.4567887352545323,0.4959923267757448,0.5086141584725203,0.5187051440750295,0.579136642419849,Эмотив,Эмотив_020,True,extreme,2,0.39693281108295164
0.6309231942733508,0.4550020022877595,0.7770033838827328,0.6572306938506609,0.5989559106756434,0.44873276612380136,0.5709375816578682,0.39943140228576446,0.48501053863474314,0.6360778845761211,Эмотив,Эмотив_020,True,extreme,3,0.39693281108295164
0.5720623097974314,0.4419371161176509,0.7604746560449573,0.7483878875403925,0.8651888641981347,0.3379232371905372,0.59476202358615,0.4664279106676151,0.5343383738884729,0.6654583084403386,Эмотив,Эмотив_020,True,extreme,4,0.39693281108295164
0.6362874106694876,0.40404793993294214,0.782939561102188,0.6944148536982563,1.0,0.28081303097234056,0.6193358060453806,0.6741855689746736,0.5715140832704761,0.8161147160600111,Эмотив,Эмотив_020,True,extreme,5,0.39693281108295164
0.6938437036756152,0.4189612121554361,0.8609511852006323,0.773707056586069,1.0,0.28737490618823436,0.557153652268675,0.7705220365523371,0.5715836144655911,0.6759624830686273,Эмотив,Эмотив_020,True,extreme,6,0.39693281108295164
0.9480014316702796,0.4471249705551181,1.0,0.7463716485671151,0.9968823970436702,0.276488417355165,0.38927983301757424,0.7665586229942107,0.5933716571619841,0.6863728190614662,Эмотив,Эмотив_020,True,extreme,7,0.39693281108295164
0.9470069315111008,0.42081758808474573,0.975061144998046,0.7549764573520791,0.9714452612647718,0.24895441704555496,0.41867281772816317,0.7685403998621521,0.6183371780441529,0.7096943862735704,Эмотив,Эмотив_020,False,extreme,0,0.39693281108295164
0.4877062023805393,0.5019815764410204,0.5472277207578197,0.5335543180792416,0.5197235427275637,0.48716535199410377,0.5453682996480445,0.4727615626183113,0.5139144233934066,0.5742613497147385,Эмотив,Эмотив_021,True,extreme,1,0.22696733991374404
0.4952859172150322,0.5041878030268472,0.5382572385287652,0.5848403408430526,0.5385498807793235,0.5060422673576765,0.5642893731121277,0.46287538761353936,0.5049523236684488,0.7498041275913203,Эмотив,Эмотив_021,True,extreme,2,0.22696733991374404
0.4803993237118645,0.5527287061475091,0.648704317362741,0.5526968038711131,0.7427242003584079,0.38102399545043697,0.5711694784413284,0.5072132601675435,0.5233233645273595,0.7369329823682801,Эмотив,Эмотив_021,True,extreme,3,0.22696733991374404
0.5037893244573287,0.5467708806301436,0.6549981507697512,0.6497508424123609,0.9876945154331535,0.3506549938228962,0.4683393200568093,0.6641520360396516,0.5156982532355686,0.7714090703342392,Эмотив,Эмотив_021,True,extreme,4,0.22696733991374404
0.6946202860267211,0.5282452641317353,0.7603119917539266,0.6368284952702145,1.0,0.42111552609568786,0.3976360694196104,0.710974924343418,0.523741915789359,0.8376144264743328,Эмотив,Эмотив_021,True,extreme,5,0.22696733991374404
0.758296201662209,0.5293650470605494,0.8561519914123409,0.6979539057824381,1.0,0.4357232756749373,0.36202706274521057,0.820179623333256,0.5173966233782249,0.7243162658690303,Эмотив,Эмотив_021,True,extreme,6,0.22696733991374404
0.9751708737440363,0.529864420553064,1.0,0.6667842848758041,0.9886636958737793,0.4454263794288584,0.22672188735355447,0.797369387879581,0.5195251886077633,0.6753447297938571,Эмотив,Эмотив_021,True,extreme,7,0.22696733991374404
1.0,0.532814885385179,0.9935973444336593,0.6426348371135122,0.9939870518619922,0.42547466746512047,0.19767284792669246,0.778935235165737,0.5111629377839615,0.7021167271296807,Эмотив,Эмотив_021,False,extreme,0,0.22696733991374404
0.48315198075546906,0.47718120182494733,0.55908630647844,0.5727257293498945,0.5633058731415268,0.44135205651564635,0.4688931872461863,0.4938542460694344,0.47148255673704764,0.4894498480492306,Эмотив,Эмотив_022,True,extreme,1,0.3285221964868139
0.46718480939613816,0.42698071471810517,0.5775371582160301,0.6456171690726592,0.5612251785851915,0.44798159539632215,0.442657756746276,0.5016308461287604,0.45362252297017336,0.47268471648290405,Эмотив,Эмотив_022,True,extreme,2,0.3285221964868139
0.5199603087305219,0.38269207040579556,0.8153882459758649,0.6274401762739853,0.6606231573733943,0.445367515713363,0.483230021202701,0.4207023925424288,0.4998581530054994,0.44232250191342726,Эмотив,Эмотив_022,True,extreme,3,0.3285221964868139
0.6319122642496994,0.3886994751588422,0.8253621250511838,0.6260237290884373,0.8420194317652917,0.3818210911454807,0.5228910218135248,0.325714142708391,0.5056845553911117,0.5906986428178109,Эмотив,Эмотив_022,True,extreme,4,0.3285221964868139
0.7388925437307626,0.3078974010196556,0.9603925316382023,0.5761333836182623,1.0,0.28361797722410786,0.44201696585508105,0.5534697282611087,0.5434543902873821,0.6723563438127188,Эмотив,Эмотив_022,True,extreme,5,0.3285221964868139
0.7493134840920656,0.3769618368035186,0.9459354248063094,0.682816968145097,1.0,0.18876916826291268,0.4669017660105684,0.5503895315943901,0.5511108539595417,0.7370215342155702,Эмотив,Эмотив_022,True,extreme,6,0.3285221964868139
0.9830378978262166,0.38614234672675973,1.0,0.6777305659972056,0.9802423617530401,0.16507940129960674,0.3322595866119031,0.6082360109080581,0.5759480611532397,0.7476834603260303,Эмотив,Эмотив_022,True,extreme,7,0.3285221964868139
1.0,0.367089523098065,0.9709901220038207,0.688846986454412,0.9783476920860298,0.1852192017073495,0.33228834917878564,0.6073210507565978,0.5760287103869648,0.7495777699351734,Эмотив,Эмотив_022,False,extreme,0,0.3285221964868139
0.5394415257319528,0.4811849879422514,0.5120500124273563,0.5180055673899471,0.5522877691453545,0.46658769478044704,0.47655363039125687,0.5065517520061636,0.46959530355736356,0.5165260868269616,Эмотив,Эмотив_023,True,extreme,1,0.23807600481479746
0.5575046436966778,0.3985228073073559,0.553131048483873,0.656517245142525,0.5333276200180305,0.44647884345873795,0.47654098478192664,0.5104125747309636,0.48305649962873803,0.5505491169062912,Эмотив,Эмотив_023,True,extreme,2,0.23807600481479746
0.6787957375538018,0.4143440175737391,0.7728934498659378,0.6687528114907465,0.5007075311246028,0.4400505220435439,0.48523515389017174,0.45470262218731483,0.4656610399391539,0.5738479861139119,Эмотив,Эмотив_023,True,extreme,3,0.23807600481479746
0.7780757462041373,0.4413738704790364,0.772158012591613,0.7135545798580574,0.7136681205600657,0.36463262769654603,0.37828344345898723,0.6071359261452894,0.4776026190231894,0.5986319825477563,Эмотив,Эмотив_023,True,extreme,4,0.23807600481479746
0.8454665802825404,0.3547403772969798,0.83876999228749,0.7614047141450584,1.0,0.284693606607564,0.2718497224084055,0.6201129916216603,0.48236885634300525,0.7216217075828923,Эмотив,Эмотив_023,True,extreme,5,0.23807600481479746
0.869259822516166,0.3502852632526597,0.9355301149864989,0.7868507820249742,0.9867343786487884,0.3739985108884832,0.2755794401402236,0.6951254196823891,0.5044786732980858,0.6503109296568241,Эмотив,Эмотив_023,True,extreme,6,0.23807600481479746
0.9947831230362132,0.36754114266895954,1.0,0.8177175454970028,1.0,0.35680204857070036,0.19249604631636477,0.7301518824465669,0.5271581642775481,0.6094811456504785,Эмотив,Эмотив_023,True,extreme,7,0.23807600481479746
0.9921769601795286,0.35420007731249553,0.9942289073263181,0.8174047201209814,1.0,0.33569690997219953,0.19209903686468452,0.7171110391322063,0.54357721367792,0.6268468629798097,Эмотив,Эмотив_023,False,extreme,0,0.23807600481479746
0.48159776324403547,0.5353666139169797,0.5206567119142137,0.5498348965254094,0.5587336262849872,0.45973000466324515,0.5141620925112117,0.4980969414884378,0.48152562160147233,0.48930575673350213,Эмотив,Эмотив_024,True,extreme,1,0.23724996106082075
0.4508861120913329,0.5537495012200132,0.5382477750706524,0.6137585225187866,0.6024431174345932,0.4992145354694393,0.5083093877440736,0.445274162088722,0.4659468877866767,0.6659923481656176,Эмотив,Эмотив_024,True,extreme,2,0.23724996106082075
0.5426369491069982,0.6189110344286801,0.7878061118488399,0.5650153558132116,0.5626288529219591,0.4942617180175555,0.5008344328497144,0.4117233398350757,0.4615591308936901,0.6401216832331518,Эмотив,Эмотив_024,True,extreme,3,0.23724996106082075
0.729517890521575,0.6205774912201659,0.793552648972834,0.5246742423702855,0.6216118091136661,0.5111946457130636,0.42892929004050273,0.4669871695032232,0.42534973072010795,0.8305611236243307,Эмотив,Эмотив_024,True,extreme,4,0.23724996106082075
0.8752380618540772,0.5489341409523292,0.8780185208290985,0.6183204147660493,0.8919486777841754,0.40064817516510065,0.3770361593902358,0.6606071629536054,0.4253990889471835,0.8171039711542442,Эмотив,Эмотив_024,True,extreme,5,0.23724996106082075
0.9433659292190902,0.5343767316699145,0.9852248248776665,0.6428802567421277,1.0,0.43160603504682993,0.3037667686783956,0.7933511842102,0.4616077185443849,0.6780589613269272,Эмотив,Эмотив_024,True,extreme,6,0.23724996106082075
1.0,0.530513664638466,1.0,0.71515672847478,0.9514126928569863,0.4127090400634226,0.19117423650123702,0.7906557570781075,0.4622793975902221,0.6700258936032797,Эмотив,Эмотив_024,True,extreme,7,0.23724996106082075
0.9756984018610939,0.5531604085943355,1.0,0.7378281383809967,0.9484100336839103,0.40027738461268303,0.1745980426514343,0.7730267263793685,0.4612060058566332,0.6905242864394516,Эмотив,Эмотив_024,False,extreme,0,0.23724996106082075
0.5225123479251609,0.4942994355337799,0.5116558626885583,0.5405115644731145,0.5102227412489602,0.4602281999670427,0.5304672057659028,0.5127607958933386,0.536558397647333,0.4863158633806456,Эмотив,Эмотив_025,True,extreme,1,0.3350806803066127
0.5333168081120057,0.3946512846265379,0.4902554164586964,0.6322483301648978,0.5101253153515445,0.436425410274823,0.5409770411523332,0.5150722379143676,0.5699004944863597,0.4746079580752497,Эмотив,Эмотив_025,True,extreme,2,0.3350806803066127
0.5705276569209285,0.3581500389322399,0.7210799411651286,0.6768946001778917,0.6097078210211536,0.43200243229590524,0.5600020645333446,0.4330364453081966,0.5814488516004592,0.4549931070697748,Эмотив,Эмотив_025,True,extreme,3,0.3350806803066127
0.7624062208622213,0.37499106060797033,0.7782027211329724,0.7636031364458338,0.6408261487889254,0.3502120689897093,0.5056233534515368,0.5503597150139663,0.5830972883378015,0.4841612425783415,Эмотив,Эмотив_025,True,extreme,4,0.3350806803066127
0.8107552366684171,0.3888342257824706,0.8984093120071218,0.7223642019621647,0.792994395336351,0.2774474213085512,0.511039877078246,0.577517366832924,0.6184222617519195,0.795610642088988,Эмотив,Эмотив_025,True,extreme,5,0.3350806803066127
0.8831539463790423,0.3607786668152823,0.9798841783506012,0.7145367045432058,0.933152019979756,0.19887246101337114,0.46717037186889676,0.7153657743452948,0.6095434735752441,0.7150687743458158,Эмотив,Эмотив_025,True,extreme,6,0.3350806803066127
1.0,0.3188273264676453,1.0,0.7290222917508681,0.967849277025797,0.1956390675836846,0.28070438651384616,0.7197785713435282,0.5826537123440667,0.6684686330086618,Эмотив,Эмотив_025,True,extreme,7,0.3350806803066127
1.0,0.32959310829068716,0.9895059406458686,0.729027830958862,0.9852278566644801,0.18340552811119812,0.2990835709176007,0.7290887009218057,0.5540040090999644,0.6626044004195963,Эмотив,Эмотив_025,False,extreme,0,0.3350806803066127
0.5154629299565555,0.49494613811794885,0.5674670280580032,0.546906783568227,0.5643083510190269,0.4431283864693752,0.5051228539335231,0.5295043525844099,0.5025350977164654,0.527869559457461,Эмотив,Эмотив_026,True,moderate_a0.6,1,0.4121043187071334
0.5144489050861676,0.5030620903575325,0.5437989156448658,0.5421304357668195,0.5820651977994576,0.4087831140642299,0.5294966252559805,0.49372848073961767,0.5143534817712593,0.7207111241397094,Эмотив,Эмотив_026,True,moderate_a0.6,2,0.4121043187071334
0.5818804479819368,0.4687757202838988,0.7888412106004821,0.5399950785762686,0.6767606361780522,0.4373871855349777,0.5594073345502519,0.44793916116763527,0.5585117810870089,0.7701932993502576,Эмотив,Эмотив_026,True,moderate_a0.6,3,0.4121043187071334
0.6467013609702221,0.4911712656726488,0.7690604123083042,0.6372828532964071,0.9100591894809088,0.375436767112799,0.47780684627479236,0.540265717579459,0.5440864029244787,0.7523040933060857,Эмотив,Эмотив_026,True,moderate_a0.6,4,0.4121043187071334
0.7094551182993964,0.6159964473967663,0.8367445630643834,0.640015155445451,0.9255386820310222,0.4213607289759737,0.47681522054285214,0.6201890052528891,0.5415853627589379,0.8306046669100825,Эмотив,Эмотив_026,True,moderate_a0.6,5,0.4121043187071334
0.7609332547929745,0.6071863211010525,0.8582694125430236,0.7297598230213316,0.9520320209002174,0.40601507428617756,0.5077979547296188,0.5800320420212444,0.5545937188884185,0.7839972910043143,Эмотив,Эмотив_026,True,moderate_a0.6,6,0.4121043187071334
0.9588606933195228,0.6280013020878682,0.9685836954173084,0.7669191394539413,0.9349802415547336,0.37006683108464006,0.4040390401001055,0.5588199639023659,0.5579467199672601,0.7939183826201786,Эмотив,Эмотив_026,True,moderate_a0.6,7,0.4121043187071334
0.9589785128465995,0.6171739459417063,0.9590344568280432,0.7374240567835386,0.9502000565705703,0.34656265067846587,0.37681349330764163,0.5886598192343047,0.5667560365623175,0.783617793820305,Эмотив,Эмотив_026,False,moderate_a0.6,0,0.4121043187071334
0.5158321913431408,0.506628052335962,0.5106307811860544,0.5140938423764636,0.5788764305616418,0.423539559142883,0.5180382421924273,0.5888128074810438,0.5152133363853962,0.5232191932105105,Эмотив,Эмотив_027,True,moderate_a0.75,1,0.3641765844817102
0.5089725794945209,0.4944822501832739,0.5043868520283789,0.5836330325397749,0.5893207487812846,0.39032396323004703,0.5562225939796513,0.536666935210798,0.5410308779064029,0.6761073021743542,Эмотив,Эмотив_027,True,moderate_a0.75,2,0.3641765844817102
0.5518286052370163,0.43736617344985873,0.742688277877921,0.5829053863260161,0.6752069293446035,0.39388350281021306,0.5744120326155469,0.49718063834941306,0.5866317414815673,0.6721115151918694,Эмотив,Эмотив_027,True,moderate_a0.75,3,0.3641765844817102
0.6921512296941671,0.44473443866600737,0.6979369186404086,0.6702693451392577,0.7175559887899877,0.3222911719654002,0.4985065780526295,0.612948846992723,0.6082054363466425,0.723395814053297,Эмотив,Эмотив_027,True,moderate_a0.75,4,0.3641765844817102
0.8456659225966983,0.43098156285744704,0.7933975100601498,0.7320943090988973,0.8605000128134825,0.33196575185018007,0.44424662659640235,0.7511800571087736,0.5641209693584156,0.7051102113535596,Эмотив,Эмотив_027,True,moderate_a0.75,5,0.3641765844817102
0.9056860245846551,0.4504067656589368,0.9130470719514864,0.6976449309914211,0.8505086257653545,0.4279710980113916,0.40957698571116163,0.8440233943951497,0.5584857202324222,0.6319222867684955,Эмотив,Эмотив_027,True,moderate_a0.75,6,0.3641765844817102
0.8094802996987915,0.4136277388582002,0.9111546764388988,0.8016304108282719,0.946505994826674,0.4459117971325262,0.48589937061325555,0.7674418672860276,0.5537948808338767,0.6546779920654933,Эмотив,Эмотив_027,True,moderate_a0.75,7,0.3641765844817102
0.8056228830724004,0.4152535923076646,0.8952069605486457,0.8234064425960615,0.935593365225269,0.45323018990318464,0.48671026024711334,0.7559548713801044,0.5337505228675797,0.6314400618892904,Эмотив,Эмотив_027,False,moderate_a0.75,0,0.3641765844817102
0.47178278175201566,0.5124630297257199,0.47107987140736957,0.5083710883088433,0.5580349780578217,0.41823619448284743,0.5377903613188647,0.5428898736815319,0.46060015092282813,0.5171274798985549,Эмотив,Эмотив_028,True,moderate_a0.85,1,0.3023015115507341
0.4825467125124097,0.5184036887206113,0.4543823298265997,0.5980578398111368,0.53503577694787,0.41022474230838224,0.5650788707297155,0.5372655473963251,0.45741524523006516,0.5869438181168215,Эмотив,Эмотив_028,True,moderate_a0.85,2,0.3023015115507341
0.4795128577891406,0.5002146974516767,0.533107564853417,0.6123475740141717,0.7572989070069801,0.3153367439308308,0.5995722589628285,0.5775884245992581,0.5049381033153848,0.5502480052071643,Эмотив,Эмотив_028,True,moderate_a0.85,3,0.3023015115507341
0.48991799398470093,0.5228662603477701,0.5285893814618454,0.5992711558587228,0.9192478307395995,0.2950879358856279,0.7135278213760892,0.5111933024062305,0.4928535868225971,0.722333143030417,Эмотив,Эмотив_028,True,moderate_a0.85,4,0.3023015115507341
0.6350064143768014,0.36599911728749535,0.6084386417786906,0.6531768063768294,1.0,0.20860002179114112,0.612711145611401,0.6508463681074628,0.4900732777177839,0.7097302124040628,Эмотив,Эмотив_028,True,moderate_a0.85,5,0.3023015115507341
0.7394782340964504,0.3571758206433419,0.7006010085873768,0.7229772225149207,1.0,0.19608349644204753,0.5297230521998024,0.7213498790243704,0.49089290735073365,0.6303070886177382,Эмотив,Эмотив_028,True,moderate_a0.85,6,0.3023015115507341
0.9878771333904591,0.370557358679923,0.9711317762398941,0.741965840553884,0.9916287153179149,0.2238520387678221,0.3586333615855705,0.7353874303595392,0.49634383236904395,0.6199892616109585,Эмотив,Эмотив_028,True,moderate_a0.85,7,0.3023015115507341
0.9883750552808003,0.3574538022555014,0.9491116314999414,0.7656669550051577,0.9662312605756584,0.2505611109672711,0.3367782275526088,0.7154635021077563,0.4787173248300971,0.6119800083536497,Эмотив,Эмотив_028,False,moderate_a0.85,0,0.3023015115507341
0.5186851704449795,0.5376949287635855,0.5178371282092535,0.5105246364310598,0.5310802031822843,0.5122198382246245,0.5181327798943234,0.46698129231153623,0.5102690080200317,0.4886250182958804,Эмотив,Эмотив_029,True,moderate_a0.6,1,0.4121903028076929
0.5227247052288762,0.5283995853174508,0.5154407192183665,0.6731074245827046,0.5483822113017588,0.515977050605054,0.4890065884647156,0.48024154658971857,0.5419683338584369,0.566503629533547,Эмотив,Эмотив_029,True,moderate_a0.6,2,0.4121903028076929
0.5893699865173003,0.4748256779306403,0.7342899652139965,0.6991999081673981,0.6582316418423869,0.4910214348111008,0.45442360297657447,0.3793449108079119,0.6122651685431999,0.5398345280753597,Эмотив,Эмотив_029,True,moderate_a0.6,3,0.4121903028076929
0.7790568837932715,0.48073350004356513,0.7424259534794477,0.6527729657608408,0.8636974953094146,0.4729790445522743,0.36555936632050706,0.4696144183188121,0.6135086624162829,0.6501590351060655,Эмотив,Эмотив_029,True,moderate_a0.6,4,0.4121903028076929
0.8462127542253961,0.5892098704903082,0.7143756818705325,0.6009854816008995,0.8498374472161461,0.5397986021551202,0.4361820377402428,0.598225569665441,0.581247414911941,0.7713736510623931,Эмотив,Эмотив_029,True,moderate_a0.6,5,0.4121903028076929
0.8692045480653275,0.587722532067173,0.7279834246298664,0.5758963733384237,0.9397625614653105,0.6097193783095042,0.5305618970162806,0.7199201504333979,0.5869490208136103,0.6816177493470291,Эмотив,Эмотив_029,True,moderate_a0.6,6,0.4121903028076929
0.9947403658048257,0.5761934156338592,0.869985205817367,0.5734379666174056,0.9507221493153354,0.5856038305719252,0.5014686150769361,0.7532576295081735,0.5723843030155874,0.6634039519349052,Эмотив,Эмотив_029,True,moderate_a0.6,7,0.4121903028076929
0.9863083142795661,0.5633031150875579,0.8428969913007812,0.5934196930603386,0.9640719452928289,0.5871813854521843,0.4751008639923009,0.7512408417353873,0.5703577759252223,0.6649388584960503,Эмотив,Эмотив_029,False,moderate_a0.6,0,0.4121903028076929
0.5006364230544553,0.4843549051731095,0.5450065642583991,0.549455124552804,0.5417348360085967,0.45127362145278244,0.5403151090515589,0.45248976425733306,0.497664079127652,0.5026614477700286,Эмотив,Эмотив_030,True,moderate_a0.75,1,0.2244403744737138
0.5309717920849099,0.46193583152146817,0.5401674631301637,0.561718151676962,0.5575086813830469,0.46636513580240363,0.5006258608274774,0.45277956748380543,0.49701719336912087,0.5895900215493005,Эмотив,Эмотив_030,True,moderate_a0.75,2,0.2244403744737138
0.49219191230410075,0.38265608269558804,0.6943441021473398,0.5606397221336284,0.6548539113518503,0.47889470798404354,0.5558004710399529,0.4588872774795958,0.5285603371638872,0.6686071426926367,Эмотив,Эмотив_030,True,moderate_a0.75,3,0.2244403744737138
0.6193148440047974,0.36924911060513854,0.6991425317803397,0.6513849637564821,0.7108006420550403,0.3947799462068394,0.5334181517473078,0.5694345686599523,0.5546430202202667,0.703326991899464,Эмотив,Эмотив_030,True,moderate_a0.75,4,0.2244403744737138
0.768493343298149,0.3590476156592214,0.7904848605656408,0.6907203710428695,0.8803074872384641,0.40657103055357896,0.44403411435971546,0.6529699870774136,0.5204558474376497,0.7384954922088828,Эмотив,Эмотив_030,True,moderate_a0.75,5,0.2244403744737138
0.8579741269729254,0.3991547903768487,0.8847630988576095,0.7643885847209814,0.9585911445847675,0.39384565165470037,0.36124992899104247,0.5863353990075786,0.5288844192367912,0.7778311135869869,Эмотив,Эмотив_030,True,moderate_a0.75,6,0.2244403744737138
0.995214165036144,0.4287703868692862,0.8924029544524169,0.7583781112072089,0.963068921106568,0.420299845493308,0.3044670921739743,0.5930321893542067,0.5142657368853305,0.7795660625876647,Эмотив,Эмотив_030,True,moderate_a0.75,7,0.2244403744737138
0.9866911696011976,0.4254121813628478,0.88202521376824,0.7695826538800445,0.9385459742109417,0.4076011217735647,0.3251103028423754,0.5777990592568242,0.5089450337584683,0.7639265571602937,Эмотив,Эмотив_030,False,moderate_a0.75,0,0.2244403744737138
0.4874196557605233,0.5210007219096339,0.4807920173841744,0.5095094403302766,0.5790273423487743,0.44445048773348617,0.4958712096209998,0.5108572206702038,0.5208142061507599,0.5026529941687576,Эмотив,Эмотив_031,True,moderate_a0.85,1,0.2533709032104167
0.5108433891938705,0.5039664746516129,0.45141930392723423,0.5545447245487155,0.5969780322889097,0.4211031011795103,0.4820633555562622,0.5716345780567951,0.5095241123424571,0.5566015005150414,Эмотив,Эмотив_031,True,moderate_a0.85,2,0.2533709032104167
0.6040059389099571,0.4419633599159627,0.6961292402367592,0.5321719215164507,0.5912128459114127,0.40409148524442895,0.5639251678146721,0.44227855647866077,0.5086193491603231,0.5882779282966576,Эмотив,Эмотив_031,True,moderate_a0.85,3,0.2533709032104167
0.6790626728201815,0.45253470690116565,0.6572278859214039,0.594716308163286,0.8582353854691576,0.32283660309936785,0.5033332937394255,0.5862913843734117,0.5234791800729733,0.5889222182403845,Эмотив,Эмотив_031,True,moderate_a0.85,4,0.2533709032104167
0.8731058717957121,0.3961091124964094,0.7732092094911357,0.6848455100947206,0.843011621821357,0.40339266055744555,0.41281728603853224,0.6599636339686927,0.5097466869015579,0.6786656846247824,Эмотив,Эмотив_031,True,moderate_a0.85,5,0.2533709032104167
0.9606714327475872,0.4769421459020846,0.8651755182859914,0.7269793087890987,0.8921680136151487,0.4137436727856482,0.34322938930918273,0.6026887305816182,0.5231504655823657,0.7317720562064222,Эмотив,Эмотив_031,True,moderate_a0.85,6,0.2533709032104167
1.0,0.4808229455330533,0.879189959055227,0.801215549915933,0.9501182435260405,0.43772898685982436,0.3051413174930301,0.6426434750023513,0.5196846794431987,0.7371276920784816,Эмотив,Эмотив_031,True,moderate_a0.85,7,0.2533709032104167
1.0,0.48682951591600576,0.8535228184308684,0.8306789085171614,0.959734142722808,0.44197134277292627,0.2934515723400588,0.6510245763228507,0.530014175500174,0.7630004970998506,Эмотив,Эмотив_031,False,moderate_a0.85,0,0.2533709032104167
0.45487848373696244,0.49313827084256057,0.555484600708265,0.5412361939113299,0.5750971659750366,0.4379628922510807,0.5267377915043278,0.4990822543560783,0.5187322270849785,0.4878769815359011,Эмотив,Эмотив_032,True,moderate_a0.6,1,0.22954392045758304
0.44006164511600876,0.4542573993773642,0.5630925435870953,0.5472972168548266,0.5709543524532938,0.4422456538072827,0.5055165223150547,0.45756281397801746,0.48983051139471767,0.5613525745026695,Эмотив,Эмотив_032,True,moderate_a0.6,2,0.22954392045758304
0.41933535532710536,0.4090734817003643,0.7031302939064388,0.5733418370101422,0.6063751408294489,0.4500759872439683,0.5751899738551614,0.45949808940557085,0.5474584770244167,0.643073422346699,Эмотив,Эмотив_032,True,moderate_a0.6,3,0.22954392045758304
0.5514320984158244,0.4362195520868251,0.6730192238689708,0.5559341485176258,0.7875181298422961,0.3707382651412255,0.4713755941132252,0.5236108725697171,0.5660007251852932,0.7078675524650139,Эмотив,Эмотив_032,True,moderate_a0.6,4,0.22954392045758304
0.6401289712948571,0.5357426858413702,0.8059563798516067,0.5299196826219373,0.8049514584627977,0.48159883525495095,0.4474276793561846,0.6793266282484158,0.6107662406679959,0.6747888041219532,Эмотив,Эмотив_032,True,moderate_a0.6,5,0.22954392045758304
0.7298219035086899,0.5198412854771285,0.8129662961471983,0.594499972271321,0.8377392010914674,0.48504044682965597,0.4345284617108024,0.695172032375711,0.5951883381676882,0.638420075119141,Эмотив,Эмотив_032,True,moderate_a0.6,6,0.22954392045758304
0.7709544122917869,0.510928347313445,0.8622876625393918,0.6850978858098218,0.8598770310201486,0.5070158989031722,0.4356654119008524,0.6257770351731058,0.5578501994510543,0.6694917760277144,Эмотив,Эмотив_032,True,moderate_a0.6,7,0.22954392045758304
0.7789182823976102,0.49197298841206544,0.8728274077541577,0.675080409928905,0.849183872600181,0.5055453386976348,0.4596821293054862,0.6377956750675586,0.5293441568937713,0.679801587887303,Эмотив,Эмотив_032,False,moderate_a0.6,0,0.22954392045758304
0.5243948033149428,0.53216846982757,0.45548965837052596,0.46292236589638414,0.5038964850329777,0.48012558774171515,0.5494386583890857,0.5198713665046395,0.4943856240324824,0.53428684470502,Эмотив,Эмотив_033,True,moderate_a0.75,1,0.24840272047387105
0.5372539125873416,0.4084488018815774,0.47996754342547043,0.5978708157013229,0.4599983339021192,0.45241951824781307,0.5649086079619959,0.520881376235576,0.4482508109966818,0.4951023929786689,Эмотив,Эмотив_033,True,moderate_a0.75,2,0.24840272047387105
0.6039907669384202,0.3538982586570428,0.6830452935485833,0.6147915269950944,0.5608964937804838,0.44118262213617665,0.5521910981250484,0.44146253790326145,0.515460825769674,0.47320891090468475,Эмотив,Эмотив_033,True,moderate_a0.75,3,0.24840272047387105
0.6351724024887959,0.3942608941884255,0.6895745032957904,0.6246522365981854,0.7738487202579925,0.4059800899476509,0.44549702185129025,0.5768111504171126,0.5601446129468687,0.46897053852804965,Эмотив,Эмотив_033,True,moderate_a0.75,4,0.24840272047387105
0.7581685539485908,0.37134882222456234,0.7612006581896278,0.7060738151932304,0.815146655982278,0.4468204325224094,0.4316155533810467,0.6034809038768449,0.5265004446508901,0.5323563364273447,Эмотив,Эмотив_033,True,moderate_a0.75,5,0.24840272047387105
0.8267256161046398,0.4699888899311906,0.8508467778748692,0.7044582629936741,0.8496360834491931,0.3806278480959852,0.3901812806389909,0.5980088333279476,0.5467935131583472,0.6594026673616334,Эмотив,Эмотив_033,True,moderate_a0.75,6,0.24840272047387105
1.0,0.45806763189897176,1.0,0.6383914967335954,0.8561677965263639,0.3595288014931854,0.36116838845095905,0.5889745023336129,0.5434927929356773,0.643783989505344,Эмотив,Эмотив_033,True,moderate_a0.75,7,0.24840272047387105
1.0,0.45209028765142695,0.9747907807205111,0.6210679144439049,0.8658619734397424,0.3296474244103325,0.3336836837088185,0.6053633032775028,0.5624254291817629,0.6292019927888383,Эмотив,Эмотив_033,False,moderate_a0.75,0,0.24840272047387105
0.4609741231593962,0.511642155891329,0.501081052097387,0.5059423543369934,0.574283107442464,0.42485665969359254,0.4919709639846639,0.5135125583569545,0.46576462547547676,0.5039754328381938,Эмотив,Эмотив_034,True,moderate_a0.85,1,0.2566464542952022
0.4811861946143105,0.45883064262543166,0.5131459130342362,0.6299017624925506,0.5471522207201552,0.4371321447067974,0.4831686062899179,0.5076868777532949,0.48236013671543604,0.5701391871281443,Эмотив,Эмотив_034,True,moderate_a0.85,2,0.2566464542952022
0.47996396668282326,0.3877945354553093,0.6844622947283576,0.6204471481482162,0.6106275387585246,0.43948308597903174,0.5478011958040044,0.5260473122968634,0.5181475306064456,0.6485759600733555,Эмотив,Эмотив_034,True,moderate_a0.85,3,0.2566464542952022
0.6324504899552595,0.383172150598577,0.70713755644386,0.6051878583638464,0.7680817909496924,0.39040738116983886,0.5023606816911084,0.5887273461651853,0.5256714639066469,0.7750588909023279,Эмотив,Эмотив_034,True,moderate_a0.85,4,0.2566464542952022
0.7854947171322054,0.27844719374668936,0.8173219850560359,0.630619667521084,1.0,0.3739363250169122,0.4346128104030802,0.732244371751607,0.5526822093649851,0.8078991557774593,Эмотив,Эмотив_034,True,moderate_a0.85,5,0.2566464542952022
0.889802215091548,0.3417479946183778,0.8683428486842758,0.6963616832582994,1.0,0.40112216606671375,0.3562363153121577,0.6857180389908505,0.5429020795759243,0.868826819137136,Эмотив,Эмотив_034,True,moderate_a0.85,6,0.2566464542952022
0.9807541263221407,0.3417328177531189,1.0,0.7598046286436009,0.9760865908030768,0.3776493403992321,0.2462518484347061,0.6656927189191244,0.5515821987583113,0.8818022541971264,Эмотив,Эмотив_034,True,moderate_a0.85,7,0.2566464542952022
0.9814279545796617,0.32886531999272234,0.985696046708069,0.7335896597993035,0.9877565329864539,0.3989568512598893,0.22799636626529904,0.6543991807746573,0.5755092436264059,0.8651483912688727,Эмотив,Эмотив_034,False,moderate_a0.85,0,0.2566464542952022
0.5287319774810672,0.5045832856683903,0.5196367875804832,0.5008398450964098,0.5266296567679873,0.5140548260589038,0.48566647655226103,0.4908555377982531,0.5319575220832103,0.517374076020321,Эмотив,Эмотив_035,True,moderate_a0.6,1,0.3203127946436663
0.5471197962329338,0.4907439466113091,0.5341176191548638,0.6043812953668158,0.5072709950563611,0.531679620924953,0.4619551612066317,0.5143826665099486,0.5355117237989984,0.6136005543310952,Эмотив,Эмотив_035,True,moderate_a0.6,2,0.3203127946436663
0.5132924197166747,0.5070944276630147,0.5971175310096153,0.5631015906886301,0.7439428245967403,0.4491757988400863,0.4798965380266766,0.5588577609771731,0.5763319269513062,0.6037578224752469,Эмотив,Эмотив_035,True,moderate_a0.6,3,0.3203127946436663
0.6543982217892209,0.5039519723187984,0.5838848182041403,0.6452658884912742,0.7891957615024898,0.41267291358345143,0.4623015714252602,0.6608893313140675,0.567736231728302,0.6406250881200073,Эмотив,Эмотив_035,True,moderate_a0.6,4,0.3203127946436663
0.8093084743153116,0.47019044454989034,0.6959491814112947,0.662084333182196,0.8950956801687209,0.39788898138454715,0.42250444841735574,0.77190707283895,0.5847304459879831,0.6570431341690046,Эмотив,Эмотив_035,True,moderate_a0.6,5,0.3203127946436663
0.895457417079067,0.5158775396401327,0.7949256672070604,0.6913140231255679,0.8172051931797811,0.5029157595772118,0.4253181107517654,0.7046599309241888,0.5722561349200469,0.7443188222611052,Эмотив,Эмотив_035,True,moderate_a0.6,6,0.3203127946436663
0.9092019822781451,0.5026872737947229,0.7721348355738558,0.7689485703735187,0.8602837865582635,0.45815350674183997,0.4435216628997663,0.7029477173973381,0.5545583529854663,0.7188093275489912,Эмотив,Эмотив_035,True,moderate_a0.6,7,0.3203127946436663
0.8923304379445243,0.5012795105662466,0.7758525122063579,0.7710701248540548,0.8356101294105557,0.43180239635605083,0.47032558960375975,0.689965078546435,0.5808574456379386,0.7284118463230336,Эмотив,Эмотив_035,False,moderate_a0.6,0,0.3203127946436663
0.5151580288814567,0.5012105085070195,0.4983454778028829,0.4906978788644928,0.541983133275792,0.4632100188872976,0.5133050030610002,0.4550409128305141,0.4852868913455985,0.5444604978049162,Эмотив,Эмотив_036,True,mixed,1,0.46481724664255164
0.49331643750382137,0.5620345518232998,0.48079142160207017,0.5238434576601602,0.5671220985193778,0.49366014991819385,0.5492827341765186,0.49463798702893613,0.47190479722360823,0.7069254315071479,Эмотив,Эмотив_036,True,mixed,2,0.46481724664255164
0.5160415458144378,0.5186513591710679,0.5746184141651064,0.5111267530774235,0.6658064950114188,0.4845892732645932,0.5189136829220413,0.560285772471086,0.5595798061152166,0.6985820000934196,Эмотив,Эмотив_036,True,mixed,3,0.46481724664255164
0.6313049970419121,0.5082274367938711,0.5411687533334673,0.532061145645723,0.8490131314305456,0.40330729708594026,0.40987451204496755,0.642610205561401,0.5510473698910255,0.7834988570242676,Эмотив,Эмотив_036,True,mixed,4,0.46481724664255164
0.7008769228560062,0.5537991278251203,0.5494233111712934,0.5843477022331849,0.9381127996149384,0.435707560676943,0.4337324795680074,0.7343264793700621,0.5462118950004876,0.9927355714105608,Эмотив,Эмотив_036,True,mixed,5,0.46481724664255164
0.6867774698292034,0.6268775227597375,0.5430281970521135,0.6503842701631678,1.0,0.36784189491545044,0.4268709346391287,0.7287059507063269,0.5542993952744256,1.0,Эмотив,Эмотив_036,True,mixed,6,0.46481724664255164
0.8186312432027686,0.614101836299569,0.7769314229014639,0.6757881502481188,1.0,0.37601496124520184,0.2964226379383116,0.7380416025089811,0.5190324277623064,0.9534410646803785,Эмотив,Эмотив_036,True,mixed,7,0.46481724664255164
0.8139587777504921,0.6117795650878038,0.7539690501528702,0.6725009098183747,1.0,0.38813082265952986,0.2850740161423343,0.7641249106968213,0.5359202043051867,0.9733079099711285,Эмотив,Эмотив_036,False,mixed,0,0.46481724664255164
0.5502335630046178,0.5152198692028992,0.5082054211071015,0.4572787989447554,0.4993956386520395,0.5435012288638209,0.4916777849917897,0.4784519034371145,0.5092343019028066,0.5368545806775982,Эмотив,Эмотив_037,True,mixed,1,0.3201702475500868
0.5591720867191251,0.5049641870850458,0.5153869605175891,0.4701596870986341,0.5189749142068459,0.5533256331925397,0.5194631551186297,0.4574507031697726,0.5153534019472933,0.6147991304848514,Эмотив,Эмотив_037,True,mixed,2,0.3201702475500868
0.5428326799476841,0.4343186516272492,0.6509548281257012,0.47105660877881617,0.6008947210818165,0.5068929315450471,0.611298302716971,0.45400197670470843,0.5434661594081185,0.6960221107609307,Эмотив,Эмотив_037,True,mixed,3,0.3201702475500868
0.6472918791772672,0.4113163830396511,0.6525318720499178,0.46451260864405125,0.7717123302927711,0.43427081338647033,0.4979766161561826,0.5653427109536768,0.5351224265495209,0.8600165092454397,Эмотив,Эмотив_037,True,mixed,4,0.3201702475500868
0.733441237265215,0.4972584889824839,0.7197356552858727,0.4561591173173782,0.8206999055477469,0.501176515017855,0.5325238099004316,0.6584494536783728,0.47296383853862567,1.0,Эмотив,Эмотив_037,True,mixed,5,0.3201702475500868
0.7870807217503201,0.49103020592542534,0.7540215632983701,0.5481223045999684,0.8553936036508629,0.49091128425527986,0.5804592079215832,0.6397162912868165,0.447228758982971,0.917836811264688,Эмотив,Эмотив_037,True,mixed,6,0.3201702475500868
0.7566939421706573,0.4852048220357407,0.8489683802862189,0.6557377953005762,0.9621234779309191,0.4655526602661407,0.4884680633652314,0.6451100017967532,0.44196163546222095,0.8874791855680058,Эмотив,Эмотив_037,True,mixed,7,0.3201702475500868
0.7648079548043245,0.4722343634216293,0.8559436362651883,0.6780473692344826,0.9559717564490877,0.4455769713197315,0.5073852177339614,0.6706401296572159,0.43890910987801274,0.8716923372328974,Эмотив,Эмотив_037,False,mixed,0,0.3201702475500868
0.5274822902403076,0.4951041473997929,0.5470317386899489,0.5256672659493111,0.5406552333541508,0.48597730793263927,0.5310176461119156,0.45853170780264674,0.46630075011367195,0.5523970706696915,Эмотив,Эмотив_038,True,mixed,1,0.15666541470739753
0.5443028593374662,0.5603400126165392,0.5128710853413802,0.544778880997633,0.5419599460220653,0.5522952391964112,0.5004964612326686,0.47829856883022437,0.47171644175414473,0.5769118500256489,Эмотив,Эмотив_038,True,mixed,2,0.15666541470739753
0.6926213979002537,0.5263359201291226,0.7450240202700168,0.5434213198124118,0.5196111349564834,0.5704938847863503,0.5316836068570089,0.3204453270695687,0.5062153062921309,0.6319108434378563,Эмотив,Эмотив_038,True,mixed,3,0.15666541470739753
0.8203074418281038,0.5320710190209326,0.7865707922708581,0.5269545275230462,0.6858118531083685,0.5628904358896493,0.44345478726058296,0.3794221107766705,0.5272915677771935,0.7248406538606916,Эмотив,Эмотив_038,True,mixed,4,0.15666541470739753
0.9436444693834329,0.5543815824579479,0.8745414158761403,0.5477423110595204,0.7648204147051143,0.5669428702023763,0.38404387834603143,0.49446161352360785,0.5232996966165703,0.7507937843696671,Эмотив,Эмотив_038,True,mixed,5,0.15666541470739753
1.0,0.5868502960761046,0.9839060274350655,0.6259338404744755,0.8224586437991234,0.5532772115313849,0.29989788267605944,0.4419722965344307,0.513299075053736,0.7810283679914075,Эмотив,Эмотив_038,True,mixed,6,0.15666541470739753
1.0,0.5909008510590913,0.9756337529651652,0.6217676522772919,0.8350489925211982,0.5463073809414561,0.33732945069357034,0.45808643863129506,0.5358044912832203,0.8219980691017983,Эмотив,Эмотив_038,True,mixed,7,0.15666541470739753
0.9962244013780046,0.6190214737838571,0.9502110401669379,0.6130075034780229,0.8375301728960022,0.5400781599480518,0.3205019055786159,0.44149677921832264,0.5482567212085776,0.818179495045982,Эмотив,Эмотив_038,False,mixed,0,0.15666541470739753
0.46057603622457705,0.48320291480687233,0.49145753699481376,0.5454515132277615,0.5286330134491759,0.43093989794629245,0.47752826455507635,0.5160491726843208,0.5038232361693837,0.5212607814363056,Эмотив,Эмотив_039,True,mixed,1,0.21471028742232448
0.4241631427253753,0.4484331060973315,0.502951188581406,0.7063371141029168,0.5305040364740667,0.4118146294705311,0.4871029731066413,0.504944095753519,0.5329570034768905,0.5985966048385765,Эмотив,Эмотив_039,True,mixed,2,0.21471028742232448
0.44230192710706845,0.3891792644969493,0.7397070093223252,0.7097438743194175,0.6443680961190604,0.43003595234536207,0.46000645496312126,0.42204848823627694,0.6010087880114395,0.6307054449846132,Эмотив,Эмотив_039,True,mixed,3,0.21471028742232448
0.5658303893723144,0.362669905656861,0.721441914692283,0.7921659120902125,0.6681219007871022,0.40587214934874855,0.44350287202738486,0.49356042793024674,0.5920443718858344,0.6818888198005558,Эмотив,Эмотив_039,True,mixed,4,0.21471028742232448
0.62066649710363,0.3605313110357291,0.8044719034300276,0.8186850626845446,0.8801925611801532,0.3334902396072181,0.38578526503073074,0.5342703997517163,0.5843558273328581,0.745381536634699,Эмотив,Эмотив_039,True,mixed,5,0.21471028742232448
0.6001861957571235,0.3822352668937997,0.8390287068258515,0.8551321597991159,0.9642813785511599,0.36795751995318154,0.419268131765983,0.6947311155873186,0.5840218941851232,0.710763990835899,Эмотив,Эмотив_039,True,mixed,6,0.21471028742232448
0.7266079160680383,0.36919907429714116,0.8478173927653015,0.8356874240793604,0.9250127464615845,0.36759102915781106,0.5241003918486938,0.670326868049433,0.5675231277729176,0.6904588646653556,Эмотив,Эмотив_039,True,mixed,7,0.21471028742232448
0.7035530311395446,0.34975649960278277,0.8550499811398646,0.8441361005738233,0.9344709274634756,0.3955642656116234,0.5349619550438014,0.6904894968705512,0.5940838758507527,0.6883226064418276,Эмотив,Эмотив_039,False,mixed,0,0.21471028742232448
0.4835855191139615,0.4779890688476637,0.4687803402678603,0.534062230198938,0.6225544991149131,0.46818608885561136,0.5140737791158768,0.5076634378979866,0.5167108263270244,0.4918695780820137,Педантичный,Педантичный_000,True,extreme,1,0.2477402302271255
0.39982574308713364,0.42306139453787384,0.48169392782047443,0.6519248863423671,0.6236354206694903,0.46911566097896257,0.5297761829859832,0.5758234806104306,0.5066021748452909,0.48199459076360546,Педантичный,Педантичный_000,True,extreme,2,0.2477402302271255
0.3372593154503245,0.4182299487237463,0.43044149567378115,0.6793412250614875,0.8465973813204759,0.344006972322413,0.5520913185358529,0.7754222130436291,0.6405596982666495,0.4663577084595565,Педантичный,Педантичный_000,True,extreme,3,0.2477402302271255
0.29415369079850684,0.45583344490419825,0.4211630159123334,0.7869656134134333,1.0,0.31006910776459373,0.504215105896423,0.8294713260182451,0.6821074973498469,0.45726554469225955,Педантичный,Педантичный_000,True,extreme,4,0.2477402302271255
0.3867036853332525,0.2966563502545836,0.41885886725230603,0.8551903223789942,1.0,0.23755150816954557,0.5188986970601189,0.9630134478790409,0.7113864707754636,0.5368865622917897,Педантичный,Педантичный_000,True,extreme,5,0.2477402302271255
0.39490808790054677,0.29997851400151854,0.43628068343608006,0.8681396100629073,1.0,0.13532662912480026,0.5028690073906548,0.9314253247847553,0.7309300149416963,0.6178144307309787,Педантичный,Педантичный_000,True,extreme,6,0.2477402302271255
0.3181310562344567,0.29992439913850594,0.345405174617385,1.0,1.0,0.12212146223738934,0.5691215701329208,0.9023111964011663,0.7303291439758817,0.6115319869694618,Педантичный,Педантичный_000,True,extreme,7,0.2477402302271255
0.3238903005539521,0.3242555503546023,0.34340741240421485,1.0,0.978799779235321,0.14340794507576643,0.5750956922487107,0.88103874343576,0.7123889763275046,0.6249494297442258,Педантичный,Педантичный_000,False,extreme,0,0.2477402302271255
0.5324330033082084,0.5121633845609112,0.5090214352378586,0.5294136359462831,0.598970356224367,0.43520692383028126,0.48301706603376876,0.521302224075002,0.4896769025675833,0.54467797837691,Педантичный,Педантичный_001,True,extreme,1,0.43682534891195823
0.4718312983055425,0.4025254222726392,0.5070258732391355,0.6664515585420464,0.5807951189060316,0.44518726647355295,0.48378682576251214,0.5883461676644182,0.5087112420312625,0.5172932130669151,Педантичный,Педантичный_001,True,extreme,2,0.43682534891195823
0.40421445244067095,0.44395221805258556,0.4389243205888525,0.6444083107984807,0.7884986610065531,0.34124533341743973,0.47975139072522344,0.7618341472806247,0.5990655591399957,0.5171382839544769,Педантичный,Педантичный_001,True,extreme,3,0.43682534891195823
0.31746727871589187,0.39320601804799304,0.4318462576591793,0.7566089719358039,0.7635405323174749,0.37514334551676287,0.6064322672430613,0.7994672959499809,0.645235633167909,0.6102127711685018,Педантичный,Педантичный_001,True,extreme,4,0.43682534891195823
0.36453802749290853,0.24751270977289344,0.4690460979343035,0.8608670294379768,1.0,0.30035772849654924,0.6486124888427708,0.9597993552871805,0.6272425689270884,0.657063446311883,Педантичный,Педантичный_001,True,extreme,5,0.43682534891195823
0.3860818504268426,0.2852375060938288,0.4834118215664766,0.9340325727962797,1.0,0.23988768237004152,0.6618767326821315,0.9064074240248086,0.6081110689863666,0.7393497520490928,Педантичный,Педантичный_001,True,extreme,6,0.43682534891195823
0.3161658120179195,0.30219008858675017,0.37981182841243577,1.0,1.0,0.2489436121608242,0.7040100975572151,0.88830467017847,0.6002181396263137,0.7086141135134845,Педантичный,Педантичный_001,True,extreme,7,0.43682534891195823
0.3302201594452979,0.2810446333272153,0.35660485936911135,1.0,1.0,0.24289686261806487,0.72356540746551,0.8779826898377019,0.6091954797119505,0.6883677736095928,Педантичный,Педантичный_001,False,extreme,0,0.43682534891195823
0.5195536043887048,0.4994066774255524,0.503973559747564,0.5714178734666265,0.5550192815399317,0.4380260569400483,0.500492201490157,0.5051325551048506,0.49159633099027295,0.5201236502301726,Педантичный,Педантичный_002,True,extreme,1,0.502871981947285
0.46080323246724353,0.4323948549823907,0.5157105604380647,0.6648813796074305,0.5561216487616596,0.42784332760464805,0.5181500727507522,0.621205989008228,0.5174206653953588,0.5562765096404554,Педантичный,Педантичный_002,True,extreme,2,0.502871981947285
0.38242425696734195,0.43210685889353734,0.5094630488339781,0.6870879379737246,0.7394078967557636,0.3486714599527249,0.5687689134120151,0.7265365929752291,0.55076351544043,0.6182144896430497,Педантичный,Педантичный_002,True,extreme,3,0.502871981947285
0.3226890969957969,0.4223874704183413,0.4926330475122364,0.8991869379655346,0.8440011434306837,0.29487516168893324,0.6126009658827357,0.7860359079703335,0.5802882546703441,0.5864906569295659,Педантичный,Педантичный_002,True,extreme,4,0.502871981947285
0.49234479594231306,0.4742677320855037,0.6076916058552426,0.8679900885383989,0.8942474413613857,0.3186472969470159,0.5217549984754609,0.8917816096314137,0.5734524126248477,0.6739722717449907,Педантичный,Педантичный_002,True,extreme,5,0.502871981947285
0.4892446259596348,0.4682293091935934,0.6074478811086836,0.948811067803145,1.0,0.24779146374028085,0.506858535768719,1.0,0.6089590810432964,0.5638944885006796,Педантичный,Педантичный_002,True,extreme,6,0.502871981947285
0.5782452840094983,0.4348857295390938,0.4132035915905196,0.8922659431042506,0.9785103885181775,0.2656208691664408,0.6775667467215847,0.9857840732026308,0.5920755551858342,0.549653800711327,Педантичный,Педантичный_002,True,extreme,7,0.502871981947285
0.5980473839509828,0.4434335158614931,0.4111362046200806,0.9078783742381079,0.9927752487623792,0.28204326107583216,0.6537652919762919,0.9586262078975104,0.5628492955278332,0.529500660525804,Педантичный,Педантичный_002,False,extreme,0,0.502871981947285
0.49527528042284585,0.5206597881046761,0.47344607377020365,0.545196241356722,0.5248445388599128,0.49441831967746763,0.5192392389910443,0.5071842614301338,0.5224766082328652,0.5493979552211052,Педантичный,Педантичный_003,True,extreme,1,0.18786279399730954
0.48015291605147636,0.4612031611225365,0.45179216895198904,0.6863260467157839,0.552895885638555,0.4913781649886509,0.5312056900587048,0.5389665334758235,0.5405448750689161,0.519516604235766,Педантичный,Педантичный_003,True,extreme,2,0.18786279399730954
0.43473390876435924,0.46458652535895323,0.3656337455463545,0.6822947162886872,0.7344737470641126,0.3841061011219755,0.48926419307945107,0.6744489550460897,0.64383650314817,0.5066140776545817,Педантичный,Педантичный_003,True,extreme,3,0.18786279399730954
0.3145272361676408,0.43749850787992045,0.3714392132325212,0.8716333073715219,0.8640800871208812,0.32695073246974893,0.45990884204931765,0.7389493249086403,0.7230283282173987,0.48981516270734116,Педантичный,Педантичный_003,True,extreme,4,0.18786279399730954
0.2891984054007951,0.3648108389486287,0.33521804051183646,0.9080178758655388,1.0,0.22385120432429234,0.48118001857960085,0.8471490312735382,0.6992288243981408,0.6718755454330381,Педантичный,Педантичный_003,True,extreme,5,0.18786279399730954
0.2702573359044074,0.32684944033499463,0.35170407568353973,0.9143534249616327,1.0,0.12827968369731424,0.48152832805716955,1.0,0.6849877000406681,0.588389940300064,Педантичный,Педантичный_003,True,extreme,6,0.18786279399730954
0.3446803691689213,0.32139844233930787,0.40426896538919876,0.9471744285419975,1.0,0.15127777957943417,0.4657609536925564,0.9811518102141975,0.698078783652278,0.5636972673920162,Педантичный,Педантичный_003,True,extreme,7,0.18786279399730954
0.3169334163240205,0.33818121705823195,0.42040199521055543,0.9312590820458592,1.0,0.14895113963729284,0.4454759021243469,1.0,0.7224127730564611,0.538897810734191,Педантичный,Педантичный_003,False,extreme,0,0.18786279399730954
0.5363155699365754,0.4735354213301281,0.4817627361583314,0.536355828765861,0.5832713371174383,0.4365411673125809,0.4768363994633853,0.5598246839035069,0.5017222615775478,0.4849968743776813,Педантичный,Педантичный_004,True,extreme,1,0.5274156672622544
0.481474424605781,0.43711989717679894,0.5017942065453816,0.603925469886137,0.5877132350149791,0.46521815279021045,0.48163917734359557,0.5629796261253406,0.5206969550436452,0.5770933119812051,Педантичный,Педантичный_004,True,extreme,2,0.5274156672622544
0.4119650368088273,0.5207790126514087,0.3923500693669729,0.6480922278746589,0.6773956728801884,0.5140028255709616,0.5656424736391722,0.6380390144507662,0.5958319619603439,0.5671947340347981,Педантичный,Педантичный_004,True,extreme,3,0.5274156672622544
0.45010725898263704,0.5485081462335744,0.40153138811240036,0.7309246193935125,0.7126574607532585,0.5035580590810124,0.5964296956016668,0.7219459560886731,0.5751226290593442,0.6349747467951221,Педантичный,Педантичный_004,True,extreme,4,0.5274156672622544
0.45139169530974593,0.4540926036314633,0.4080706602405715,0.7820283867443119,1.0,0.40392435807608,0.6409060064680793,0.8101319737026709,0.634066838863181,0.8433609562961716,Педантичный,Педантичный_004,True,extreme,5,0.5274156672622544
0.4752142841559082,0.44625248952230384,0.4033469247613032,0.7801498560236865,1.0,0.32375867279746967,0.6591996404227259,1.0,0.6405501166961209,0.779369211172108,Педантичный,Педантичный_004,True,extreme,6,0.5274156672622544
0.552188694109384,0.467121816046155,0.4023428771198177,0.8415699775476261,1.0,0.3109484360553578,0.6722566419627033,1.0,0.6448699742557433,0.7227570566705672,Педантичный,Педантичный_004,True,extreme,7,0.5274156672622544
0.5352367055054164,0.4716304059510949,0.40209169310010007,0.8161610832122438,0.9728506677291722,0.286177294207694,0.6847796360334163,1.0,0.6149713915649797,0.7330309241396424,Педантичный,Педантичный_004,False,extreme,0,0.5274156672622544
0.4881239797672887,0.4598260485635458,0.521975144004335,0.5028095732953874,0.5680129545835235,0.4641605332233736,0.5036948901383952,0.562926209495757,0.5405534202933864,0.5042584253571247,Педантичный,Педантичный_005,True,extreme,1,0.4496164489030855
0.446919519602388,0.4741808981532987,0.5360860605141702,0.4787691614700532,0.5853315666674621,0.4766590252413793,0.4921548933268054,0.6294346996794046,0.5421515286780951,0.6199137496188313,Педантичный,Педантичный_005,True,extreme,2,0.4496164489030855
0.3995157720629046,0.4680071206827657,0.516867840108546,0.48218493677332663,0.8094565274996308,0.3932170019718157,0.5607643162243042,0.7498993018557523,0.5906508875341,0.7076377007136112,Педантичный,Педантичный_005,True,extreme,3,0.4496164489030855
0.3289064811440651,0.48276981604183616,0.4886842449492449,0.6072529432459257,0.9794713105797385,0.32750164182317826,0.5838976632743215,0.8124819478876005,0.6789879474147296,0.6629051802806353,Педантичный,Педантичный_005,True,extreme,4,0.4496164489030855
0.43313862003991194,0.4205432837663459,0.4746589735292437,0.6771829665932164,1.0,0.25184169434792003,0.6057624288929513,0.9456176693500098,0.6681075884966755,0.8303057608793284,Педантичный,Педантичный_005,True,extreme,5,0.4496164489030855
0.45546672162713986,0.3920379203616931,0.47529018355656155,0.6588680998049276,1.0,0.18499474631013105,0.601449673713454,1.0,0.6447884393189882,0.7730294900732941,Педантичный,Педантичный_005,True,extreme,6,0.4496164489030855
0.3797537549332557,0.42496581900023295,0.4323181425230295,0.7685111282308192,1.0,0.19871322223474455,0.6491593840543526,0.9818742043321913,0.6669782164873237,0.7515247934698166,Педантичный,Педантичный_005,True,extreme,7,0.4496164489030855
0.39747965589074263,0.40205415535837263,0.40596129224761063,0.78397268954152,1.0,0.22697711989644576,0.6491168043160216,0.9820640349408756,0.6421903447174231,0.7809624467779892,Педантичный,Педантичный_005,False,extreme,0,0.4496164489030855
0.5217923199000944,0.4855402606750811,0.4441635930554683,0.5343347658190537,0.6044402641693786,0.4720575635662062,0.4964180709930985,0.5299555963956051,0.5256632779581473,0.47852918663683663,Педантичный,Педантичный_006,True,extreme,1,0.11048005274064958
0.4328094747574307,0.39601199959864175,0.45212915728869013,0.6825569142024104,0.5840078439236199,0.490280834287572,0.4891823542570677,0.5925844506714951,0.5272917592648465,0.45738410606010305,Педантичный,Педантичный_006,True,extreme,2,0.11048005274064958
0.3470615423332859,0.4067942922031681,0.37283877124311554,0.6750735483986603,0.8649713388780269,0.3833942078056527,0.49085432772045184,0.7520589585759867,0.6593221831015678,0.4842273847434574,Педантичный,Педантичный_006,True,extreme,3,0.11048005274064958
0.3197577267332562,0.38670400824066237,0.3696543661596316,0.9086473753526108,0.9401949500604458,0.27156285865135965,0.49079999485398795,0.810406708543774,0.7405694578088866,0.46155819519328417,Педантичный,Педантичный_006,True,extreme,4,0.11048005274064958
0.3112411966352685,0.3456704599373727,0.3429458048680087,0.9622521905861736,1.0,0.21546021746067393,0.49090064438235875,0.912925884119684,0.727640078165383,0.6709761639155705,Педантичный,Педантичный_006,True,extreme,5,0.11048005274064958
0.2919022564027526,0.3642496481979088,0.30693138396632574,0.9609812678718246,1.0,0.06262943516063726,0.4625987667069769,1.0,0.7343672164913158,0.6076264825722243,Педантичный,Педантичный_006,True,extreme,6,0.11048005274064958
0.37482361499238814,0.3469006787163909,0.3463232305831449,1.0,1.0,0.056305038765902954,0.448567700571329,0.9863996349446631,0.7384318477195315,0.5620550872398631,Педантичный,Педантичный_006,True,extreme,7,0.11048005274064958
0.35696166276483465,0.3572814371594375,0.3723172398794365,0.9755472376407264,0.9728426480745587,0.0486777865165082,0.4674481038238977,0.9602416025807631,0.7566467026980658,0.5666462860424422,Педантичный,Педантичный_006,False,extreme,0,0.11048005274064958
0.4950982581042449,0.4630946911353919,0.5020245386681295,0.5572527164293128,0.5792387021183917,0.46694231513101175,0.4874481601678286,0.5577138054466674,0.4937478103323895,0.5560384182395481,Педантичный,Педантичный_007,True,extreme,1,0.3299824767808573
0.45042697366261963,0.4011450478475445,0.519130955601001,0.700634152970779,0.5829019479242731,0.48796394538520016,0.4998637100724156,0.6168893140934684,0.5032580805345225,0.5477129905009053,Педантичный,Педантичный_007,True,extreme,2,0.3299824767808573
0.38156540078514606,0.3802766656631512,0.45277490653971236,0.7143097574031573,0.8277439067495155,0.4258483580099704,0.5230144410796344,0.7698234461796877,0.5952568370030141,0.590555336911258,Педантичный,Педантичный_007,True,extreme,3,0.3299824767808573
0.4405583587323061,0.3630080374614211,0.4373812968034951,0.8538997520613113,0.9537040194274079,0.3898266531211243,0.4311350821222621,0.8919977406889481,0.6178648591561504,0.5225738719353613,Педантичный,Педантичный_007,True,extreme,4,0.3299824767808573
0.5100341301479866,0.2703565738468405,0.4885219510964295,0.9266872404593632,1.0,0.30907830092141325,0.38609882508717586,0.9689431143464806,0.6005102532437949,0.6045837116069032,Педантичный,Педантичный_007,True,extreme,5,0.3299824767808573
0.5167696383407023,0.23971181058491864,0.455868930622392,0.9292600968511274,0.99649335645741,0.20781586525316717,0.49718656557897656,0.9889146189024383,0.5800304362218289,0.6219844990409497,Педантичный,Педантичный_007,True,extreme,6,0.3299824767808573
0.40258735276469126,0.2421705160305217,0.40478185105231523,1.0,1.0,0.2058639987082243,0.5754375005357371,0.9939528621030602,0.5699785076470335,0.595153812984108,Педантичный,Педантичный_007,True,extreme,7,0.3299824767808573
0.3767098281742738,0.2619501867584582,0.38950152024052687,0.9808473597346706,1.0,0.21178434003181512,0.5623250043483675,1.0,0.5535065400293573,0.5652619512548581,Педантичный,Педантичный_007,False,extreme,0,0.3299824767808573
0.525198589003203,0.4959425801104038,0.48329782702103385,0.536244721716835,0.5375125151744343,0.4472413696874469,0.4823979977744761,0.4857456081452675,0.49821926027164,0.48613790653174305,Педантичный,Педантичный_008,True,extreme,1,0.2558198931562791
0.4544596231034496,0.46854790638982396,0.4593171630322896,0.5849129701850404,0.5372273364764547,0.4412219324996888,0.5096419958607428,0.4951885300522643,0.5269931176636822,0.5691606827843354,Педантичный,Педантичный_008,True,extreme,2,0.2558198931562791
0.3701776325417663,0.4818442368761485,0.4503703204692963,0.6042446146343968,0.7727462578786122,0.3492042696554287,0.5504997746700804,0.5972623391312116,0.5999478699140169,0.6074493453709249,Педантичный,Педантичный_008,True,extreme,3,0.2558198931562791
0.4100211233684228,0.4741357630825758,0.42217414987829094,0.6493737489016844,0.9333649529810346,0.2792241165421825,0.560534721925399,0.7355319924693456,0.6498363753540082,0.5531439104809082,Педантичный,Педантичный_008,True,extreme,4,0.2558198931562791
0.45627354934248654,0.3336081248350312,0.4184139349709699,0.6659232206601698,1.0,0.17846946840598354,0.5853472636367558,0.8534397969379623,0.6891532718983107,0.6143687703827587,Педантичный,Педантичный_008,True,extreme,5,0.2558198931562791
0.4597335990242673,0.384192498023549,0.41957534255123613,0.7704210944323103,1.0,0.11357974625766323,0.5702018549484869,0.9912929521284956,0.6947291333698472,0.5104788574130241,Педантичный,Педантичный_008,True,extreme,6,0.2558198931562791
0.37624877511751004,0.3781926599768933,0.31699865069972105,0.8722247233228175,1.0,0.14376281054444778,0.6305419293890986,0.9988932024994149,0.7221554782917713,0.509236880317255,Педантичный,Педантичный_008,True,extreme,7,0.2558198931562791
0.3916108286140908,0.38081392634626093,0.3371193668361007,0.8560242562919751,1.0,0.1505768750625786,0.6141071392377282,0.9972656008261283,0.7084128681075131,0.4963431121033893,Педантичный,Педантичный_008,False,extreme,0,0.2558198931562791
0.47343181875066054,0.47148275092504605,0.4657009907808977,0.5111306832666243,0.5916950884066888,0.49729986117513747,0.5177265898719207,0.5177770157215627,0.5351226461568033,0.5154497884434277,Педантичный,Педантичный_009,True,extreme,1,0.31276851072031975
0.3635621811417543,0.3475887191536441,0.503712791831962,0.6335482055161046,0.5830797687360633,0.5059467133212991,0.541782940698601,0.5586616610181865,0.5086204672747918,0.5196173169089701,Педантичный,Педантичный_009,True,extreme,2,0.31276851072031975
0.2961782562238707,0.33690649260106537,0.40677296068395835,0.6330954677644856,0.8043997120211284,0.45376147444742027,0.5607716962570989,0.7488007255391544,0.6283624909008668,0.5462707345600986,Педантичный,Педантичный_009,True,extreme,3,0.31276851072031975
0.22103029332892615,0.33517380327185664,0.41518185804185515,0.7332971925284573,1.0,0.36145022916319985,0.5466923671344356,0.8031653542700553,0.6806611714553512,0.570694771586103,Педантичный,Педантичный_009,True,extreme,4,0.31276851072031975
0.35978654544558747,0.25821284847647774,0.5014929113461442,0.722897550663069,1.0,0.3106264770695703,0.49471637279214226,1.0,0.6888992275825611,0.6671273434710399,Педантичный,Педантичный_009,True,extreme,5,0.31276851072031975
0.3714786680640683,0.28765746558955124,0.5027543944874513,0.7714815778539267,1.0,0.2895678960145242,0.503502516094053,1.0,0.6861875171611574,0.516345890239939,Педантичный,Педантичный_009,True,extreme,6,0.31276851072031975
0.31021046555790943,0.299278881032507,0.41825530089757534,0.8742781769868595,1.0,0.280572420663342,0.5542740565734808,0.9827988309772919,0.6937481814378305,0.46560673616818005,Педантичный,Педантичный_009,True,extreme,7,0.31276851072031975
0.3152598426350844,0.3017637293900084,0.44502321093982344,0.8644987900924923,0.9822271680844796,0.2591044125038837,0.5285255099875042,0.976180970354415,0.7172237471510349,0.47636589807825175,Педантичный,Педантичный_009,False,extreme,0,0.31276851072031975
0.4996238060171343,0.5118627322208302,0.4739759355786144,0.5075977836078137,0.5078546175299558,0.5348844519602589,0.49830008443447715,0.4742653117785941,0.5094149449602371,0.49439965298707395,Педантичный,Педантичный_010,True,extreme,1,0.5765672753636235
0.42738938183137243,0.4605234026381124,0.45614927693000124,0.6563266295021557,0.5210718441504207,0.51066329375334,0.47719344935361563,0.5212209667473359,0.5212897449716687,0.5043120061893744,Педантичный,Педантичный_010,True,extreme,2,0.5765672753636235
0.34838410509087153,0.5670892406485318,0.33135572367564614,0.6522983174709088,0.6136006291574754,0.5120315894869778,0.5574598701751153,0.5624117114401326,0.6055753529918444,0.5150425981373867,Педантичный,Педантичный_010,True,extreme,3,0.5765672753636235
0.3066677384247762,0.5670183477474005,0.3162775531528272,0.7817489007779228,0.8267605612358018,0.4798176785943523,0.5366510112151788,0.6363131994426586,0.660490477569518,0.5178902421651294,Педантичный,Педантичный_010,True,extreme,4,0.5765672753636235
0.41725276323805693,0.47384449611972546,0.38065149378651403,0.8186699133339953,1.0,0.41904675295271426,0.5478141492256234,0.8229662160609617,0.6480434567758225,0.47947763777675456,Педантичный,Педантичный_010,True,extreme,5,0.5765672753636235
0.369719753943541,0.5238509751927384,0.41249472665329023,0.8126964825302051,1.0,0.3891816533713605,0.6459771232539666,0.9868778687021129,0.6418759319450473,0.368432526632224,Педантичный,Педантичный_010,True,extreme,6,0.5765672753636235
0.36431890657587873,0.5335013186998869,0.47518821401939865,0.8567340099949553,1.0,0.39293794829243966,0.6499186410398017,0.9433863763117102,0.6665874614631448,0.4369907703522314,Педантичный,Педантичный_010,True,extreme,7,0.5765672753636235
0.3764474675646868,0.5631749049196788,0.4552032748558146,0.8515523316742833,1.0,0.4071636680071607,0.6736011606425872,0.9164604631225303,0.653050159980211,0.43777612793684306,Педантичный,Педантичный_010,False,extreme,0,0.5765672753636235
0.5193631257521161,0.5221959408056958,0.45986109963686506,0.524501248526317,0.5755256410711781,0.4167742454523721,0.4618030385698107,0.5282553297694981,0.4695377494277134,0.47168130002114256,Педантичный,Педантичный_011,True,extreme,1,0.3837907066008875
0.46804515930252016,0.4175996585575247,0.4863694413136067,0.6993998742392685,0.6084068728289586,0.41122936518204467,0.48665019439050666,0.585221780842648,0.46567032555178056,0.4886272840119,Педантичный,Педантичный_011,True,extreme,2,0.3837907066008875
0.3832724458933417,0.5400576523077475,0.35571515738140214,0.6915640477491171,0.7315862768248536,0.40468361651703316,0.5358519136883696,0.6368778916489823,0.5389785660760974,0.5032884924620276,Педантичный,Педантичный_011,True,extreme,3,0.3837907066008875
0.31774524384104913,0.5632875860353368,0.3131394358041845,0.7809472680116614,0.8667198932319509,0.3109405501991351,0.5754904959088296,0.7454472747236708,0.586830474063461,0.5548128342820184,Педантичный,Педантичный_011,True,extreme,4,0.3837907066008875
0.4398355764696082,0.38262756227787315,0.3679751418807716,0.8130518640631517,1.0,0.2748573967472059,0.5217892153261554,0.9563289675879227,0.5882583439421749,0.5671301093854201,Педантичный,Педантичный_011,True,extreme,5,0.3837907066008875
0.40675029617328173,0.4017423396025594,0.3864736418994693,0.790350854065853,1.0,0.17893592119165602,0.5311157553644633,1.0,0.61200686759355,0.5057877156874101,Педантичный,Педантичный_011,True,extreme,6,0.3837907066008875
0.48548931323684175,0.4065326622471458,0.46205734128611925,0.8668814823225481,1.0,0.19233676580170872,0.5376069881682936,0.9528671292975199,0.5724648503710595,0.5565795782014014,Педантичный,Педантичный_011,True,extreme,7,0.3837907066008875
0.5027350415201739,0.3913464673469241,0.4849322128352229,0.8601506858962146,0.9868191892461584,0.21302497073645113,0.5103674407450646,0.9824050412211034,0.5840270921091923,0.5368180421884213,Педантичный,Педантичный_011,False,extreme,0,0.3837907066008875
0.5217722541135489,0.5130763951488454,0.4971414512878796,0.5460218230658078,0.5771459544426248,0.4578105938049282,0.5239235990438011,0.5215824436769145,0.4802789966911347,0.46349631535867986,Педантичный,Педантичный_012,True,extreme,1,0.3669155736383471
0.43113109609873007,0.3839896925641003,0.4908726674482479,0.6732333772468551,0.6020241808149825,0.454663407780476,0.48941653352406445,0.5888007709884241,0.4651433022769749,0.47794707007204956,Педантичный,Педантичный_012,True,extreme,2,0.3669155736383471
0.3585767793781284,0.38468371192831236,0.5095021180733317,0.6421016490253336,0.7984544283598357,0.33004697017140483,0.5452604179396401,0.695744884571451,0.5077815279780822,0.567400243064606,Педантичный,Педантичный_012,True,extreme,3,0.3669155736383471
0.4095034522264973,0.4050079432536247,0.43217999088143744,0.6922927467414166,0.9971709514376124,0.2665061679987282,0.5281582121658744,0.8134488901050054,0.5571881346925229,0.5186715928233395,Педантичный,Педантичный_012,True,extreme,4,0.3669155736383471
0.4287617193538717,0.3017814864745551,0.4467301081559203,0.7567645668400466,1.0,0.12879248165130153,0.5411634363041633,0.916584112261017,0.582857781348507,0.6612834102716435,Педантичный,Педантичный_012,True,extreme,5,0.3669155736383471
0.37678627684402444,0.2624773243704784,0.46246954823035485,0.8495367853943101,1.0,0.12530739357874923,0.6836640272691923,0.9850785999294789,0.5751194591085536,0.5208594530843966,Педантичный,Педантичный_012,True,extreme,6,0.3669155736383471
0.43436925719597375,0.25437375031746756,0.48166653542955773,0.9375489698367734,1.0,0.12343876050033356,0.673492093024917,0.9452522139622836,0.5908969341707069,0.48657320019321804,Педантичный,Педантичный_012,True,extreme,7,0.3669155736383471
0.4527515670400094,0.24219329169931134,0.48413113134607366,0.9270315954438335,0.9701907145199733,0.14366992269254727,0.6476231805287708,0.9686107784533071,0.5810819821752875,0.47005011450708917,Педантичный,Педантичный_012,False,extreme,0,0.3669155736383471
0.4696872142306986,0.5268893218773147,0.46757753836093874,0.5327556805931465,0.5611954932716089,0.460482970164259,0.5226915339465882,0.530633670602535,0.5297991862149638,0.5160078342047127,Педантичный,Педантичный_013,True,extreme,1,0.2319279175163898
0.3857116718314619,0.4206065431181573,0.4655618381392483,0.6327211788319957,0.5469358602274246,0.46274261244618053,0.5084972367893164,0.5937880604434979,0.5314619282444479,0.531309899540333,Педантичный,Педантичный_013,True,extreme,2,0.2319279175163898
0.2762644985331914,0.44500816033985485,0.3949978294551839,0.6232957009596107,0.7876344243615702,0.3724844044885274,0.5330100863671059,0.7700734579900014,0.6241885448222781,0.5282839235969676,Педантичный,Педантичный_013,True,extreme,3,0.2319279175163898
0.35075840227829164,0.4687154574588,0.27161313407794496,0.610645557968182,0.8666848509944104,0.3047091215177533,0.6606042931141162,0.9001128529620834,0.7005226899801249,0.5181140686963084,Педантичный,Педантичный_013,True,extreme,4,0.2319279175163898
0.39610213410725686,0.36866099716480705,0.3085402799078503,0.685629002928687,1.0,0.1589067857456469,0.5957235210010478,1.0,0.6812333168365302,0.5965467218499281,Педантичный,Педантичный_013,True,extreme,5,0.2319279175163898
0.42757358382085947,0.34502737723588345,0.2758417760438949,0.7613479982327961,1.0,0.09306747347123054,0.5927442856305238,1.0,0.6510979859759461,0.4780203749492279,Педантичный,Педантичный_013,True,extreme,6,0.2319279175163898
0.42107559491201035,0.3213000410784661,0.41698136285193077,0.889401618183275,1.0,0.09677180900488735,0.5167026875851628,1.0,0.6301944858379172,0.41127045479665203,Педантичный,Педантичный_013,True,extreme,7,0.2319279175163898
0.399974132333746,0.34559035109329805,0.39317242737573016,0.886696596032649,1.0,0.09076556129073766,0.5056433723419607,0.9956786805593064,0.6570023769950165,0.4022059504491223,Педантичный,Педантичный_013,False,extreme,0,0.2319279175163898
0.5057380224552778,0.5152445543186303,0.5023330400020568,0.5413196679935927,0.5762745223650253,0.42229879511856794,0.5012519545317896,0.5518167267790636,0.515838071684675,0.53009329868657,Педантичный,Педантичный_014,True,extreme,1,0.21809116570361264
0.43037866621444226,0.41272411668106856,0.5005867943127297,0.6590250494541677,0.5844006343192025,0.3822133173482839,0.5042933934778354,0.610830468005939,0.510353425419569,0.534108910455957,Педантичный,Педантичный_014,True,extreme,2,0.21809116570361264
0.3423414511438894,0.42504484630586004,0.4184963390809302,0.6355102667434054,0.8132890912890347,0.2430955367935408,0.5187473313016965,0.7741057306066015,0.6110602343200312,0.5277485254907268,Педантичный,Педантичный_014,True,extreme,3,0.21809116570361264
0.2707775197336205,0.45558182290656146,0.3717633204638162,0.8214124013267781,0.8692465220477177,0.18880123649302374,0.5807205981821033,0.9033272821333688,0.6371652629637783,0.5331102619040798,Педантичный,Педантичный_014,True,extreme,4,0.21809116570361264
0.34603375999920766,0.3504160518516617,0.45992722799327806,0.8814009553996579,1.0,0.050100720692455386,0.4827826245785247,1.0,0.6130792865769161,0.6321703709142378,Педантичный,Педантичный_014,True,extreme,5,0.21809116570361264
0.3980526931825881,0.3468072413521591,0.40637222430199466,0.9407980439990778,1.0,0.00504027434446103,0.5779253402444455,0.9807046655360152,0.5928153390259879,0.5557743239526145,Педантичный,Педантичный_014,True,extreme,6,0.21809116570361264
0.4051252955779715,0.36109960658317797,0.3796169487094414,1.0,1.0,0.0,0.5123099127686723,0.959122898548484,0.6273370460486062,0.5751716630693928,Педантичный,Педантичный_014,True,extreme,7,0.21809116570361264
0.3831528932873899,0.37953745939357947,0.350788911336173,1.0,1.0,0.0015316745765123069,0.49878906306255094,0.9480570338903576,0.6024885961009712,0.601269076490839,Педантичный,Педантичный_014,False,extreme,0,0.21809116570361264
0.4763608489751957,0.5003130409829433,0.5131723627712709,0.5165014065549136,0.5757541723437855,0.4489867806911146,0.5539040222749692,0.4945066313597814,0.49036830864277015,0.5645591023457992,Педантичный,Педантичный_015,True,extreme,1,0.22306398236650124
0.421988033413062,0.3886813837555017,0.4968506934477917,0.6898729300754124,0.5644837167537718,0.4355822243641241,0.5360524812926016,0.5682719320445409,0.4841921300355822,0.5401294339633224,Педантичный,Педантичный_015,True,extreme,2,0.22306398236650124
0.34058703311382876,0.3585035354217582,0.39485644913585227,0.6838750528695863,0.8086468963843063,0.31870772642371525,0.5504965081549829,0.7694929345498117,0.5599157017156701,0.5448638332897886,Педантичный,Педантичный_015,True,extreme,3,0.22306398236650124
0.36035910093068463,0.3564766337647471,0.38035372873923523,0.8392313875946708,0.9328858405525521,0.22746219948735785,0.49614800826886746,0.8633757499340765,0.5478881888035598,0.5227216970897718,Педантичный,Педантичный_015,True,extreme,4,0.22306398236650124
0.39354781073844364,0.2600158468193357,0.44226036901359833,0.8533441633850835,1.0,0.11755609785851502,0.4916724246798723,0.9737519594842068,0.5847598271702994,0.6564419439414949,Педантичный,Педантичный_015,True,extreme,5,0.22306398236650124
0.377543201131431,0.2611462467024626,0.4344108289336629,0.9334055899457706,1.0,0.07802416463164161,0.46217814623932,1.0,0.5601124420531336,0.5805454097381354,Педантичный,Педантичный_015,True,extreme,6,0.22306398236650124
0.3542712464539327,0.28129593002735526,0.2526558739542565,0.9846226544911248,1.0,0.09280132073283087,0.5771080271906182,0.95654222313674,0.6077289897260548,0.5686168948241549,Педантичный,Педантичный_015,True,extreme,7,0.22306398236650124
0.3374097093196429,0.27638605710984404,0.28007905399154615,0.9903090647021648,1.0,0.08995482496416933,0.5533337857558839,0.9684728659826168,0.6047255532239595,0.5687074234958609,Педантичный,Педантичный_015,False,extreme,0,0.22306398236650124
0.5155093215581719,0.4908381925160168,0.5005024863448052,0.5272705214398149,0.5481336111018117,0.461104640976189,0.49955130510232826,0.5008255848890094,0.4895996888114256,0.47166901823178964,Педантичный,Педантичный_016,True,extreme,1,0.33452516650685027
0.44295660805650805,0.3989116644192495,0.523580131700862,0.655030130656541,0.5489385859423475,0.4557269100130327,0.519602025486472,0.593159950145475,0.48437903397826415,0.4424482525407375,Педантичный,Педантичный_016,True,extreme,2,0.33452516650685027
0.34710509288102387,0.39914399375861065,0.47030010702819863,0.6529058256982346,0.7631437152816416,0.3179188610864894,0.524972827827316,0.7137797959797522,0.5718792235056478,0.4315726998759696,Педантичный,Педантичный_016,True,extreme,3,0.33452516650685027
0.28549789909983325,0.4345007965671544,0.4610956442484905,0.7619799112324959,0.9898538982851128,0.22410927753854873,0.5010988906495619,0.749762667447971,0.6034662749913092,0.43737850799899214,Педантичный,Педантичный_016,True,extreme,4,0.33452516650685027
0.282694018341709,0.3119285308781199,0.4987357769927583,0.811782037554269,1.0,0.10624639997602307,0.47917339712824686,0.8640418804794857,0.5756227182013838,0.5979129206874655,Педантичный,Педантичный_016,True,extreme,5,0.33452516650685027
0.2861342380803219,0.331284945848974,0.5196975235739365,0.903659037381559,1.0,0.09304975613883362,0.5183761324673754,1.0,0.5630046581491622,0.4789010356583354,Педантичный,Педантичный_016,True,extreme,6,0.33452516650685027
0.24881021122972286,0.35385303523220446,0.36119410594753604,0.9902879399443719,1.0,0.09008681967451557,0.6071349548637355,0.9769831217597422,0.5477466727820784,0.47325456836136587,Педантичный,Педантичный_016,True,extreme,7,0.33452516650685027
0.2260846589116815,0.3810587973301918,0.3696691394302566,0.9966190728024112,1.0,0.09976785411658642,0.6080887562622652,1.0,0.5380484519926003,0.4710301261832956,Педантичный,Педантичный_016,False,extreme,0,0.33452516650685027
0.5012650493434064,0.48574319704635877,0.49531699185562844,0.5213089440851355,0.5567808157260685,0.456613992411714,0.5079223774771335,0.515836946842363,0.49686986221945684,0.4832896640277054,Педантичный,Педантичный_017,True,extreme,1,0.32827687347760454
0.4411331037008162,0.41881020872911645,0.4862542235767772,0.6573544716088147,0.5490315193978567,0.47733541983669386,0.5092005268601806,0.5822849318592072,0.5219457059852376,0.5141105823246609,Педантичный,Педантичный_017,True,extreme,2,0.32827687347760454
0.38094504137554375,0.45998838951470333,0.41761133584317095,0.6742170842521309,0.7555614983561224,0.4037870928725091,0.5249357273848442,0.7621040066823003,0.6131608346490012,0.5067366570532317,Педантичный,Педантичный_017,True,extreme,3,0.32827687347760454
0.32049982121831033,0.4755811861580534,0.40460999232887546,0.862210982375762,0.8656913053481826,0.32598051034179837,0.5573318446986016,0.8574646877617532,0.6752856463364951,0.4989524690904105,Педантичный,Педантичный_017,True,extreme,4,0.32827687347760454
0.3495312415184487,0.35911395377478367,0.4065961553799719,0.8765662619209164,1.0,0.18851862409100345,0.5468289628137625,1.0,0.7131242661205774,0.5921884079267645,Педантичный,Педантичный_017,True,extreme,5,0.32827687347760454
0.42963323462257375,0.37798745591262123,0.42810676351098087,0.8343244899356486,0.9983248832927052,0.1630576140184739,0.5828188717350712,1.0,0.7363998993610981,0.6168606985548748,Педантичный,Педантичный_017,True,extreme,6,0.32827687347760454
0.45711277107700327,0.37350911928798575,0.3606885894703427,0.8242256278019537,0.9987945162280126,0.16366053035947686,0.6107550070077111,0.9906997417343038,0.7410654020942758,0.6155324633421276,Педантичный,Педантичный_017,True,extreme,7,0.32827687347760454
0.4797367743076521,0.36737619821364864,0.3506682171121752,0.8256088802021236,0.983884573360198,0.18719040355884992,0.6253959022769181,0.9682066647461567,0.7399166115678035,0.6339341096859891,Педантичный,Педантичный_017,False,extreme,0,0.32827687347760454
0.521159879376488,0.5207741623742469,0.46443813369205916,0.5303061513355448,0.5857720739249261,0.45162384353109614,0.4735389699181815,0.5168115693856619,0.5092823859114838,0.5007652462635169,Педантичный,Педантичный_018,True,extreme,1,0.22329039676384796
0.4402737727543029,0.40807866170731916,0.5137570606824663,0.6665848987147116,0.5610499116917701,0.4715733128568366,0.4673565481698858,0.6076454904280766,0.5349743731380799,0.5354894417319651,Педантичный,Педантичный_018,True,extreme,2,0.22329039676384796
0.35106493490908086,0.3762057110771875,0.409011752500447,0.6552042330679088,0.7998996603458106,0.3547685914206933,0.5013554138807227,0.7866145251338235,0.6198945622932293,0.5118694164321671,Педантичный,Педантичный_018,True,extreme,3,0.22329039676384796
0.28829165167251697,0.36336179735774554,0.41028343883290497,0.8298120897345517,0.9223758706049935,0.27837776898905586,0.49052409518804135,0.7993501887647312,0.6738861574494291,0.42922381538971777,Педантичный,Педантичный_018,True,extreme,4,0.22329039676384796
0.3191702361221671,0.31251713179099117,0.5239254512460367,0.8210594884574937,1.0,0.1280748621592396,0.4501018719115525,0.9351410344602273,0.6547006550862181,0.5903165112262775,Педантичный,Педантичный_018,True,extreme,5,0.22329039676384796
0.3202655939314582,0.2722121230154434,0.4792520376865026,0.8880317449597525,1.0,0.11108990370000482,0.4426844068481422,1.0,0.6678382246890715,0.4730781297201857,Педантичный,Педантичный_018,True,extreme,6,0.22329039676384796
0.25428498247726095,0.2548145179097812,0.3091222695274406,0.9603726914634781,0.9838305168764662,0.12443205394611356,0.5692675239929296,1.0,0.6803574420318467,0.4720848233636681,Педантичный,Педантичный_018,True,extreme,7,0.22329039676384796
0.2566942984300782,0.2319045456794185,0.29185273751301344,0.9752312758245133,0.9719149167718404,0.11797772159120573,0.5699802553029153,1.0,0.6824030910281592,0.48335611737656414,Педантичный,Педантичный_018,False,extreme,0,0.22329039676384796
0.5020969875478849,0.5069118955351664,0.4854458604679444,0.5313636022114503,0.6128837298861979,0.4484153345696989,0.5091840770827605,0.5373309497600046,0.4671734839160718,0.5053041617272431,Педантичный,Педантичный_019,True,extreme,1,0.33845097859727846
0.44579104941499964,0.4634481060259245,0.49344094086429086,0.6077609827167103,0.6233293646643694,0.44584121312661495,0.5090624595131978,0.5407491973924773,0.45119181012631,0.5863228478617747,Педантичный,Педантичный_019,True,extreme,2,0.33845097859727846
0.3256447976737553,0.4494816070961759,0.43095898450537445,0.6404156356311579,0.8759195028463882,0.35193859207059225,0.5106923024830375,0.7230209925322029,0.549083816187951,0.5437361042077411,Педантичный,Педантичный_019,True,extreme,3,0.33845097859727846
0.2601778943034274,0.4801708426764574,0.29639238977284543,0.7047611019028279,1.0,0.2428573646069237,0.6524994052631454,0.8229766350628752,0.658788807086949,0.5410237570375318,Педантичный,Педантичный_019,True,extreme,4,0.33845097859727846
0.30868774582534675,0.5040035661218604,0.32985163858548483,0.7168228704961884,1.0,0.21485843472497526,0.6356002481628555,0.9793475886479304,0.6189281825680125,0.6728799904568783,Педантичный,Педантичный_019,True,extreme,5,0.33845097859727846
0.36445767873572843,0.5019591782027197,0.42887904546579525,0.7689263950094308,1.0,0.1906235741533199,0.5519689051502963,1.0,0.603442865480455,0.5281398264623625,Педантичный,Педантичный_019,True,extreme,6,0.33845097859727846
0.32624441698465784,0.49358525065346476,0.3591158824831467,0.8724043395163203,1.0,0.21469169512182906,0.616460907507588,0.9876705252981799,0.595072730376125,0.5381024106161756,Педантичный,Педантичный_019,True,extreme,7,0.33845097859727846
0.34618890536211333,0.48670029143286764,0.36643427614806034,0.8793689346400322,0.9821431336935857,0.19300508748470097,0.5865461958005349,0.9911603145918879,0.6185899401877613,0.5622303284352653,Педантичный,Педантичный_019,False,extreme,0,0.33845097859727846
0.5156060779813966,0.5120653622899506,0.49120952968307663,0.5032377170932669,0.5375218617073632,0.44885290566731045,0.4953146163531004,0.5800971234760656,0.4803952780837131,0.4876844595123625,Педантичный,Педантичный_020,True,extreme,1,0.31309835225302135
0.43165140073006214,0.5010319197443712,0.4794962705921598,0.5684580873939988,0.558175505993463,0.4613302075099711,0.48496511964648636,0.607993617280642,0.476787808926691,0.6040129102408043,Педантичный,Педантичный_020,True,extreme,2,0.31309835225302135
0.385141382554592,0.5312616848782948,0.3626834381480393,0.6085899615475037,0.7492521033591748,0.36701337510789955,0.49231846246508265,0.7652776116161337,0.5982102656836645,0.6035055227111016,Педантичный,Педантичный_020,True,extreme,3,0.31309835225302135
0.32757566421224854,0.5620065826568345,0.37766798741796226,0.8075202251245374,0.8676631658112612,0.3233486237084711,0.47549911927668476,0.7802839531448902,0.6613557696718685,0.5484536370121313,Педантичный,Педантичный_020,True,extreme,4,0.31309835225302135
0.4070907713375371,0.4299164703073437,0.3603247338361426,0.8668156045899389,1.0,0.24743865696802386,0.4290732027597693,0.9300230662789404,0.6147015925732278,0.6069692691500789,Педантичный,Педантичный_020,True,extreme,5,0.31309835225302135
0.32126778380220966,0.417383335118836,0.36177175680764084,0.8834048823732703,1.0,0.22178767253929893,0.5600510792822058,1.0,0.6350747802161858,0.5235589063952686,Педантичный,Педантичный_020,True,extreme,6,0.31309835225302135
0.37854740340978926,0.4386052721780159,0.3779940878788439,0.9462098049070081,1.0,0.20808614962394947,0.552932922682063,0.9953483636484417,0.6225200661560935,0.5117553135342873,Педантичный,Педантичный_020,True,extreme,7,0.31309835225302135
0.35494258612677476,0.4213673055111609,0.35876801028138583,0.9686372204477776,0.9941871057398144,0.22374324414639443,0.5641847665173721,0.9677388196341973,0.6252329797082233,0.518419628401778,Педантичный,Педантичный_020,False,extreme,0,0.31309835225302135
0.4826085834278487,0.5166542425387615,0.49115845017354726,0.5510313532307322,0.5384048486015456,0.43128105940318856,0.5252576904184887,0.5696204262898084,0.5337198979088277,0.5177037316226171,Педантичный,Педантичный_021,True,extreme,1,0.21879654555384173
0.44358754910993575,0.408446424135411,0.5000254876212414,0.6914610383355333,0.5524902912479869,0.3878904099314888,0.5140695274836583,0.6442603482799624,0.5028162491464793,0.5306215532093222,Педантичный,Педантичный_021,True,extreme,2,0.21879654555384173
0.3682759871740671,0.39245536011704024,0.435998413157923,0.6992191361879758,0.7675313357680852,0.28380123848187555,0.5099830050566864,0.8087494085248347,0.6192090385456835,0.5104680802999847,Педантичный,Педантичный_021,True,extreme,3,0.21879654555384173
0.29963836938432836,0.3996698652223265,0.4281413706372388,0.9121904464150579,0.9027834624342957,0.24444233587495967,0.5231177909702078,0.8926641110649386,0.6637443511855108,0.4434722645214635,Педантичный,Педантичный_021,True,extreme,4,0.21879654555384173
0.3983019872177639,0.3191258819425712,0.4789104194694631,0.9413955279000301,1.0,0.13380390390670116,0.47287736644910033,1.0,0.6782821891817975,0.49737711076025765,Педантичный,Педантичный_021,True,extreme,5,0.21879654555384173
0.3937058385886711,0.33842978150839886,0.440727008684009,0.951236470928019,0.9879663201521535,0.04009723716990021,0.5662612027532758,1.0,0.6346875447549739,0.5241761155140273,Педантичный,Педантичный_021,True,extreme,6,0.21879654555384173
0.4386268428614142,0.349513787171079,0.32029465013898994,0.9270171005374754,1.0,0.028624370107969387,0.6091432103765722,0.9970101284061356,0.6335244962079395,0.5532686937817325,Педантичный,Педантичный_021,True,extreme,7,0.21879654555384173
0.44130649309315806,0.35398035190707244,0.33534159186327284,0.9154828734647882,0.9957425999007243,0.0004272416785150515,0.6096847527161553,1.0,0.6554650601042258,0.5776434818383245,Педантичный,Педантичный_021,False,extreme,0,0.21879654555384173
0.5194626035101627,0.511512880906189,0.4395287848609207,0.5584587815090909,0.5526675720031602,0.4765915580781503,0.5314993541320745,0.5271956850182369,0.4960931545808656,0.5376665240245174,Педантичный,Педантичный_022,True,extreme,1,0.5463900928847756
0.4208736468501162,0.3951209419488421,0.4522129423208856,0.7009363133238884,0.569113714380604,0.4881770619281817,0.5615834808211273,0.5708042687266043,0.47503756964398536,0.5034823185665963,Педантичный,Педантичный_022,True,extreme,2,0.5463900928847756
0.37947874966640466,0.4996489784786006,0.40098488729651877,0.7066611916401083,0.6369687944595497,0.4642283755980218,0.6449397704154542,0.5950272736899567,0.5185051824940591,0.5609788618358144,Педантичный,Педантичный_022,True,extreme,3,0.5463900928847756
0.46834391293278793,0.47180876564830193,0.4090096319391465,0.7754752880575452,0.8920013824137576,0.4205643091302775,0.5362004199354063,0.7192729797222799,0.49709317369506895,0.5399398505220704,Педантичный,Педантичный_022,True,extreme,4,0.5463900928847756
0.5509779659771626,0.39709567564003195,0.3916409247586167,0.8381683039394099,1.0,0.35089696089588485,0.601425500829126,0.8363922737947769,0.5205189116178142,0.6770532036439965,Педантичный,Педантичный_022,True,extreme,5,0.5463900928847756
0.5272934349126066,0.3900137000836621,0.4161964231385502,0.8954010252608895,1.0,0.29680961459509814,0.6327626049599863,0.9645353622521678,0.5093633316796775,0.567741324859344,Педантичный,Педантичный_022,True,extreme,6,0.5463900928847756
0.5194393708504985,0.4139698515339229,0.4583699719205834,0.9971185991789895,1.0,0.28911227396096517,0.6716981478086408,0.9692524587410285,0.46737022765517605,0.5812859645651828,Педантичный,Педантичный_022,True,extreme,7,0.5463900928847756
0.49416485860040826,0.4316130977565402,0.47786961721350507,1.0,0.9743044842508226,0.2988479366534119,0.6517540448926918,0.9499405282707372,0.4453484453109835,0.5728395265058397,Педантичный,Педантичный_022,False,extreme,0,0.5463900928847756
0.4879943031490773,0.47995640545533325,0.4826442405931837,0.5086133310137724,0.5429840978867401,0.48901404674386223,0.5419888565246087,0.49925426646006227,0.4978333632707011,0.5177591562786903,Педантичный,Педантичный_023,True,extreme,1,0.3680335927639529
0.4327009143030845,0.48398461925860503,0.48037392091557096,0.5188057074231343,0.5486259209362059,0.49280899946349277,0.5634160962136013,0.6102174228502362,0.49621163069907137,0.6344725684683086,Педантичный,Педантичный_023,True,extreme,2,0.3680335927639529
0.37929212119724526,0.48931757633747874,0.4075238030932717,0.5017665963755576,0.8011328217174415,0.3975190056845346,0.5468869888393466,0.7646900600729505,0.5701373014470471,0.6297904193833201,Педантичный,Педантичный_023,True,extreme,3,0.3680335927639529
0.28668273342041906,0.4991828813417504,0.3832828810469475,0.7200592179453924,0.8887574315197877,0.3225534673267885,0.5163345968976013,0.8213973618818702,0.6471846016498688,0.6118877790002722,Педантичный,Педантичный_023,True,extreme,4,0.3680335927639529
0.34927749188134277,0.42872433296914036,0.36611993815293303,0.753657992770051,1.0,0.3198295738292423,0.5985882624204151,0.856182759897899,0.6189600814444352,0.8632541277790777,Педантичный,Педантичный_023,True,extreme,5,0.3680335927639529
0.37222505332710165,0.4662174151119895,0.31667573472522337,0.8508121140693816,1.0,0.27120007540967883,0.6257887629105199,0.9967213712098807,0.6238196763563915,0.7280798766204626,Педантичный,Педантичный_023,True,extreme,6,0.3680335927639529
0.37095726632607257,0.45630596973841003,0.3848835421116153,0.9886332382294712,1.0,0.25525807148419116,0.5551345379629751,0.9890009625723329,0.6329930103860943,0.7031725408701,Педантичный,Педантичный_023,True,extreme,7,0.3680335927639529
0.382725431317804,0.46976302341497067,0.3766567158351155,1.0,0.9929239389700163,0.24051144466437918,0.5633602162353499,0.9836511379032402,0.6571656661364622,0.6793416730554607,Педантичный,Педантичный_023,False,extreme,0,0.3680335927639529
0.48868439283457066,0.502971475925636,0.4746822205629245,0.5216280913953186,0.5452270624222281,0.4421027763424917,0.4878076659845627,0.5439517453645065,0.4902135370634426,0.4827460071621098,Педантичный,Педантичный_024,True,extreme,1,0.37505537298519953
0.5180269171926665,0.43124889191791393,0.4654558373239589,0.5898158415335588,0.5705455919134096,0.4199071261108617,0.5076458973090214,0.5089530672506896,0.5187240577520061,0.6181803048716098,Педантичный,Педантичный_024,True,extreme,2,0.37505537298519953
0.5218693658643371,0.46370917531832584,0.41046937644696946,0.5742096922247119,0.6952707537271519,0.3564004763429896,0.49789725443161914,0.7336937408148723,0.5494705217002643,0.6135721675302843,Педантичный,Педантичный_024,True,extreme,3,0.37505537298519953
0.4747580506584151,0.438374458427861,0.35913915547832687,0.7074470878738632,0.8487244501143002,0.24517184263707198,0.5505676376284321,0.8184704690878245,0.6663769470631149,0.5864930420397189,Педантичный,Педантичный_024,True,extreme,4,0.37505537298519953
0.4912384136338727,0.33201024754534836,0.3836613584388158,0.709782699886626,1.0,0.2627863963610839,0.5455474574572124,0.847506855391652,0.6858363015701122,0.7911825146559325,Педантичный,Педантичный_024,True,extreme,5,0.37505537298519953
0.4808732008758427,0.3270763899432352,0.3766994935171623,0.8036038492855636,1.0,0.2081489887056941,0.552078980482812,0.9803715796624661,0.7040608459259753,0.6755569110871834,Педантичный,Педантичный_024,True,extreme,6,0.37505537298519953
0.5260413737533142,0.31751680853160835,0.3729187209715677,0.8515211160379598,0.9948002113176991,0.21080281841940915,0.5619251708896139,0.9803591974189915,0.6990331518437453,0.7032813810191764,Педантичный,Педантичный_024,True,extreme,7,0.37505537298519953
0.5019309771665547,0.322530468038538,0.344230359618178,0.8217078018426264,0.9989360248072893,0.22876725349926805,0.553537838312686,0.9761513172992973,0.7100920589123741,0.7304464290830036,Педантичный,Педантичный_024,False,extreme,0,0.37505537298519953
0.48523012598736015,0.503233660516646,0.47702289298498324,0.548524199141651,0.5287772409709219,0.4507512840097755,0.49248847549464847,0.5649160491962234,0.4800803652012176,0.5290637011789918,Педантичный,Педантичный_025,True,extreme,1,0.42656724605120744
0.4051019085948652,0.46900433403441383,0.509974447929006,0.6143036849143643,0.5347117592402032,0.4608127462757186,0.5075204766370817,0.5973588906280769,0.47321298824290436,0.6102976112679896,Педантичный,Педантичный_025,True,extreme,2,0.42656724605120744
0.3470332447142857,0.45303567217447277,0.534873694657014,0.6019918137068223,0.7655591798785059,0.3509883377001394,0.5744932060515154,0.6777446577750826,0.5444705678836429,0.687265145453261,Педантичный,Педантичный_025,True,extreme,3,0.42656724605120744
0.27343667495406465,0.44046622278663833,0.4924729263160496,0.8039706816375376,0.7858318538437467,0.26243686085785395,0.6467241461420747,0.756592650880935,0.5992488744242832,0.6735308833469704,Педантичный,Педантичный_025,True,extreme,4,0.42656724605120744
0.3423625578248325,0.45490232625767896,0.4982284781858591,0.8658747587655752,0.9579963131647674,0.32848488289790406,0.6226757493762475,0.8488208976178008,0.5349230374567677,0.7448062505495119,Педантичный,Педантичный_025,True,extreme,5,0.42656724605120744
0.330386157221349,0.4353984019904204,0.4901352826767307,0.9392657243983464,1.0,0.26053749081835165,0.6056041544954462,1.0,0.553163472870279,0.6467446953763093,Педантичный,Педантичный_025,True,extreme,6,0.42656724605120744
0.4034082939876214,0.4678910962756012,0.43392029356766737,0.9185518190758362,0.9769396034488497,0.274190414066568,0.6764921940845864,1.0,0.5677698908370667,0.6773587055129122,Педантичный,Педантичный_025,True,extreme,7,0.42656724605120744
0.39835356986770837,0.441188106883635,0.4132187935533881,0.9241388818336099,0.9585409673111789,0.25420516169619634,0.6648946422035018,1.0,0.5828342557939342,0.6499518035492278,Педантичный,Педантичный_025,False,extreme,0,0.42656724605120744
0.5193539640300296,0.5183976442678179,0.5296647238770457,0.5571421577158837,0.5655090411623791,0.4106750061940096,0.4757082399918173,0.4747664552374981,0.48041481958919935,0.5063033976137962,Педантичный,Педантичный_026,True,moderate_a0.6,1,0.4333274274797995
0.44996830620000466,0.40727640979495316,0.5443013258100053,0.6847048513685944,0.5535757117869218,0.41182805208987716,0.45942735495580694,0.5791143649237445,0.45256825665589245,0.48908863018080045,Педантичный,Педантичный_026,True,moderate_a0.6,2,0.4333274274797995
0.38472177303475585,0.3746364424886079,0.4475098888666392,0.6990233453842447,0.8107644944211159,0.31941902960124124,0.4800133436647438,0.7403835379025213,0.5331423565867052,0.4682279744113274,Педантичный,Педантичный_026,True,moderate_a0.6,3,0.4333274274797995
0.405176887619969,0.3734015570350767,0.4754155297944403,0.9013723221126277,0.8532539777496285,0.2495360366613983,0.4716612602083796,0.8046350896057584,0.5643514176048083,0.5601423207684239,Педантичный,Педантичный_026,True,moderate_a0.6,4,0.4333274274797995
0.41740095622387824,0.40981579292605524,0.4945232042366207,0.9105501322969641,1.0,0.22504196019982634,0.5060172308078685,0.9751488274541323,0.6028309414269555,0.731836646961704,Педантичный,Педантичный_026,True,moderate_a0.6,5,0.4333274274797995
0.42491932225081985,0.41996055708384344,0.5137953744491714,0.9070319218292342,1.0,0.2613389057064733,0.5971238461670706,1.0,0.5800990249017921,0.6373232747139025,Педантичный,Педантичный_026,True,moderate_a0.6,6,0.4333274274797995
0.3877606762756506,0.4370255072664663,0.4885177226507835,1.0,1.0,0.29746403834743107,0.6635133455849203,0.9598958570861139,0.5593841579133969,0.6841799592321862,Педантичный,Педантичный_026,True,moderate_a0.6,7,0.4333274274797995
0.38782407999957286,0.4375419013405815,0.46681894909973454,1.0,0.9805392522074023,0.28313237506410116,0.6586324530754866,0.95306135004813,0.5716065185276943,0.6705083124986737,Педантичный,Педантичный_026,False,moderate_a0.6,0,0.4333274274797995
0.48381992665396484,0.5509047209040931,0.5000346073475056,0.5092867257465221,0.5339334093924553,0.48882900335914165,0.48312011628637275,0.5172740429975717,0.48873921562882255,0.5086931398584783,Педантичный,Педантичный_027,True,moderate_a0.75,1,0.3691322436159272
0.4090846292714529,0.5042692111191922,0.47074489103026873,0.5798950495040008,0.5519697398086648,0.489995561029543,0.47183230576061247,0.5518111429628814,0.49835696709443433,0.6042269592722784,Педантичный,Педантичный_027,True,moderate_a0.75,2,0.3691322436159272
0.304115148004034,0.4880093629264404,0.39055100528397907,0.5537842344633727,0.8017706260599997,0.40078331457470984,0.42617141756527577,0.7197963839306203,0.5996748352850839,0.5885424893351116,Педантичный,Педантичный_027,True,moderate_a0.75,3,0.3691322436159272
0.26480671007220463,0.5101465365037173,0.3626299591418576,0.7049726153966086,0.8355290066115523,0.4278937095063669,0.47095428386084337,0.7037010030873391,0.6440910072929864,0.65708616730532,Педантичный,Педантичный_027,True,moderate_a0.75,4,0.3691322436159272
0.30343779374168167,0.38420088031701555,0.35928120005973224,0.7458398809303007,1.0,0.40446879659831325,0.4940792750510869,0.7913848341634355,0.6419756871851952,0.8023789396945387,Педантичный,Педантичный_027,True,moderate_a0.75,5,0.3691322436159272
0.37309130676880875,0.38971429568015553,0.47933604905288585,0.7418919520925439,1.0,0.37362739461206385,0.4338733805658886,1.0,0.6218255108132951,0.7396432228973756,Педантичный,Педантичный_027,True,moderate_a0.75,6,0.3691322436159272
0.3038760820291907,0.3733125061968098,0.3749128399315484,0.8230138767401493,1.0,0.3917363093284244,0.5058721824138579,1.0,0.6434199274734507,0.7089974842230906,Педантичный,Педантичный_027,True,moderate_a0.75,7,0.3691322436159272
0.29724445469034577,0.3697907956920689,0.40311084150493487,0.8251692383180348,0.9774299721021026,0.3677987827100516,0.49420749336207725,1.0,0.6472424749790439,0.7291416959128117,Педантичный,Педантичный_027,False,moderate_a0.75,0,0.3691322436159272
0.49060057052825357,0.5158937415353368,0.48375560645317545,0.5031626762504531,0.573176301909786,0.4652329399158647,0.5058180073320097,0.5113439132022091,0.5392962679021752,0.5075701221923493,Педантичный,Педантичный_028,True,moderate_a0.85,1,0.26360646397476634
0.4233242139034928,0.471111951715034,0.4745153089394436,0.5583183705205292,0.5688819975894347,0.4569027361317933,0.47749099042876014,0.5289486808945771,0.5392900982209429,0.6062739960351506,Педантичный,Педантичный_028,True,moderate_a0.85,2,0.26360646397476634
0.31996859458773497,0.45702456860867874,0.388339715667349,0.5979383218578722,0.7570095359116885,0.3655341730938082,0.5172057344561113,0.7102025191838994,0.6015906931969128,0.6252227337696556,Педантичный,Педантичный_028,True,moderate_a0.85,3,0.26360646397476634
0.2681121127719977,0.42155750913761486,0.3861828586821772,0.8098931609582869,0.9137079077186752,0.3220249114633958,0.5085815565055591,0.7774334157765821,0.6452514553274765,0.5492100384240255,Педантичный,Педантичный_028,True,moderate_a0.85,4,0.26360646397476634
0.39930090924234096,0.33404377238011845,0.4867064502607568,0.8755467403535315,1.0,0.2507859515534033,0.40006233696811194,0.964751858902071,0.664104045857427,0.5821572111844273,Педантичный,Педантичный_028,True,moderate_a0.85,5,0.26360646397476634
0.4093837206722972,0.31030660869845095,0.40627003044324694,0.9068167689915974,0.9960622474634164,0.22225866415942241,0.4934212590021455,1.0,0.6547391277448594,0.49665584040020827,Педантичный,Педантичный_028,True,moderate_a0.85,6,0.26360646397476634
0.4941002011139882,0.29360642002093235,0.4026592135992598,0.8967446631969479,0.9694868932710926,0.23197326851883932,0.5871184195182145,0.9579230225766328,0.6567969534969058,0.5420638540357122,Педантичный,Педантичный_028,True,moderate_a0.85,7,0.26360646397476634
0.5161896656128347,0.2786005880308501,0.42798320222893155,0.9022639761369706,0.9579015270136362,0.20887662010899372,0.5873469711508632,0.9489093226736286,0.6577190940291672,0.5210364331890611,Педантичный,Педантичный_028,False,moderate_a0.85,0,0.26360646397476634
0.5332291933866752,0.46756266230407795,0.48575425058832067,0.5575132820969294,0.562805463479531,0.457381993618745,0.5103543861019632,0.536012155291366,0.5144349004845924,0.4798506379473653,Педантичный,Педантичный_029,True,moderate_a0.6,1,0.3992577046127433
0.4266250733472573,0.45618041892415706,0.48738125789995557,0.6055253560269851,0.5451055230586671,0.4820178408811309,0.5118970125283012,0.5572060311227609,0.46871657693855645,0.5877707673278595,Педантичный,Педантичный_029,True,moderate_a0.6,2,0.3992577046127433
0.4819816391813669,0.500043309048491,0.5525964591551997,0.5935396702686334,0.5646426361225835,0.4427526539436283,0.5025555445267286,0.6589620679087249,0.5251291149623082,0.6125882574158997,Педантичный,Педантичный_029,True,moderate_a0.6,3,0.3992577046127433
0.5499458366376129,0.4954753080229446,0.5048176067354022,0.6102641045091843,0.7632349851349366,0.4113641763548448,0.5242260943248321,0.7154158956811593,0.5817109172886772,0.5821886732619942,Педантичный,Педантичный_029,True,moderate_a0.6,4,0.3992577046127433
0.5764451082557978,0.5351986707700594,0.5227610891571473,0.6351208834131064,0.9794565399659594,0.3971578774184793,0.5846001090280143,0.7560850043149259,0.5740487177688861,0.7492855135639106,Педантичный,Педантичный_029,True,moderate_a0.6,5,0.3992577046127433
0.5762392659566634,0.5619672113151755,0.5171469732834413,0.6837904556070097,1.0,0.3621889750671529,0.6236741105571023,0.8946876622783495,0.5918096609731307,0.6318312262079863,Педантичный,Педантичный_029,True,moderate_a0.6,6,0.3992577046127433
0.4942887277532529,0.6040305228317808,0.4222610979258199,0.7896053896899923,1.0,0.36823027242417083,0.6722340564868292,0.8907800369185622,0.6011777586676327,0.5863753088408765,Педантичный,Педантичный_029,True,moderate_a0.6,7,0.3992577046127433
0.520131694106754,0.577251809679664,0.4196287196778119,0.8088980897184014,0.9887585219752199,0.3580217160899173,0.6468703076142227,0.8982663968750689,0.5955647161267479,0.575724612266869,Педантичный,Педантичный_029,False,moderate_a0.6,0,0.3992577046127433
0.4970730158341452,0.5153984802801325,0.5079718850727869,0.5261568566339572,0.5584017350371435,0.4864972454240502,0.4636357985435645,0.5327101805589275,0.4723463302091929,0.5047239999224991,Педантичный,Педантичный_030,True,moderate_a0.75,1,0.40113647104970745
0.4270639674106422,0.46344216348651734,0.5028429352747839,0.6018354804284631,0.5799729002941576,0.4696485963862813,0.45168338085955956,0.6456260730951153,0.47960532086809937,0.5100481596943375,Педантичный,Педантичный_030,True,moderate_a0.75,2,0.40113647104970745
0.35863775238151707,0.45191109891282555,0.4306414864046595,0.5784996550626159,0.7998485801606701,0.3791766654477845,0.4454506818850688,0.8094965566924122,0.5547689429509542,0.5052239948271587,Педантичный,Педантичный_030,True,moderate_a0.75,3,0.40113647104970745
0.35609915917557794,0.45888848026228374,0.42069723074636517,0.7383970397633193,0.8609825960111048,0.34936362899222145,0.4466136183664777,0.8218820352860188,0.598154219477453,0.57989576480636,Педантичный,Педантичный_030,True,moderate_a0.75,4,0.40113647104970745
0.4711182100084752,0.27303922153384536,0.4336274406316599,0.7763671352909381,1.0,0.36693467855351025,0.44219462612903826,0.9402397388337415,0.5726512907983882,0.680445649639144,Педантичный,Педантичный_030,True,moderate_a0.75,5,0.40113647104970745
0.47222727461253167,0.2874356628232031,0.394116894279291,0.7689022502021906,1.0,0.2911152040829402,0.5553390436536139,1.0,0.6154677807726138,0.6551558200511823,Педантичный,Педантичный_030,True,moderate_a0.75,6,0.40113647104970745
0.6171680941449175,0.3093538194589159,0.5042244619849069,0.7381255217414832,1.0,0.2962657463060845,0.5503038298547912,0.9885346067261007,0.615374256054927,0.6643387608292226,Педантичный,Педантичный_030,True,moderate_a0.75,7,0.40113647104970745
0.5905433234427496,0.33527731526083565,0.47506956041924997,0.7506579218387784,1.0,0.30875993872709817,0.5666066047898973,0.9859398357771575,0.6428952372907933,0.6923467364142957,Педантичный,Педантичный_030,False,moderate_a0.75,0,0.40113647104970745
0.47774553555292915,0.5085736185288868,0.5370691218155853,0.513199133589602,0.575190639533234,0.4358725551737993,0.5355286133917855,0.5097301968634632,0.5006875234466924,0.4890898933589913,Педантичный,Педантичный_031,True,moderate_a0.85,1,0.27531975833276623
0.4846028285271989,0.3959030245569416,0.5158344806482194,0.6728284054856858,0.590610008332569,0.4205145105054993,0.5070659470398959,0.5111385731339388,0.5088262389549371,0.4709444108040249,Педантичный,Педантичный_031,True,moderate_a0.85,2,0.27531975833276623
0.4171328772156079,0.38830721042509037,0.45324846892420384,0.698187470407413,0.7934583444963761,0.3196420234529936,0.48148844053096007,0.64930618711323,0.6189242300324684,0.45809567412924523,Педантичный,Педантичный_031,True,moderate_a0.85,3,0.27531975833276623
0.35036553744576426,0.3957939980414455,0.35374133759440185,0.7390150412309541,0.9846694288727184,0.25767306428358655,0.5517028034388085,0.7355412699846432,0.6978013902976776,0.5175945370801844,Педантичный,Педантичный_031,True,moderate_a0.85,4,0.27531975833276623
0.3509710172933671,0.38995689486239227,0.37316816220966,0.7855549140619846,0.95745412850947,0.2529592782449552,0.5602684604667231,0.8044951711904809,0.673614412668068,0.6140857788796038,Педантичный,Педантичный_031,True,moderate_a0.85,5,0.27531975833276623
0.35475822632517573,0.4106835595614038,0.3228113884904532,0.8421418719582592,0.9808912932212733,0.176400434719436,0.6824188049703762,0.8420022104147389,0.6545235294665062,0.5680072357976301,Педантичный,Педантичный_031,True,moderate_a0.85,6,0.27531975833276623
0.48732464517015295,0.38913144434267694,0.4698205755697282,0.9240205277833993,0.9539471554312937,0.16329099978362036,0.5655288198906019,0.8193243666517057,0.612785666871929,0.5580228853765843,Педантичный,Педантичный_031,True,moderate_a0.85,7,0.27531975833276623
0.4650235425434157,0.3918078802525984,0.4487718077300129,0.8959223008363666,0.9428167770435066,0.13476952228440497,0.5947833063625811,0.7944188970278173,0.6022090233283165,0.5653441765657649,Педантичный,Педантичный_031,False,moderate_a0.85,0,0.27531975833276623
0.51075362529155,0.48256965970042115,0.4772483665666935,0.5531700880380099,0.5962744057748235,0.439017826860973,0.5246485966004593,0.5268909274985515,0.49059821746367577,0.530917926242692,Педантичный,Педантичный_032,True,moderate_a0.6,1,0.4118760670529894
0.469462774482737,0.37892787153508545,0.46120396966487076,0.656253784273271,0.625640859630474,0.4323832917785642,0.5198192784269048,0.6014054433485505,0.5181629327945684,0.5471903810198234,Педантичный,Педантичный_032,True,moderate_a0.6,2,0.4118760670529894
0.4283058114984856,0.36258269585549,0.3626758995695154,0.6583619970592834,0.8495273740682482,0.33589816636126757,0.49954147525542153,0.8146797877476277,0.6236145556242562,0.5355181372206339,Педантичный,Педантичный_032,True,moderate_a0.6,3,0.4118760670529894
0.3806116432496851,0.38428758718971634,0.3764928932615872,0.8290827731342002,0.8711908786759689,0.3242670370233937,0.5364988357394698,0.840125141384992,0.6897800489621861,0.6145300221056764,Педантичный,Педантичный_032,True,moderate_a0.6,4,0.4118760670529894
0.4772137408635341,0.5605077485809481,0.4909275883041917,0.8184944329271033,0.9515505226399789,0.38404736013792284,0.4404237652707101,0.9109067195904542,0.7204901539903295,0.6531691102022804,Педантичный,Педантичный_032,True,moderate_a0.6,5,0.4118760670529894
0.48094496881721,0.5686039694017159,0.4890667076712596,0.8379727216963869,1.0,0.2919701501220567,0.3981474683147464,1.0,0.6995088806282478,0.5924248532834329,Педантичный,Педантичный_032,True,moderate_a0.6,6,0.4118760670529894
0.4098912150850847,0.5488172814840292,0.4128228491880434,0.9068791560413937,0.9990405455005991,0.276593311585855,0.5764139472012737,0.949037296867042,0.7198148422049683,0.6585545316704814,Педантичный,Педантичный_032,True,moderate_a0.6,7,0.4118760670529894
0.3935147369991843,0.5693620998530177,0.41037919605171935,0.9153565718864703,1.0,0.2899968357252395,0.5959509075360193,0.953303397356457,0.7019186335551914,0.6803081058269322,Педантичный,Педантичный_032,False,moderate_a0.6,0,0.4118760670529894
0.4789061900559391,0.45314722883951203,0.5112658506420582,0.552057057688614,0.591147986638,0.4622345177837497,0.5103358578415892,0.5396616070225011,0.4747379503000517,0.5129406946194273,Педантичный,Педантичный_033,True,moderate_a0.75,1,0.3575666708997258
0.4079191262335727,0.4306588097827693,0.5034217304574574,0.6305921499760818,0.5934241595245532,0.5061168462521264,0.4678266797365541,0.5493006115231337,0.5049082867334611,0.6242454014292979,Педантичный,Педантичный_033,True,moderate_a0.75,2,0.3575666708997258
0.3958447745130719,0.543778939048847,0.45117146519490087,0.6411556265884155,0.7290656527914986,0.41819330796798393,0.4712535143576719,0.771426410412843,0.5599827043886806,0.656524256493031,Педантичный,Педантичный_033,True,moderate_a0.75,3,0.3575666708997258
0.305154299415764,0.5318884665471834,0.35425629623310245,0.7567288323730188,0.9029267618789933,0.32012260934784253,0.5134595347783957,0.8013936260663307,0.6991943693546074,0.6093104266290315,Педантичный,Педантичный_033,True,moderate_a0.75,4,0.3575666708997258
0.3940851109341475,0.43096945669647746,0.34288184004356304,0.7640767644022654,1.0,0.3170749537451894,0.5308655683453005,0.9699223073762265,0.7311906512038993,0.8776811040960403,Педантичный,Педантичный_033,True,moderate_a0.75,5,0.3575666708997258
0.39956427393258676,0.4249136475749365,0.36744936196899103,0.8527810291598528,1.0,0.2609096324308123,0.572651012304505,1.0,0.7169413358723499,0.7253688419728412,Педантичный,Педантичный_033,True,moderate_a0.75,6,0.3575666708997258
0.3888421338069104,0.4379977341805281,0.33531242774750536,0.9233290675310544,1.0,0.27892119788094905,0.5642939811215546,1.0,0.7595165293527646,0.7115278330277757,Педантичный,Педантичный_033,True,moderate_a0.75,7,0.3575666708997258
0.4010996632702073,0.4242798568902796,0.3571360445980486,0.946098325810601,0.9781747597917984,0.2999724728419069,0.5941673304307504,0.9707326337214137,0.7553985103201878,0.7333265992762881,Педантичный,Педантичный_033,False,moderate_a0.75,0,0.3575666708997258
0.5182903274960649,0.4643249066704589,0.5415902074044894,0.5472899354108167,0.580128586038354,0.4677337430413082,0.5334456171068667,0.5024421822723394,0.5301090187348512,0.5294382446071884,Педантичный,Педантичный_034,True,moderate_a0.85,1,0.36524827882349564
0.5084942347578607,0.4247261962150328,0.5326513556796687,0.6309769264388597,0.604641469847966,0.4677156355861782,0.5195265978941979,0.5516770178261544,0.5322280303563409,0.4870169075329766,Педантичный,Педантичный_034,True,moderate_a0.85,2,0.36524827882349564
0.45921261522263396,0.5283596454299337,0.4007960261844203,0.6645451734949189,0.683504576849709,0.4967437557883852,0.5490641637879073,0.6234825634605602,0.6094495099156492,0.482510765405968,Педантичный,Педантичный_034,True,moderate_a0.85,3,0.36524827882349564
0.37388391469898735,0.5188382451639972,0.43817964525454695,0.7326828665480548,0.8975506848108501,0.3800699606695028,0.5342997606070249,0.6930434896849311,0.6917893007565975,0.4965408812401952,Педантичный,Педантичный_034,True,moderate_a0.85,4,0.36524827882349564
0.46010740449370996,0.466421619892323,0.5470914603255134,0.7746816168261295,1.0,0.23997146869986904,0.5276203398269866,0.7168316406444062,0.6606740087335329,0.7079995974198411,Педантичный,Педантичный_034,True,moderate_a0.85,5,0.36524827882349564
0.46073314622164346,0.4807282280481963,0.4860172235150748,0.8110871712708839,1.0,0.16284696595133047,0.6524218666342383,0.7499190984137203,0.6712425882742836,0.6439436030889953,Педантичный,Педантичный_034,True,moderate_a0.85,6,0.36524827882349564
0.4374676619430701,0.46231376357584986,0.39435146256479986,0.8970299282035028,1.0,0.17022176553230378,0.6966827867380946,0.729060686700066,0.6371498619573382,0.5932181265712824,Педантичный,Педантичный_034,True,moderate_a0.85,7,0.36524827882349564
0.41524789179163524,0.45027177373378136,0.410143696636763,0.8901858995292754,0.9910408717304406,0.16877948252080066,0.7169522045650086,0.758816753188318,0.6436520726545337,0.6123641790492518,Педантичный,Педантичный_034,False,moderate_a0.85,0,0.36524827882349564
0.47389698338091424,0.4717759682607227,0.49924767838751316,0.5191836282818203,0.5952528429814766,0.45720946633099113,0.4792491208615948,0.4997696676480048,0.5121303141724485,0.47860204931204164,Педантичный,Педантичный_035,True,moderate_a0.6,1,0.40803424426622453
0.48653601490657916,0.4616430213542143,0.4992826360303234,0.5883804979411876,0.5828610011191632,0.46732579402507757,0.4769929336092925,0.539433133182197,0.4966845570872516,0.5413280130208837,Педантичный,Педантичный_035,True,moderate_a0.6,2,0.40803424426622453
0.4422790919163044,0.4322028423627401,0.43469553644286657,0.5934271600263901,0.7866483092447133,0.38592633013152833,0.4637837332871085,0.7248933575521236,0.5767775682657941,0.5324410799430519,Педантичный,Педантичный_035,True,moderate_a0.6,3,0.40803424426622453
0.3592853623684137,0.49016703612631746,0.3938815515946794,0.7886120451191281,0.8940902284851954,0.278409223497885,0.5436923098615735,0.8145207689408293,0.63684706376798,0.5354165311049033,Педантичный,Педантичный_035,True,moderate_a0.6,4,0.40803424426622453
0.44015437393117124,0.523339107278828,0.48128018253711913,0.8757535372224242,0.9597299607892231,0.23960679323490358,0.46514964358342975,0.8472080670861764,0.614914381993081,0.5671905981382517,Педантичный,Педантичный_035,True,moderate_a0.6,5,0.40803424426622453
0.35491806873371723,0.595723180423608,0.4545540680075698,0.8866930727358254,1.0,0.17220327736062302,0.5850724198699685,0.8625943470086952,0.6398938341218655,0.6374705845363573,Педантичный,Педантичный_035,True,moderate_a0.6,6,0.40803424426622453
0.5114837151737093,0.5886103898894848,0.49497666988032474,0.8456681047106503,1.0,0.1898679684038605,0.6207451237229238,0.9033966597720854,0.624301998050197,0.6840409545326538,Педантичный,Педантичный_035,True,moderate_a0.6,7,0.40803424426622453
0.5259098648676327,0.6073169157182308,0.4913173368411078,0.8207491824638448,0.9751234578717844,0.19868639294118598,0.6051523759284956,0.8982719158456691,0.6430895811381628,0.7033792684843103,Педантичный,Педантичный_035,False,moderate_a0.6,0,0.40803424426622453
0.4867830506851646,0.4875247819547491,0.500609148947978,0.5480330723426321,0.5380261453305688,0.5199544131127674,0.4717182826033234,0.5240054910353278,0.5107304671354952,0.5013491389498256,Педантичный,Педантичный_036,True,mixed,1,0.2653855616446254
0.4277919853184335,0.49674052541749575,0.48237615753023805,0.585692585487765,0.5715103225171685,0.5462601039020558,0.45610693661644724,0.5846026221197709,0.5279373694685051,0.6115970307589719,Педантичный,Педантичный_036,True,mixed,2,0.2653855616446254
0.38053631068513416,0.4784210737974483,0.44104763062828584,0.6140544029368105,0.7798669529858977,0.4418988005726635,0.4004930280517153,0.739696172536628,0.6108695039322657,0.6151987796368107,Педантичный,Педантичный_036,True,mixed,3,0.2653855616446254
0.3116221662928373,0.48039842743622013,0.28118124974974656,0.6833372523801864,0.885733266104261,0.37557045417883633,0.5374954187021064,0.8225531602126802,0.7238926356492038,0.6197974053692558,Педантичный,Педантичный_036,True,mixed,4,0.2653855616446254
0.42785697778707876,0.3219047920090945,0.2833022596742157,0.732707299022529,1.0,0.25992500926511364,0.5519995492899642,0.9725556881170416,0.7368139225359124,0.64760248261158,Педантичный,Педантичный_036,True,mixed,5,0.2653855616446254
0.3802881278428481,0.302733959807525,0.2464295677324393,0.7834575291374165,1.0,0.2720094807373689,0.6801077439578405,1.0,0.7259247582277147,0.5398902114230989,Педантичный,Педантичный_036,True,mixed,6,0.2653855616446254
0.3039552772238377,0.31144150685694644,0.21618521738295593,0.9044675767798518,1.0,0.25710408068620333,0.7423903958696701,1.0,0.7487584631972036,0.5099809454364009,Педантичный,Педантичный_036,True,mixed,7,0.2653855616446254
0.29715328940469854,0.31123902098563405,0.19200631712151964,0.9151007991471622,0.9876023405723955,0.23440440489748846,0.755819315824695,1.0,0.731424497935091,0.5314973355842749,Педантичный,Педантичный_036,False,mixed,0,0.2653855616446254
0.4965370826269387,0.4677334367269042,0.4419920550735844,0.5221383091380575,0.5715198393656947,0.4285118937355144,0.5179449711361357,0.5616176696230988,0.501515485777337,0.5066102831380197,Педантичный,Педантичный_037,True,mixed,1,0.37163960055097234
0.48761210595670335,0.45916915253624013,0.4134716660301608,0.6493260267730552,0.5605857484471165,0.45280466739349706,0.4889011986467593,0.5131374836572546,0.4937315146011506,0.6133618070170902,Педантичный,Педантичный_037,True,mixed,2,0.37163960055097234
0.4485078137648405,0.5425328796608079,0.3378619688051547,0.6012721326313812,0.6664070066490886,0.36558352860251137,0.46549689808773526,0.7434068276575766,0.5157609819394167,0.6006942237937833,Педантичный,Педантичный_037,True,mixed,3,0.37163960055097234
0.39362483247299374,0.5469467445046695,0.2477635966238272,0.6737894627053301,0.7810943537340518,0.3014212193888058,0.5834234317170177,0.8405916124797073,0.6316612465809903,0.5985022254269589,Педантичный,Педантичный_037,True,mixed,4,0.37163960055097234
0.3892638777874196,0.4545920533596649,0.2095213304913793,0.72419691940121,1.0,0.1737400760907728,0.6272225894498602,0.9453081202301299,0.6058408218302004,0.6819841775364912,Педантичный,Педантичный_037,True,mixed,5,0.37163960055097234
0.45449661805724934,0.4922789536255772,0.3070672937727693,0.7276802407213048,0.8964511709023475,0.3053659288209812,0.6639026146179511,0.8971161442383175,0.6057091171613126,0.7649423816209434,Педантичный,Педантичный_037,True,mixed,6,0.37163960055097234
0.3985191824169834,0.4907137787816432,0.2599513625745175,0.8607949861169629,0.9594027333295657,0.2816560897497676,0.7402183651135223,0.9175338144663647,0.5852091599401423,0.7184667287615873,Педантичный,Педантичный_037,True,mixed,7,0.37163960055097234
0.39949188148427034,0.4831972615323264,0.27906273675231663,0.8635833381753745,0.9820699289939462,0.31101218168741007,0.7397113608497876,0.9420715834369493,0.591884527098573,0.7452551578466926,Педантичный,Педантичный_037,False,mixed,0,0.37163960055097234
0.4756127953313417,0.509978711275932,0.5255551274944845,0.5624730859709707,0.4932250457418331,0.4783603239161648,0.48254544963192997,0.5128371183486954,0.5500006676919041,0.5286861475455762,Педантичный,Педантичный_038,True,mixed,1,0.17829711949239568
0.36268841560222564,0.37453071389479164,0.5075619053137407,0.7154902947289018,0.489988883855288,0.4628697344501371,0.45098742462642055,0.5725375809882589,0.5623152006037249,0.5320125792423681,Педантичный,Педантичный_038,True,mixed,2,0.17829711949239568
0.31285783947064844,0.37589229061950696,0.46278809027629225,0.7385744540035466,0.738135249896441,0.3774666849469464,0.44500123666367986,0.7327461767339015,0.6848766512918626,0.5485407002587391,Педантичный,Педантичный_038,True,mixed,3,0.17829711949239568
0.47860498961368536,0.37939971361103764,0.4596330274125627,0.8164011963577867,0.791693637381977,0.30093491789536053,0.3862151213396414,0.8098282420756983,0.7199107508991204,0.5694328759996229,Педантичный,Педантичный_038,True,mixed,4,0.17829711949239568
0.5732319563704412,0.3656736768536,0.5957172378357294,0.8615027830888475,0.9309911774959342,0.30297455776220733,0.3459614190778198,0.8481945030032301,0.6975841512952153,0.6692466349374651,Педантичный,Педантичный_038,True,mixed,5,0.17829711949239568
0.5454907353153612,0.337909308482433,0.508176510225962,0.9096057452114918,1.0,0.26372981038054805,0.48262398813116536,0.8967814077782953,0.7176075907795252,0.593051891925336,Педантичный,Педантичный_038,True,mixed,6,0.17829711949239568
0.5101146609379009,0.32534475754111236,0.6015854970487218,1.0,1.0,0.22211821745553584,0.4331204283308334,0.9136774127668236,0.7112867770879131,0.5753819377377796,Педантичный,Педантичный_038,True,mixed,7,0.17829711949239568
0.5341723362907906,0.30297614600918416,0.5881077862734421,0.996041830843236,0.9712293086708729,0.2026574143536708,0.4408538910244207,0.8881102696143456,0.6948146484176123,0.6005268669200934,Педантичный,Педантичный_038,False,mixed,0,0.17829711949239568
0.5025306569953188,0.5094938798744459,0.5232528533734666,0.5504093399084176,0.5929930128497604,0.46642890911023427,0.5380538805847283,0.5414637853379249,0.5246490544323034,0.5353278216938369,Педантичный,Педантичный_039,True,mixed,1,0.35108004167286466
0.4552508559129265,0.43235900566713653,0.5185586119325984,0.617029062332994,0.5950002161101614,0.458274976280134,0.5205065974216468,0.6487034260699338,0.49829404204967104,0.4867649424536639,Педантичный,Педантичный_039,True,mixed,2,0.35108004167286466
0.38495164552543976,0.41898862213955407,0.4440309590025225,0.6365586085039777,0.8478773160697363,0.35425737938010227,0.5713325286762722,0.8227377680616244,0.556859030055834,0.4799697480546003,Педантичный,Педантичный_039,True,mixed,3,0.35108004167286466
0.34492895829282466,0.38110132758469617,0.4539719137403134,0.802266981951973,0.8458616464216051,0.32027456288671813,0.5957093678912653,0.8012108650253511,0.6337540904873331,0.4796340967553909,Педантичный,Педантичный_039,True,mixed,4,0.35108004167286466
0.41085335723283456,0.37322052464442146,0.43834521890862577,0.7889020193100342,0.8529391610174218,0.3689242365522508,0.6340724650447992,0.8818191933541063,0.6043911718248544,0.7983800222258535,Педантичный,Педантичный_039,True,mixed,5,0.35108004167286466
0.38898712320747425,0.41306195548769237,0.41082203484192203,0.7953524171341926,1.0,0.2650506501728231,0.6595209047920013,0.9170436365982335,0.62990046139489,0.919101327260244,Педантичный,Педантичный_039,True,mixed,6,0.35108004167286466
0.39596062101641366,0.4188974732700135,0.4246487518637907,0.8914091350819522,0.9817569193063593,0.25607066420002983,0.6588425908958498,0.8849449701841416,0.6497725685975168,0.9119916348825552,Педантичный,Педантичный_039,True,mixed,7,0.35108004167286466
0.3870879401684476,0.44631058610293683,0.4146694784729582,0.8765527624491354,0.9641385198465195,0.23394787173653886,0.6865237012256749,0.8851326632479364,0.6233343966972995,0.924035824110617,Педантичный,Педантичный_039,False,mixed,0,0.35108004167286466
0.5234667390568489,0.46596841700783753,0.5139540813250925,0.517654151400189,0.5725659099628835,0.4319351767687806,0.544304955841976,0.5774261865735371,0.4905064245799509,0.4522999352602606,Тревожный,Тревожный_000,True,extreme,1,0.20498175375393177
0.45578641827518085,0.35036259116177026,0.4959586944731816,0.6720056424332437,0.5316378325132438,0.44386265102284217,0.5344163459574754,0.6365656299844435,0.4982876162845615,0.47247022310272624,Тревожный,Тревожный_000,True,extreme,2,0.20498175375393177
0.40758417182245904,0.3665012840953685,0.40230560019760087,0.6826480015488122,0.6167291476523137,0.4533928323083105,0.6464121544534731,0.6078172658870835,0.6227063217210828,0.6249799008929486,Тревожный,Тревожный_000,True,extreme,3,0.20498175375393177
0.31735288734912326,0.4053969619634389,0.3229919118271877,0.8277251000471685,0.7640992655800687,0.368435025065092,0.7240077304536445,0.649029632947155,0.76174891114093,0.6369428323961839,Тревожный,Тревожный_000,True,extreme,4,0.20498175375393177
0.41340231105939285,0.26742605277417014,0.32275300713944743,0.8779876226598863,1.0,0.3205681144430469,0.7563606641861519,0.8027521580457475,0.7428555816047087,0.7293597589341128,Тревожный,Тревожный_000,True,extreme,5,0.20498175375393177
0.35654629014610056,0.2323777835818262,0.33810270664858416,0.9679038109017961,1.0,0.32843738430006386,0.8805278785945357,0.8867611243965504,0.740846577461712,0.6058050340744878,Тревожный,Тревожный_000,True,extreme,6,0.20498175375393177
0.3477727272143759,0.22560787251099165,0.39735297120324237,1.0,1.0,0.3436578383682288,0.8652956274556934,0.8903104010409566,0.7390020828634941,0.6096478791207269,Тревожный,Тревожный_000,True,extreme,7,0.20498175375393177
0.36939431099012054,0.23334871492573245,0.3921379076418083,0.9899546495214305,0.977186126673232,0.33947605253345103,0.8833101294470503,0.897973019574646,0.7289473514130185,0.6020525085445099,Тревожный,Тревожный_000,False,extreme,0,0.20498175375393177
0.5053715972114566,0.5319163171260073,0.4766075407041185,0.5339480100310535,0.5543835581629525,0.46268366781267334,0.5184272888586807,0.5453946306939668,0.5216180239765622,0.4820434569199371,Тревожный,Тревожный_001,True,extreme,1,0.4039315302236228
0.4442115793412386,0.4267340213175103,0.4693570167499314,0.6637648696352747,0.5290756398765062,0.4577510149654855,0.5081200072011576,0.5623790265940023,0.5335496039507994,0.4703621151455526,Тревожный,Тревожный_001,True,extreme,2,0.4039315302236228
0.44858296932806285,0.47308480678725756,0.4229179034123505,0.6652246195623059,0.6734032814585075,0.36993776263614664,0.558956337054861,0.6642709797216676,0.6257818009960011,0.5297257771241904,Тревожный,Тревожный_001,True,extreme,3,0.4039315302236228
0.4060922789837141,0.4844861331138183,0.3012422288758943,0.7124152235182029,0.7718423696945382,0.24582429090065366,0.6916220438277104,0.8053102889402411,0.7385705648221195,0.5129638208240717,Тревожный,Тревожный_001,True,extreme,4,0.4039315302236228
0.5207872973872502,0.3235290492169656,0.2835295816596802,0.7587040694558022,0.9990083500071676,0.23746520592974124,0.670976188526703,0.9426053282085975,0.7645984717379517,0.6679901590368955,Тревожный,Тревожный_001,True,extreme,5,0.4039315302236228
0.5464631618504521,0.30329602563715624,0.3274249701798074,0.8261290879448576,0.9959273879175728,0.22401096258454073,0.7170950189479983,0.9655508940311973,0.7633069847651698,0.5754816034147026,Тревожный,Тревожный_001,True,extreme,6,0.4039315302236228
0.6333274529057922,0.29254296317049033,0.4225894220547842,0.9062423937881148,1.0,0.24860469125301937,0.7111323543562362,0.9176882561088054,0.7837476417669373,0.6326837205799025,Тревожный,Тревожный_001,True,extreme,7,0.4039315302236228
0.6252702836582515,0.27016705259823487,0.4017104874874846,0.9288364891148734,1.0,0.2408268520575682,0.6812154837863071,0.9197604918172138,0.7701985648712351,0.6226301002062473,Тревожный,Тревожный_001,False,extreme,0,0.4039315302236228
0.47692954657130937,0.48433372187704626,0.4692885598140279,0.5762261887068132,0.5867975513614494,0.4498855649089093,0.4659352538088292,0.5376527718817723,0.5171478858781461,0.5178752906630991,Тревожный,Тревожный_002,True,extreme,1,0.25216508511584007
0.40804497900036835,0.4004331830318555,0.5012931425537357,0.7422766939142763,0.5721406444543428,0.4355039472037623,0.500246281106067,0.5952932923698295,0.5191221769613038,0.5005643928209399,Тревожный,Тревожный_002,True,extreme,2,0.25216508511584007
0.29454667188052364,0.3736612293616046,0.5272807605077882,0.7331727301129194,0.7872214546666609,0.3282626410109328,0.5200774077105906,0.661211176761955,0.5553428650041906,0.5448477982857969,Тревожный,Тревожный_002,True,extreme,3,0.25216508511584007
0.19383722651772078,0.41488150816592195,0.5243290035310368,0.8149548647586037,0.8666155037585461,0.30959336597961623,0.6503834810024264,0.6504277765449826,0.6698113596930908,0.6091080478690909,Тревожный,Тревожный_002,True,extreme,4,0.25216508511584007
0.2881864720470616,0.3423411311317969,0.5324874030181553,0.9381138287090647,1.0,0.3214817934474157,0.7026598997592768,0.6982839333408755,0.7158470577547642,0.8342997724958907,Тревожный,Тревожный_002,True,extreme,5,0.25216508511584007
0.25054377400249234,0.32640331202355055,0.4519403748174383,1.0,0.9983163396966327,0.30558692593064773,0.9166561657888772,0.6794579204627911,0.7335147184026871,0.7794920534867559,Тревожный,Тревожный_002,True,extreme,6,0.25216508511584007
0.38449521862337227,0.335863122915553,0.5302578453649899,0.9822157807045279,1.0,0.2590730682543169,0.9291709823177746,0.7066026240361979,0.7652527907977608,0.7993336184183512,Тревожный,Тревожный_002,True,extreme,7,0.25216508511584007
0.3560998950523838,0.33315006906297134,0.5006469788575841,1.0,1.0,0.24639064337363709,0.9179643167825212,0.695738128612709,0.747405993971991,0.772234344091524,Тревожный,Тревожный_002,False,extreme,0,0.25216508511584007
0.5076619460202321,0.5079852289396248,0.5478634843767254,0.5202563981787831,0.5520592378261325,0.4499024479940017,0.5122804529508068,0.4799696023260137,0.508536453554226,0.5266987569914675,Тревожный,Тревожный_003,True,extreme,1,0.3465665750316954
0.44404191949560273,0.48525987558064065,0.5591532273148774,0.5756983319345069,0.567094205734863,0.4323752440697268,0.5195794471195316,0.5203724872708948,0.48459665088918497,0.6150770994961521,Тревожный,Тревожный_003,True,extreme,2,0.3465665750316954
0.4039206488992699,0.5192147261644992,0.49419392472603535,0.5917254756498553,0.6653581912501739,0.41558319367005164,0.6393731348639673,0.4917470167433181,0.5675116044523516,0.7284990463761563,Тревожный,Тревожный_003,True,extreme,3,0.3465665750316954
0.4578986792245997,0.510637365803757,0.39877712343066346,0.6230106975973406,0.8359514903251307,0.372304702040729,0.6817635825042839,0.6000758482663348,0.6029791770054789,0.6972410922392438,Тревожный,Тревожный_003,True,extreme,4,0.3465665750316954
0.501065317907236,0.38986741134517955,0.39270688425916833,0.7082761503556538,1.0,0.32265591832167684,0.6885764870830652,0.7874880697867389,0.60457831327549,0.7602948470079226,Тревожный,Тревожный_003,True,extreme,5,0.3465665750316954
0.431831927607743,0.4063763410740054,0.2973669757247191,0.7955753718480896,0.9830410952707432,0.32467812173170424,0.9318151060656262,0.7908721267204794,0.6214687014686805,0.6813014381387961,Тревожный,Тревожный_003,True,extreme,6,0.3465665750316954
0.41264289756811323,0.41421338800328594,0.38636018860316695,0.9578847441843384,1.0,0.3194005175209551,0.8772934934749969,0.8107730425017461,0.6213430616662542,0.6447736863145057,Тревожный,Тревожный_003,True,extreme,7,0.3465665750316954
0.3982760333523431,0.4322774136674641,0.378674507599232,0.9841802618504932,1.0,0.3040051958623212,0.881550275937655,0.8277183148517878,0.5916935930900957,0.6323040489983865,Тревожный,Тревожный_003,False,extreme,0,0.3465665750316954
0.5157936715327168,0.5108899832326997,0.4911657920047607,0.5036223791573743,0.5507340347018822,0.44012428508604684,0.5261392695861662,0.5331833032595085,0.5135940070774461,0.5638143629586686,Тревожный,Тревожный_004,True,extreme,1,0.34527282695201444
0.5229348034552552,0.40046812696105133,0.4517332701152622,0.629288950247063,0.5728199370634396,0.4419611040049983,0.5448095438144805,0.5270115527266467,0.5148578141453216,0.55436936079467,Тревожный,Тревожный_004,True,extreme,2,0.34527282695201444
0.47936899467806215,0.4058782328972901,0.3710766120280742,0.6255788558627439,0.7189842989020808,0.32464823139995935,0.6024825254269883,0.6615374156839151,0.5821368405047994,0.612653775422297,Тревожный,Тревожный_004,True,extreme,3,0.34527282695201444
0.3941338341601524,0.4120588539133441,0.34219721240262246,0.8154559006713233,0.7147955409883207,0.2641131729459751,0.6198053879493547,0.6692039778009415,0.6170801093127972,0.6957600929308052,Тревожный,Тревожный_004,True,extreme,4,0.34527282695201444
0.44103399501394797,0.33501391973769507,0.37744993283135375,0.9047171686662756,1.0,0.266851716867829,0.6332268373405573,0.7961353482987441,0.6208454092600764,0.8442277598639647,Тревожный,Тревожный_004,True,extreme,5,0.34527282695201444
0.4234692103488713,0.330931178377003,0.37388741405085235,0.9644977265465726,1.0,0.31639865218036495,0.7507471608229859,0.8830444677471219,0.6435449976337088,0.7109870914434879,Тревожный,Тревожный_004,True,extreme,6,0.34527282695201444
0.5124420115165206,0.3114007882908819,0.3583756324774069,0.9762120359903974,0.9942555570445974,0.299587392841451,0.8391810966880818,0.8564710247805964,0.6321106036457558,0.7567412588812354,Тревожный,Тревожный_004,True,extreme,7,0.34527282695201444
0.5140889547483913,0.29997800709974803,0.3686319812076992,0.9658263090587652,0.9665227137533406,0.28525183017530603,0.8567141620466678,0.8483298640119868,0.6493116700440851,0.7591555226755922,Тревожный,Тревожный_004,False,extreme,0,0.34527282695201444
0.4784809305583864,0.535747342989946,0.44995586570433693,0.49747051655255914,0.5828849879509567,0.4712849116492034,0.4807259370772074,0.5315294856323343,0.48353380741015045,0.4993924061932351,Тревожный,Тревожный_005,True,extreme,1,0.3545141780961904
0.3723181395353383,0.461457399734679,0.4386112909718907,0.5769504244766561,0.5822003956339632,0.48079015612062187,0.4904614712985305,0.5528410804776362,0.44797434223501337,0.5939054548018773,Тревожный,Тревожный_005,True,extreme,2,0.3545141780961904
0.29790838119762747,0.43048339741277547,0.3649069655741835,0.5531318726254353,0.8220189507531039,0.37269394175303827,0.48692922495936136,0.7123031549924049,0.5957023027566074,0.5922504336057823,Тревожный,Тревожный_005,True,extreme,3,0.3545141780961904
0.2402729710542137,0.47213086219049066,0.3715969836224856,0.7830720499211098,0.942502603544974,0.2632840443247925,0.48498521296223795,0.762706624600269,0.6213317783826988,0.5918637253403046,Тревожный,Тревожный_005,True,extreme,4,0.3545141780961904
0.3104136577937121,0.3504839140439948,0.3555959202422183,0.8209292538252501,1.0,0.21877039859030328,0.5287117197120879,0.9038935158313399,0.6177316510884578,0.6299313502329299,Тревожный,Тревожный_005,True,extreme,5,0.3545141780961904
0.24645023330443322,0.334870126753538,0.31896899630512904,0.9078801220225106,1.0,0.22456509307503877,0.7881710777524353,0.8916684620187314,0.5892864144399323,0.5473357311494039,Тревожный,Тревожный_005,True,extreme,6,0.3545141780961904
0.27878004839534576,0.34833238592246063,0.34218244933270797,0.9850923216992418,0.9929108337608701,0.24116002605279563,0.7825669092180296,0.9152329167011143,0.6049977286390679,0.5695264208583211,Тревожный,Тревожный_005,True,extreme,7,0.3545141780961904
0.29564491546513516,0.36205755774196446,0.368366468606381,0.9942957102587977,1.0,0.23507018540407484,0.8110103557308533,0.9193600693848214,0.6022719605441155,0.5717090064356354,Тревожный,Тревожный_005,False,extreme,0,0.3545141780961904
0.5402979681343438,0.4970071886693287,0.505557679110138,0.5217879480058749,0.5785191998654546,0.46916738254544155,0.4767788294119012,0.5550743211729524,0.5239593342570255,0.4848176718542817,Тревожный,Тревожный_006,True,extreme,1,0.35392496995048384
0.4583400002648386,0.40556863073986565,0.5122129384095244,0.6515966850525536,0.6151185360302602,0.48301372021776695,0.4505767217604863,0.5925298899229192,0.5528595034757106,0.49917461500046456,Тревожный,Тревожный_006,True,extreme,2,0.35392496995048384
0.38759775964247417,0.3749927134629355,0.5190885445068093,0.6290832411868972,0.8524981677040714,0.38286019651905884,0.518858345325069,0.6833337563036715,0.5938966386486496,0.520674412093837,Тревожный,Тревожный_006,True,extreme,3,0.35392496995048384
0.3310436265500754,0.3668899693098431,0.47211868812128877,0.7242236148416221,1.0,0.3392160615300415,0.5883170555884188,0.7382667232761962,0.7514034076264925,0.5068956438057611,Тревожный,Тревожный_006,True,extreme,4,0.35392496995048384
0.40990292652375326,0.3301627671592841,0.46327163548550676,0.7221336407727246,1.0,0.38366249062342805,0.6120370870803399,0.8722927999114128,0.7537485288984792,0.7733434023422721,Тревожный,Тревожный_006,True,extreme,5,0.35392496995048384
0.41716813811269504,0.32773303954414623,0.42128086342364746,0.8197670522748941,0.9987130604877589,0.37480281043340036,0.693016056287404,0.9181487250654482,0.7466951837131627,0.699570815410914,Тревожный,Тревожный_006,True,extreme,6,0.35392496995048384
0.36735377384148543,0.3011923489633281,0.4563457562510683,0.9040067453134977,1.0,0.4165994473616141,0.7423361533982223,0.8731486528525552,0.7159868073822442,0.7649218256165722,Тревожный,Тревожный_006,True,extreme,7,0.35392496995048384
0.3513748283009345,0.29153408372415374,0.478092395666682,0.8935498040204736,0.9931669143193569,0.4386338920830893,0.719167555553616,0.8789028519707558,0.7053399168331691,0.7707212783392,Тревожный,Тревожный_006,False,extreme,0,0.35392496995048384
0.5073773596954831,0.49090353365777867,0.4930398568065714,0.5163705327543664,0.5581345117609765,0.4412464766132795,0.528363854488938,0.5486799515092293,0.5107471688465547,0.4665109555033107,Тревожный,Тревожный_007,True,extreme,1,0.5140316716374405
0.45471365632620786,0.3999450192548952,0.5338281944811244,0.5402351017212926,0.527109489694489,0.41240967030755876,0.5139418037252091,0.5515401323726514,0.5157678211083504,0.5421936611443602,Тревожный,Тревожный_007,True,extreme,2,0.5140316716374405
0.3949683198962571,0.36033940651171015,0.5282804466620488,0.5792201913516708,0.7308296954113671,0.30766229426646774,0.5295713801914091,0.6706693603898565,0.5917905161050149,0.6071554524893459,Тревожный,Тревожный_007,True,extreme,3,0.5140316716374405
0.4243478673541552,0.42434400849821413,0.4209252555409668,0.6691381081222577,0.7906944206845874,0.21716253494678714,0.6554565064969768,0.7059862746126553,0.6091842895579603,0.6867763565204906,Тревожный,Тревожный_007,True,extreme,4,0.5140316716374405
0.49124170762722774,0.32648004346634,0.4241813070168093,0.6624140654720434,1.0,0.1676966900014737,0.6511329082898576,0.9285768412088657,0.5560334845642727,0.8659839352775471,Тревожный,Тревожный_007,True,extreme,5,0.5140316716374405
0.42064486759620967,0.30399477168046624,0.42761228435108234,0.6616111652025651,1.0,0.24795083216570815,0.8523462379711634,1.0,0.5827041805412216,0.8395351993484758,Тревожный,Тревожный_007,True,extreme,6,0.5140316716374405
0.42238140462794055,0.296867463313134,0.5057275820688588,0.7874676977222109,1.0,0.21473318387282125,0.7796128398583904,0.9786511823650769,0.5352574368494154,0.8017294550681434,Тревожный,Тревожный_007,True,extreme,7,0.5140316716374405
0.4471152982068487,0.2968385058062314,0.4941957220982627,0.802602202889526,0.9947961028088019,0.2065496514726377,0.7897102767462554,1.0,0.5451709993094538,0.8141784896184402,Тревожный,Тревожный_007,False,extreme,0,0.5140316716374405
0.5092902320671453,0.4719571437088706,0.4594332608106318,0.5617796219050089,0.5554546033715715,0.4269894435604664,0.46961928736623415,0.5514656292643763,0.4796385094923279,0.5095621385515012,Тревожный,Тревожный_008,True,extreme,1,0.2793809723071743
0.5113224350609027,0.3276392942666247,0.4608818670763917,0.702422012697291,0.573640792099856,0.4219230134452996,0.47303506032060627,0.5830156224196996,0.5084350127445707,0.487613212307644,Тревожный,Тревожный_008,True,extreme,2,0.2793809723071743
0.45998252994344063,0.3492348610860467,0.4052900366382337,0.7284947750650926,0.813830708799625,0.3505650003460764,0.4610797404016193,0.7376539309597191,0.6134925385308805,0.4682257896346998,Тревожный,Тревожный_008,True,extreme,3,0.2793809723071743
0.48792643922235573,0.37549762590716257,0.42568056221035855,0.8838030992657702,0.9517720204925173,0.27866188862993174,0.5598382283239428,0.7278788838843065,0.6408570377264505,0.47561464006265586,Тревожный,Тревожный_008,True,extreme,4,0.2793809723071743
0.53258227488823,0.2954099058107342,0.46581310512308793,0.9360389172753388,1.0,0.21770756088069093,0.6637487981934097,0.8131353445903619,0.5959784218574894,0.6690886961489286,Тревожный,Тревожный_008,True,extreme,5,0.2793809723071743
0.4611129670819884,0.3067225399285734,0.3598495481360755,1.0,0.981665829627476,0.20873039773725213,0.9263731553714617,0.8379041342190928,0.6146929947727199,0.6265131081281812,Тревожный,Тревожный_008,True,extreme,6,0.2793809723071743
0.476903446786836,0.3307876662360013,0.4740541850917913,1.0,1.0,0.24546224252031848,0.8977467086411687,0.8151247901338577,0.5977667656609701,0.595450886296152,Тревожный,Тревожный_008,True,extreme,7,0.2793809723071743
0.4779830479239705,0.3040410111944065,0.44499789535966194,0.9831522857016555,0.9838004694739653,0.2206048628091651,0.8702344792626581,0.8428413783008241,0.6256955021295424,0.586225871245397,Тревожный,Тревожный_008,False,extreme,0,0.2793809723071743
0.4971042789613539,0.5155168137227374,0.45727009873252483,0.5528704875136876,0.6196399391689194,0.4159083282339001,0.4614164068503739,0.502471934780672,0.5022711381977473,0.5031550334918672,Тревожный,Тревожный_009,True,extreme,1,0.3276404220136757
0.3836425391028018,0.4122232161380534,0.44359872509243975,0.7142459614529213,0.5938432769293399,0.40845175729288696,0.5099480681036175,0.5632555533284552,0.49251462716548083,0.5026773069509419,Тревожный,Тревожный_009,True,extreme,2,0.3276404220136757
0.27424812629256456,0.4312947764546745,0.3891049391481363,0.7166536897827643,0.7966278912315882,0.29146298967260625,0.46773041526955655,0.7020419953574302,0.6080969202378366,0.527202545859989,Тревожный,Тревожный_009,True,extreme,3,0.3276404220136757
0.26088729953496376,0.44780039400342075,0.3300963004415543,0.7100622142812885,0.8094727749432342,0.29236479714906116,0.6069319143283719,0.6007993812770218,0.7064897042395001,0.6592741560497383,Тревожный,Тревожный_009,True,extreme,4,0.3276404220136757
0.37627981249384646,0.26852721562858956,0.408931523640044,0.7944583932639667,1.0,0.2200005771035988,0.5083314565281077,0.7530981241365119,0.7259819245656184,0.6820659453092409,Тревожный,Тревожный_009,True,extreme,5,0.3276404220136757
0.3045205052612053,0.2852559449732859,0.34782515307147344,0.8385587120165576,1.0,0.18512964404219714,0.7380308892157322,0.7488233348498792,0.7029922749434876,0.6376378357912318,Тревожный,Тревожный_009,True,extreme,6,0.3276404220136757
0.3013763994079776,0.2809247195007396,0.4525371279876706,0.9228720484980805,1.0,0.164887205039965,0.6849085564012072,0.7426203867372674,0.678107460442927,0.6021954171026868,Тревожный,Тревожный_009,True,extreme,7,0.3276404220136757
0.30973979804502855,0.25482699714140267,0.4762637451651667,0.9485214869742785,1.0,0.1630170902219159,0.6584198805739165,0.7566985881445898,0.6530797826488082,0.6264925947998293,Тревожный,Тревожный_009,False,extreme,0,0.3276404220136757
0.4579709389856357,0.4780084490159608,0.5268627621089101,0.5509387092624162,0.4950322270891219,0.5159208245780332,0.5256919347020033,0.4553740436122121,0.4871202615833876,0.538844283914119,Тревожный,Тревожный_010,True,extreme,1,0.3197654172215392
0.459083956513229,0.36749947919720755,0.5086025175056749,0.6854218344237597,0.4990092638787228,0.4844457610216415,0.5165517305882159,0.47215926650343154,0.488019318340061,0.5387319540491771,Тревожный,Тревожный_010,True,extreme,2,0.3197654172215392
0.4042929461635995,0.36014587253145114,0.4252844332930855,0.6559571914348897,0.7507645621741282,0.3790226223220548,0.5433749521648463,0.6728039704844713,0.6255809596968387,0.5332686489853512,Тревожный,Тревожный_010,True,extreme,3,0.3197654172215392
0.33483495361564086,0.33473714976937785,0.43107888368573016,0.8470423914014226,0.8597005074512258,0.27983511182225546,0.5722577987713342,0.704005742826189,0.7009180142701913,0.5137291313113443,Тревожный,Тревожный_010,True,extreme,4,0.3197654172215392
0.2957326383884495,0.42294142598948625,0.4372388379764025,0.8974578113531241,0.9313693404535831,0.23853399747720086,0.5811178886397449,0.7150618902598492,0.6633803586382756,0.7437408388043203,Тревожный,Тревожный_010,True,extreme,5,0.3197654172215392
0.232875514156522,0.39660750297799136,0.41601989256148364,0.9792598046271486,1.0,0.20369616985775696,0.6881745291128614,0.7695128171525389,0.6624131988888984,0.6381336116250437,Тревожный,Тревожный_010,True,extreme,6,0.3197654172215392
0.28210561960121183,0.3657367741602124,0.34410219352546306,0.9780862497891253,1.0,0.1887576749877162,0.7742400325102418,0.747860872141023,0.6720348722187875,0.5971043879666422,Тревожный,Тревожный_010,True,extreme,7,0.3197654172215392
0.29571494996882663,0.33603851488309716,0.32879810555172445,0.9924760707552629,0.9973809235255084,0.19719149649123607,0.7525042873775697,0.747427018728826,0.6542765225381899,0.6263798576416835,Тревожный,Тревожный_010,False,extreme,0,0.3197654172215392
0.489691638956734,0.4967392898315368,0.48159688245771054,0.5186235368879833,0.574095414786444,0.42631254334959107,0.4645184657642812,0.5489682906762957,0.523263759426415,0.5128183373907507,Тревожный,Тревожный_011,True,extreme,1,0.3843832023157914
0.49993139913914847,0.37443791240743085,0.46027521319851006,0.669857343667237,0.5813652110687383,0.3868628221539199,0.45853477456219904,0.5703985559094462,0.5222413976514297,0.5231774809033962,Тревожный,Тревожный_011,True,extreme,2,0.3843832023157914
0.3972277675996158,0.37237091215106777,0.37972741469255744,0.691769203246166,0.8086396043166909,0.2676511203640657,0.4250774018611957,0.7293705701504676,0.6145037278375667,0.5472825516664093,Тревожный,Тревожный_011,True,extreme,3,0.3843832023157914
0.31703317353292687,0.38652026088510383,0.24220781931631946,0.7861486079966139,0.8932730895068511,0.15835654207120056,0.5446881142648469,0.8670259478049512,0.749797057865037,0.5695855214093261,Тревожный,Тревожный_011,True,extreme,4,0.3843832023157914
0.39171013230103435,0.4412964173875329,0.33193072548690256,0.8920467502367319,0.9678318487275817,0.19039958013745148,0.46839591162231026,0.8563504239466848,0.7549223602798564,0.7264459058233153,Тревожный,Тревожный_011,True,extreme,5,0.3843832023157914
0.32271954438677175,0.4536585144674867,0.24969932993274294,0.864691375130665,0.903091526675427,0.2599114383682003,0.7769954697539345,0.8546318313203337,0.7886304860040918,0.7418323893668163,Тревожный,Тревожный_011,True,extreme,6,0.3843832023157914
0.33377940934511996,0.46513689407605263,0.34781449182407764,0.9944421680650609,0.9779152293629025,0.22751549265154622,0.7289113001984316,0.85820121003221,0.7995651959379108,0.6980139707851489,Тревожный,Тревожный_011,True,extreme,7,0.3843832023157914
0.3571163737042549,0.4682465288210229,0.3712863030513128,1.0,0.9632969367815234,0.21965180902009476,0.7073596849361202,0.856982470283351,0.8286402576090398,0.725562214050289,Тревожный,Тревожный_011,False,extreme,0,0.3843832023157914
0.49375450798039977,0.5096137895121163,0.4685570156003467,0.544237928515706,0.5753115774140369,0.4359004187668683,0.5011783223869658,0.5261649103988825,0.4643057464808792,0.520797423567965,Тревожный,Тревожный_012,True,extreme,1,0.42128800368829933
0.46075065459993314,0.431832460989753,0.4772158465945893,0.7086065955489034,0.5948546681244561,0.45341996882072994,0.5477451228997942,0.6065891676073849,0.4641370956885758,0.553201609870411,Тревожный,Тревожный_012,True,extreme,2,0.42128800368829933
0.4885567002125509,0.394494810415448,0.4005442836185698,0.726978269551889,0.7236663501840159,0.4002475165538535,0.6008343745968314,0.7385823814061667,0.49346929834186004,0.6243846869446056,Тревожный,Тревожный_012,True,extreme,3,0.42128800368829933
0.42147870990971414,0.3928805781203106,0.28441312841379524,0.7604578673547611,0.7507756469593295,0.40424903391928746,0.7427133163874476,0.7835011793824523,0.6277514586677702,0.7210216532647753,Тревожный,Тревожный_012,True,extreme,4,0.42128800368829933
0.48633100004921226,0.287842548365572,0.3903639977861335,0.8186959592145364,1.0,0.3486353298068759,0.6360250623554119,0.8227018942000358,0.6368515305045008,0.8561020700256851,Тревожный,Тревожный_012,True,extreme,5,0.42128800368829933
0.5082310053107615,0.3294613108120694,0.3069719019920335,0.8856912822002395,1.0,0.319749342651676,0.7320186388106625,0.8723115856000727,0.6567393340266828,0.8070293352635943,Тревожный,Тревожный_012,True,extreme,6,0.42128800368829933
0.43418996327988474,0.3465260815506023,0.2831263623761392,0.9704251613972156,1.0,0.3206264008237279,0.8055358820860221,0.8366894924111571,0.6857908646206027,0.8616052129905718,Тревожный,Тревожный_012,True,extreme,7,0.42128800368829933
0.4213412846413449,0.3178230796963552,0.27882567713031714,0.9772702348038322,1.0,0.3376178764554571,0.7884445718237414,0.8297609603899537,0.6576158591909818,0.8577853011707833,Тревожный,Тревожный_012,False,extreme,0,0.42128800368829933
0.5060047834857052,0.4933980845262613,0.5320070463631562,0.48406184786282147,0.554971730184753,0.44068888945700013,0.4575593706165522,0.5194190118012505,0.491310053514367,0.49643036140531627,Тревожный,Тревожный_013,True,extreme,1,0.4910447258546135
0.41770796607636784,0.415942003495884,0.552893329945495,0.6481508578447951,0.5250637264288771,0.4500860832858018,0.4920597063706334,0.5799339560627056,0.5016465582410241,0.4952596843064314,Тревожный,Тревожный_013,True,extreme,2,0.4910447258546135
0.3592361955922301,0.3888604974320561,0.49516894341098244,0.6422249166840588,0.7893186662553846,0.34301429722686183,0.4699200629709765,0.7665202254589292,0.5884618306635322,0.4884072478062995,Тревожный,Тревожный_013,True,extreme,3,0.4910447258546135
0.3603087580866581,0.42968958188927614,0.3633406828130155,0.654539309210718,0.8830668147917642,0.25802420934742987,0.6502271203954241,0.8170797967262875,0.6534073368987964,0.5710520008752678,Тревожный,Тревожный_013,True,extreme,4,0.4910447258546135
0.42795457872713355,0.3587087034623291,0.4527979254297671,0.6155565923546961,1.0,0.17335770241641857,0.6129751662583915,0.9570659911219215,0.6261568069551257,0.800986946070953,Тревожный,Тревожный_013,True,extreme,5,0.4910447258546135
0.36568198419235465,0.3284714035259956,0.4342781115456891,0.6506736714451528,1.0,0.24838811099150884,0.8069282602413684,1.0,0.6469051764780082,0.7823742436902711,Тревожный,Тревожный_013,True,extreme,6,0.4910447258546135
0.31055438177951994,0.3332093600101692,0.34995157471153404,0.7500443120073886,1.0,0.2264676702961167,0.8835283998362358,0.9669341985183847,0.6255510945885682,0.760440119686704,Тревожный,Тревожный_013,True,extreme,7,0.4910447258546135
0.29292111019090306,0.33089181015502295,0.3369883865630052,0.7567853688925579,1.0,0.2036600962066081,0.8978828620804722,0.9961478778088091,0.6343078179528103,0.7672541188402231,Тревожный,Тревожный_013,False,extreme,0,0.4910447258546135
0.4679282523220501,0.4593200101107401,0.5194660113700389,0.5380096823548693,0.5303823538539232,0.48336900905437197,0.5389357789913805,0.4766700654707137,0.46403171629397344,0.579202239844558,Тревожный,Тревожный_014,True,extreme,1,0.27708014165376016
0.42714380247261524,0.3617124366763117,0.5314451303378056,0.701341615239664,0.5615951828115641,0.46369351484399174,0.5208091729482632,0.5448849246982035,0.4850425159599325,0.6086559991381337,Тревожный,Тревожный_014,True,extreme,2,0.27708014165376016
0.37852843994554675,0.33521362825786843,0.5325930713113841,0.6823361565858403,0.7333676681406822,0.3589339225286138,0.5765662486489178,0.65838174659296,0.5367524841517942,0.6565782414311914,Тревожный,Тревожный_014,True,extreme,3,0.27708014165376016
0.30715540739995806,0.31397628029271196,0.5210928474930592,0.7978408249113482,0.8836829406674592,0.28485000568116225,0.621281640339712,0.7592490144384159,0.645603977125823,0.5800719691191243,Тревожный,Тревожный_014,True,extreme,4,0.27708014165376016
0.2757210577501584,0.2830710602013964,0.5417727476118874,0.8506192690750403,0.9628948449002257,0.302370680798968,0.6732080481305234,0.8020895005674393,0.6689648916634738,0.7276609494305103,Тревожный,Тревожный_014,True,extreme,5,0.27708014165376016
0.2623186531604395,0.31101336936316565,0.4557593750312814,0.9206261371064013,0.9998381211729402,0.248839361037118,0.7542262657615396,0.862534264939264,0.6461521788387818,0.6320012027053222,Тревожный,Тревожный_014,True,extreme,6,0.27708014165376016
0.3274203909150546,0.30917801447466786,0.474051618594463,0.9221853812255023,1.0,0.2476162182780565,0.936653491065124,0.8380991919973726,0.6415962527367841,0.64285087947055,Тревожный,Тревожный_014,True,extreme,7,0.27708014165376016
0.3323051756106061,0.2932380443819078,0.48846063920537297,0.9356115538814849,1.0,0.24469672520370012,0.9521564402905167,0.850151011537278,0.6125631298500751,0.6429523553709664,Тревожный,Тревожный_014,False,extreme,0,0.27708014165376016
0.517172862626014,0.48043089209161915,0.4854359507753816,0.5072398674644911,0.5649420283073756,0.4725075099219481,0.5016214985163503,0.5014463616234276,0.49508563453192694,0.5124748471960352,Тревожный,Тревожный_015,True,extreme,1,0.43272373869529723
0.43199729939183185,0.378767736821062,0.47644351211859415,0.6341702913398657,0.5336844642420745,0.47681282721365037,0.48620305207438463,0.5714962563154824,0.5103136066211411,0.508439246070878,Тревожный,Тревожный_015,True,extreme,2,0.43272373869529723
0.37410225886581927,0.4045052986225077,0.38045729669226797,0.6285203458046118,0.7356510105658074,0.410486908573632,0.48630928852780675,0.7184966652396418,0.5804986800978212,0.5079241240145271,Тревожный,Тревожный_015,True,extreme,3,0.43272373869529723
0.3821132809663805,0.4404397867914382,0.3601735446857077,0.7631756551870574,0.8363429213289948,0.3510073147224017,0.5816049821996718,0.7039169425589589,0.6296350246392334,0.530264618124711,Тревожный,Тревожный_015,True,extreme,4,0.43272373869529723
0.40568555389988903,0.4146903921056565,0.4021041537300646,0.6880034979155888,1.0,0.24949116280821243,0.6109909051551068,0.8591738849222139,0.6096749835499363,0.8155262369361463,Тревожный,Тревожный_015,True,extreme,5,0.43272373869529723
0.3377744246001471,0.44584159506578064,0.3375157960845923,0.7313619242543451,1.0,0.2644861278247917,0.8512632320403619,0.8351980389505246,0.6136844128344224,0.7986169344646219,Тревожный,Тревожный_015,True,extreme,6,0.43272373869529723
0.328765026808701,0.47093029940035314,0.40891433316899184,0.8581592519814398,1.0,0.25496037146994854,0.8082946275260531,0.8191935402313477,0.6316077120871206,0.7916921183746444,Тревожный,Тревожный_015,True,extreme,7,0.43272373869529723
0.3396332167477183,0.5009063052572051,0.4059772154529905,0.8835609806305847,1.0,0.2826572339573352,0.8313653526508472,0.8348852951323196,0.6369910366374929,0.7885618673296517,Тревожный,Тревожный_015,False,extreme,0,0.43272373869529723
0.5316349470322331,0.5026533266145399,0.5043354902784383,0.5074800996728267,0.6100569308353707,0.4516786533151992,0.5420985348338152,0.558206487000556,0.5003107971190048,0.4903350948193992,Тревожный,Тревожный_016,True,extreme,1,0.3258031715307652
0.4151990984119825,0.4616626456054238,0.4835597386849553,0.6059368320844235,0.635663134762184,0.4574343821502077,0.555546971494641,0.6639384976514244,0.49643949113688196,0.489740182293032,Тревожный,Тревожный_016,True,extreme,2,0.3258031715307652
0.34186289803172315,0.502326537665666,0.43710094074058975,0.6299910823325776,0.8792605827996061,0.3227376378030491,0.5564189786341457,0.8343937549400054,0.6026754328103979,0.491871050426805,Тревожный,Тревожный_016,True,extreme,3,0.3258031715307652
0.27379518365976435,0.5072299032604392,0.3846754154091493,0.7286700654555848,0.9407025434419897,0.3493954319967939,0.6684123322490776,0.8324505979385085,0.7604677045758228,0.5661764588357494,Тревожный,Тревожный_016,True,extreme,4,0.3258031715307652
0.36230069637544265,0.4382964419049073,0.4367322559205412,0.7926710612011283,1.0,0.1978626477005218,0.5590933856111826,0.9236123268389371,0.7802645074532358,0.6666570202196824,Тревожный,Тревожный_016,True,extreme,5,0.3258031715307652
0.25610895602098416,0.43616947916347215,0.408659541456284,0.850566401946078,0.9863542812256954,0.22511141470473178,0.785736198737933,0.8891244975314908,0.7849364802485255,0.6267954547626565,Тревожный,Тревожный_016,True,extreme,6,0.3258031715307652
0.31157910432588165,0.4363755564661519,0.4896150966024631,0.8640039674394078,1.0,0.21997563927570438,0.782465471084963,0.8559127373529768,0.7880377755037853,0.653764191744421,Тревожный,Тревожный_016,True,extreme,7,0.3258031715307652
0.2964397051728259,0.4446690724534268,0.49289621769679237,0.8383289521534966,0.997354492150543,0.23951587364107937,0.7998906372474381,0.8348411590851013,0.7929304593105378,0.6585008567223688,Тревожный,Тревожный_016,False,extreme,0,0.3258031715307652
0.5160509762315548,0.498218213518998,0.47343730529060357,0.5562788563129133,0.5574726071101412,0.4312998446731776,0.4778424762807325,0.5313661278985692,0.4961543722904707,0.48640995484489113,Тревожный,Тревожный_017,True,extreme,1,0.2509713112844248
0.4811180662848727,0.413085321137303,0.48661266586800916,0.7393699161265446,0.5871971722404079,0.45534459431051455,0.4834868121502444,0.5809048529939553,0.5254559349870568,0.4639602642232971,Тревожный,Тревожный_017,True,extreme,2,0.2509713112844248
0.44108697581855805,0.4181685598324875,0.4135511437186409,0.7619109847058225,0.8040921475351747,0.3711273858841183,0.5070896853870072,0.7572596291068322,0.6277441230111207,0.46325147170014763,Тревожный,Тревожный_017,True,extreme,3,0.2509713112844248
0.35473225767975536,0.4198816673863931,0.3654609074966888,0.8153677701224964,0.9147895984497139,0.3919533913775841,0.6122439372663627,0.7895047008399733,0.7201821605937248,0.5296091028408288,Тревожный,Тревожный_017,True,extreme,4,0.2509713112844248
0.41694578748013794,0.3523989852394187,0.3668238785029819,0.8347706083213773,1.0,0.34714338427008307,0.6112121795409767,0.9031216794653896,0.7386084560211026,0.7147156782032392,Тревожный,Тревожный_017,True,extreme,5,0.2509713112844248
0.3514521396407037,0.34699511303888597,0.3165093265286188,0.9303159623398426,0.9846259328753504,0.3683614368386346,0.8390304371535624,0.9031172741751295,0.7236097004705034,0.647935154967657,Тревожный,Тревожный_017,True,extreme,6,0.2509713112844248
0.33367167112403034,0.33852316395729204,0.42969049743545823,0.9970524801311446,1.0,0.3697178259364612,0.8241343720436932,0.9090955381395435,0.7282577249409703,0.5809812703404007,Тревожный,Тревожный_017,True,extreme,7,0.2509713112844248
0.3370299623124364,0.355967971204568,0.44507604388964467,0.97965828812643,1.0,0.38565614244495283,0.8092506965920933,0.8888656107128894,0.715354632139029,0.5559976352698297,Тревожный,Тревожный_017,False,extreme,0,0.2509713112844248
0.502932416786454,0.5085871337607764,0.4837214431436894,0.5019518604934745,0.568448290606601,0.455941405423897,0.5003993965812251,0.5174876143904532,0.5388546625696978,0.520075577808388,Тревожный,Тревожный_018,True,extreme,1,0.38384691331269477
0.4379303321005419,0.43832105413905825,0.5085353303972152,0.6255674694581563,0.5505950952052749,0.44506813049143057,0.533729205411068,0.5995657034010027,0.549648404569809,0.5612149909241889,Тревожный,Тревожный_018,True,extreme,2,0.38384691331269477
0.3886580521205506,0.42635801570214965,0.4312146635116761,0.6255590419830321,0.785430245819813,0.3432226600314191,0.5661786967243045,0.7627815306779532,0.6233983465521026,0.564074547486022,Тревожный,Тревожный_018,True,extreme,3,0.38384691331269477
0.34281536446130373,0.44625495229076195,0.4442281349573724,0.7696425785860395,0.7744436581654501,0.34682212852253164,0.5944205692299098,0.7897279443771386,0.6920459784278306,0.6176273376572533,Тревожный,Тревожный_018,True,extreme,4,0.38384691331269477
0.34571498376249066,0.3818119845362682,0.42803514872069176,0.7518740858521514,1.0,0.2023333655063178,0.5903866612746974,0.9396176174912876,0.6504729896312371,0.8548504440068478,Тревожный,Тревожный_018,True,extreme,5,0.38384691331269477
0.279725092096279,0.39003937442162495,0.35082952931992606,0.7934818994832488,0.9892281710778961,0.2241809032888259,0.8435926180475826,0.9567908475315904,0.642474306555033,0.8190907003831067,Тревожный,Тревожный_018,True,extreme,6,0.38384691331269477
0.3155253574942849,0.3800256750613165,0.45225072175277,0.9315381814757426,1.0,0.2405289013371678,0.818448516942405,0.9287863725059112,0.6567527893483218,0.7685703619866721,Тревожный,Тревожный_018,True,extreme,7,0.38384691331269477
0.31812656795450234,0.39600398561829114,0.4750391501525171,0.9317913576240316,1.0,0.24792185570595696,0.8196362518629452,0.947766925315263,0.6550377334575405,0.769498378495266,Тревожный,Тревожный_018,False,extreme,0,0.38384691331269477
0.49328629257882645,0.5174749128837705,0.48431499248850357,0.501249986085088,0.5621350347421107,0.4392453995421284,0.4807634442911628,0.5260663502645017,0.4606463060821461,0.5528424337366482,Тревожный,Тревожный_019,True,extreme,1,0.39165476985995756
0.5103192412385328,0.4901375226566713,0.468541336277936,0.6446545832218423,0.5644691792035016,0.42683135146501344,0.5119682182973858,0.5336871449857715,0.48204695506026174,0.5979273421675722,Тревожный,Тревожный_019,True,extreme,2,0.39165476985995756
0.4571143166664803,0.47403061423198223,0.3718104010236094,0.633009667565999,0.792674969925169,0.337791547855968,0.5349663463844925,0.6754576102802208,0.5952969933077756,0.6226543567824756,Тревожный,Тревожный_019,True,extreme,3,0.39165476985995756
0.3863527361863698,0.4868092119346104,0.3098041005047571,0.8086253762802202,0.9308527483009699,0.2892638674188353,0.5866706031514001,0.724525623339391,0.7100080703427799,0.5872260909135062,Тревожный,Тревожный_019,True,extreme,4,0.39165476985995756
0.45896501479463786,0.5084780081900765,0.2931178599474014,0.8430464759658586,0.9600845383995142,0.3478535810469938,0.6323482861026472,0.8086532673250058,0.7133526944971208,0.7600519460950484,Тревожный,Тревожный_019,True,extreme,5,0.39165476985995756
0.35898260824563966,0.4833325661034538,0.30041212669009526,0.8993348204929468,1.0,0.39522953371286906,0.7837798286412577,0.927802040201176,0.7242621656871621,0.6509237163326266,Тревожный,Тревожный_019,True,extreme,6,0.39165476985995756
0.34897562481202127,0.4838522931387631,0.4039322911118971,1.0,1.0,0.4185932102415698,0.7351631991901281,0.8846521887036205,0.7257807257301022,0.6051127295193477,Тревожный,Тревожный_019,True,extreme,7,0.39165476985995756
0.344106200021854,0.4884531383982024,0.3893328272003772,0.9958379810492458,0.984089864606235,0.39834914471511734,0.7191773730309385,0.8887042843883592,0.6975082060585658,0.6325054003241843,Тревожный,Тревожный_019,False,extreme,0,0.39165476985995756
0.5168997161327228,0.47839280664276557,0.48533333736323536,0.5146292350711877,0.5527099510115595,0.4849319192278208,0.550897211231129,0.4843072300640858,0.51757757040428,0.5765481698618958,Тревожный,Тревожный_020,True,extreme,1,0.37402830954521377
0.4225135127243177,0.43548840278662343,0.498612644855664,0.5788869370756019,0.5523470401983445,0.497746989169243,0.5237138780827503,0.6138669462620111,0.5075309396957544,0.6070684352594674,Тревожный,Тревожный_020,True,extreme,2,0.37402830954521377
0.39504579659545863,0.420585549983429,0.42129102225905884,0.5409370151603957,0.7173653516241794,0.38128994144992584,0.5502582361774461,0.7056114019638859,0.5607542501892182,0.6708328249957809,Тревожный,Тревожный_020,True,extreme,3,0.37402830954521377
0.3088616609559237,0.39686298202742454,0.36764398197061604,0.6361335105500462,0.8356553440083774,0.35109482644956813,0.6018787334261471,0.7942446061082133,0.6740511123936326,0.648235545065287,Тревожный,Тревожный_020,True,extreme,4,0.37402830954521377
0.4088415448473217,0.2655359844302264,0.43775475710407846,0.6821319040273799,1.0,0.23108163980638316,0.6297740511147041,0.9399992707792173,0.657544703633754,0.7029155189117129,Тревожный,Тревожный_020,True,extreme,5,0.37402830954521377
0.36195542716578116,0.255124446610156,0.37804094815507816,0.76253003082538,1.0,0.2320056860792249,0.840600874560874,0.9542293176832088,0.664225132794865,0.6619180922071358,Тревожный,Тревожный_020,True,extreme,6,0.37402830954521377
0.4381542431834794,0.23685196116550525,0.43137590298406114,0.812671800846775,1.0,0.22715716293927868,0.8386966527287725,0.9834472939645746,0.6327470092615918,0.6340853515385878,Тревожный,Тревожный_020,True,extreme,7,0.37402830954521377
0.45218693350008493,0.2611721239632144,0.4169012914745939,0.8295379334134265,0.9830558070427455,0.24761106580770753,0.8609040562135835,0.9567123442388809,0.6106431307388308,0.6447953137743965,Тревожный,Тревожный_020,False,extreme,0,0.37402830954521377
0.4841382044868102,0.49997328404484703,0.5050742802511864,0.5732714424404343,0.5915055127637596,0.45744472550863235,0.5027458541293951,0.5117460896651511,0.4900065418845647,0.4905429472230264,Тревожный,Тревожный_021,True,extreme,1,0.25601453266348045
0.4054016578035831,0.4373793374996676,0.5066709493616351,0.6346025598441934,0.6026938161354182,0.4586318076456,0.48566656703338773,0.5262207050248999,0.47140569744549454,0.5975317173740425,Тревожный,Тревожный_021,True,extreme,2,0.25601453266348045
0.34084908687337423,0.43757449529022663,0.5030653468741453,0.6373812933245527,0.8111037709429306,0.34877738444320083,0.5170398603390123,0.5959635982064234,0.5610922116568486,0.6166050780938859,Тревожный,Тревожный_021,True,extreme,3,0.25601453266348045
0.2420127520165662,0.44181190407549925,0.4423455514392142,0.7633981494065604,0.9738816789588355,0.2214782342921074,0.5642900920082689,0.6222216936319331,0.6799493543490424,0.5812946828631238,Тревожный,Тревожный_021,True,extreme,4,0.25601453266348045
0.3109293633316666,0.3279187581950562,0.4767883649990865,0.8739106099730355,1.0,0.18402312907957566,0.5680809290756283,0.7312110645719901,0.677378704888407,0.7470638970706464,Тревожный,Тревожный_021,True,extreme,5,0.25601453266348045
0.24025675563059484,0.2817842436067995,0.4942487535426701,0.8770124534986563,1.0,0.26872468125488724,0.765804556701555,0.8043533243346487,0.6653596939046952,0.7138671585191484,Тревожный,Тревожный_021,True,extreme,6,0.25601453266348045
0.33411067524243004,0.29084787319627414,0.5272646203301617,0.9400740939488131,1.0,0.264380283147587,0.7729854547033111,0.8002871820858276,0.6370873901131271,0.6465267638488703,Тревожный,Тревожный_021,True,extreme,7,0.25601453266348045
0.31525393173473676,0.3071538898487687,0.501519704601134,0.9330636034639289,1.0,0.2529694576170661,0.7977673706905198,0.7730357627123816,0.633120142894993,0.6565691163304559,Тревожный,Тревожный_021,False,extreme,0,0.25601453266348045
0.4883912764717768,0.4981469586883813,0.4944632860889109,0.5423895464563032,0.5876745247536882,0.45888791738060863,0.49793327514306784,0.532444442913684,0.4953452344557645,0.4563826226271059,Тревожный,Тревожный_022,True,extreme,1,0.3739240745421489
0.40904717037546373,0.40801170736834896,0.48403413710691834,0.6959550157537495,0.5787766789608166,0.4420722908360445,0.47979794986863195,0.6103901335277879,0.5374887231582622,0.43878396912630824,Тревожный,Тревожный_022,True,extreme,2,0.3739240745421489
0.33396280010318213,0.38927264679701645,0.4211112456092608,0.7014522247504553,0.8316984044604767,0.3297280752386943,0.5133366318416592,0.8180015983973552,0.6640607200058223,0.4705116769635375,Тревожный,Тревожный_022,True,extreme,3,0.3739240745421489
0.3110406463491422,0.38706043817565394,0.3623888124995497,0.7355113536919287,0.928561092632611,0.31129009192247137,0.642396937502245,0.7717219792609809,0.748352664232573,0.5692121082532374,Тревожный,Тревожный_022,True,extreme,4,0.3739240745421489
0.3363172964873901,0.35863379816219265,0.423717813876226,0.7583971406421671,1.0,0.2946931798352942,0.6656217133426827,0.7926423034389959,0.7476704914645631,0.8243448975958046,Тревожный,Тревожный_022,True,extreme,5,0.3739240745421489
0.26157016005809275,0.38362358150838155,0.44142372424374476,0.7989380802509142,1.0,0.29498340602084444,0.814552552788117,0.9140867125865566,0.7567953824803046,0.7059023306838563,Тревожный,Тревожный_022,True,extreme,6,0.3739240745421489
0.3441825347183405,0.4123328230172023,0.5551928519348656,0.8494671747296791,1.0,0.2692778905034001,0.845026914505299,0.9078609909755752,0.741993461157047,0.7598811541867652,Тревожный,Тревожный_022,True,extreme,7,0.3739240745421489
0.3578828375433727,0.4080925059396279,0.5385393357147207,0.8220435160671423,1.0,0.2550761937985918,0.8466988010676892,0.9052017639097515,0.7191378453394507,0.7589553211499117,Тревожный,Тревожный_022,False,extreme,0,0.3739240745421489
0.48483409815924394,0.49460725708980086,0.535099932336751,0.5352480470373123,0.5749106976862985,0.4636427522490046,0.5152022847658935,0.5180852158600711,0.5014355641219574,0.49672903664988244,Тревожный,Тревожный_023,True,extreme,1,0.3355573515409786
0.4776683265208444,0.509252689704562,0.5507978061308332,0.5452269441331038,0.6004619742771644,0.4343974454536881,0.5441238944934208,0.4963219237968098,0.4804141452555557,0.5640962967647054,Тревожный,Тревожный_023,True,extreme,2,0.3355573515409786
0.41750141167707144,0.5380511897564487,0.6034634221700116,0.5335900013603526,0.8208713609745166,0.3749279865532028,0.5640065333640545,0.6004151481208707,0.5439132438059192,0.6348347084753672,Тревожный,Тревожный_023,True,extreme,3,0.3355573515409786
0.3014211285889684,0.530350769902102,0.552874179172561,0.648324391255937,0.9893173594695411,0.3137612113546652,0.622934471117197,0.6360264384029862,0.664417230611668,0.6004001143837018,Тревожный,Тревожный_023,True,extreme,4,0.3355573515409786
0.3843652852128788,0.4029102401501827,0.5441402732678413,0.7145829256329059,1.0,0.2305710268104261,0.6033319910932595,0.8164411036050804,0.6601851703272467,0.6720771959968558,Тревожный,Тревожный_023,True,extreme,5,0.3355573515409786
0.3113404449042301,0.4384802043794128,0.47715091241466995,0.7682860246831821,1.0,0.25171372744595394,0.8049911466277485,0.8462526176524396,0.653714760602347,0.6058967383536161,Тревожный,Тревожный_023,True,extreme,6,0.3355573515409786
0.39758972176757384,0.4393218875066489,0.5169928180752339,0.8382050531894134,1.0,0.2207210982845123,0.8329878131206653,0.8194905008136766,0.6631405116139428,0.6119226422152838,Тревожный,Тревожный_023,True,extreme,7,0.3355573515409786
0.4086395151279094,0.40947178745610746,0.502456232172592,0.826028847836638,0.9930768211543483,0.19499517362242985,0.8324849267614992,0.8000696665225256,0.6613388504056635,0.6064613192778227,Тревожный,Тревожный_023,False,extreme,0,0.3355573515409786
0.5061739537028547,0.5206073262003909,0.4750116641854368,0.5269656058541308,0.4827218120415652,0.48863907235759624,0.49305897455276537,0.49737905867366744,0.49668649446255986,0.5075433629812651,Тревожный,Тревожный_024,True,extreme,1,0.38625265528354175
0.4495892017925143,0.4375150737043079,0.44868801121882174,0.6314173930940891,0.4880477709426671,0.4638216230885758,0.49084432596782973,0.56953491131021,0.5141930097019385,0.5505288285295314,Тревожный,Тревожный_024,True,extreme,2,0.38625265528354175
0.37665416033632354,0.4244448444492273,0.40981237920228464,0.6189897414071719,0.7387589630312268,0.3904934307582292,0.4823136977075628,0.7544781563819465,0.585411055526014,0.5830049531814216,Тревожный,Тревожный_024,True,extreme,3,0.38625265528354175
0.3114622031744027,0.42871971028067274,0.3665814975933891,0.7886102516015148,0.9368134073797876,0.324204426464874,0.508986144740645,0.8126262989634699,0.6732173872992369,0.5520168659378825,Тревожный,Тревожный_024,True,extreme,4,0.38625265528354175
0.3824872369838137,0.39081019766980957,0.3523646285149981,0.8412013271971135,1.0,0.26427713158394944,0.5697716098973079,0.9672289367044897,0.657566218230307,0.7605307242834035,Тревожный,Тревожный_024,True,extreme,5,0.38625265528354175
0.29422255248344514,0.40491719408442467,0.2704810405865608,0.9113867926848086,0.993218367921343,0.23622843634851146,0.786081051840687,0.9584578263994827,0.670569982584749,0.7068910224114207,Тревожный,Тревожный_024,True,extreme,6,0.38625265528354175
0.36221556041674524,0.4241935531092941,0.37491313725922826,0.9591862409779338,1.0,0.23824397195376737,0.8095415948732664,0.8964303217151127,0.6561266839633637,0.7255615971496483,Тревожный,Тревожный_024,True,extreme,7,0.38625265528354175
0.3764494400885645,0.44373241085205906,0.3635221687259636,0.9536976071480819,1.0,0.23172114414449577,0.7990547012073987,0.8886556175527799,0.6469533526814455,0.717381008451978,Тревожный,Тревожный_024,False,extreme,0,0.38625265528354175
0.4641938124300894,0.49892959012101384,0.5141597833802833,0.5732054544713943,0.561106222136661,0.4728936434107881,0.5048906605048203,0.5541620048854257,0.4922533331878091,0.4887831548644312,Тревожный,Тревожный_025,True,extreme,1,0.4554723761380612
0.4595576060704808,0.39502049173420467,0.5286603943015369,0.7148779198190351,0.5357078579292642,0.47957793098623674,0.5318264176726771,0.5683260277658365,0.49550881658526996,0.502532683284646,Тревожный,Тревожный_025,True,extreme,2,0.4554723761380612
0.4049841552170273,0.37127721749695913,0.48673794310982604,0.7282136923440093,0.7356719229169253,0.3774707186165381,0.553056242834625,0.7630617263784125,0.5586775949204428,0.5142422495830593,Тревожный,Тревожный_025,True,extreme,3,0.4554723761380612
0.3080653463467512,0.33931229499250565,0.5082028865131868,0.7782640929439287,0.851679150869681,0.3346858247147398,0.5919575027350125,0.7803266109844356,0.5900038042157338,0.6296845767835344,Тревожный,Тревожный_025,True,extreme,4,0.4554723761380612
0.3260421513172592,0.302802105976993,0.5351704569061879,0.7367368890703773,1.0,0.25326137670193016,0.6554714890333134,0.9605746006554583,0.5959944857824985,0.8689062773437474,Тревожный,Тревожный_025,True,extreme,5,0.4554723761380612
0.25434773844132913,0.31262258031578877,0.4204614312443606,0.8341422617487065,1.0,0.25092812483065124,0.8703366350428396,0.9357276494545348,0.6152150387007291,0.8431527633444069,Тревожный,Тревожный_025,True,extreme,6,0.4554723761380612
0.3230214172052537,0.3455420793441905,0.36796503146816495,0.8429712907335951,0.9904769015932922,0.27680416045012374,0.9362374049295854,0.9136994730809295,0.6157345309276179,0.824774840045584,Тревожный,Тревожный_025,True,extreme,7,0.4554723761380612
0.3142977694956143,0.37552604940952206,0.3406271267388672,0.8646404604581326,1.0,0.26844629628148226,0.9649855594918182,0.9304805322689792,0.5929557378457465,0.7978807108842875,Тревожный,Тревожный_025,False,extreme,0,0.4554723761380612
0.5022232483130274,0.5200189895885261,0.474421453292697,0.5364837817553567,0.5393185806109579,0.5084302911497907,0.5207797730910663,0.5121944217027479,0.5314927471552537,0.5359901855988423,Тревожный,Тревожный_026,True,moderate_a0.6,1,0.3637386042443409
0.4792582890970718,0.4473626743974099,0.4240467053639007,0.6572129664149943,0.5313788301103226,0.5414810253217375,0.530743767435094,0.5601447934691177,0.522783550611971,0.5166998936703456,Тревожный,Тревожный_026,True,moderate_a0.6,2,0.3637386042443409
0.4042351216880793,0.43529235099060604,0.34281020557276304,0.6169805234828512,0.7735344349575187,0.4715052533855053,0.5279623600048345,0.7013344913731471,0.6282496558616198,0.5140490312162438,Тревожный,Тревожный_026,True,moderate_a0.6,3,0.3637386042443409
0.363851876010812,0.43970624446716194,0.24903152908020776,0.7420780943816987,0.6935626698278531,0.47645712490829056,0.6321556626119362,0.7175397339072609,0.7147530910422135,0.6093965108620695,Тревожный,Тревожный_026,True,moderate_a0.6,4,0.3637386042443409
0.40979930694996397,0.5237652875593836,0.3300527654483342,0.7712228059180157,0.8378971797003597,0.42394429497226893,0.5844614609646321,0.8602274995648483,0.6705957011423187,0.75393660601103,Тревожный,Тревожный_026,True,moderate_a0.6,5,0.3637386042443409
0.3217876078223658,0.50820681309083,0.2797875348123323,0.8416488103542388,0.8351695890732379,0.43571359606845916,0.8390953533528009,0.8494688656328513,0.6963604535800896,0.6844026572685957,Тревожный,Тревожный_026,True,moderate_a0.6,6,0.3637386042443409
0.5773469371957414,0.48883308163913963,0.41403292734099517,0.8154726741196664,0.8387869315623343,0.4422849642760631,0.8041864399511351,0.8443478194544292,0.6726321916542793,0.6753043587847035,Тревожный,Тревожный_026,True,moderate_a0.6,7,0.3637386042443409
0.5856142789190564,0.5048597044980799,0.3868712846189148,0.8263403503590676,0.8525388399844287,0.4625483216435117,0.8072302091919057,0.8305078018485462,0.681742121871985,0.6658992093067717,Тревожный,Тревожный_026,False,moderate_a0.6,0,0.3637386042443409
0.48377409733923543,0.5303403764841851,0.4975288929615207,0.5536365932122908,0.5132562673092949,0.5031989432778179,0.5488474754557263,0.5215376350055456,0.48237481656841613,0.5260302360114857,Тревожный,Тревожный_027,True,moderate_a0.75,1,0.38251906930466656
0.45268096930116103,0.4189445461786527,0.5022539685524732,0.6947112480429869,0.5322079363754442,0.528129894084767,0.5639607210953712,0.5860437779180879,0.4581169155076212,0.5350816882126977,Тревожный,Тревожный_027,True,moderate_a0.75,2,0.38251906930466656
0.40564052563352526,0.43280934859279474,0.4301116571253796,0.7375911414309861,0.7594511239629023,0.40353771620457185,0.5797420883035651,0.7372390656115382,0.5875751940715102,0.535058417030996,Тревожный,Тревожный_027,True,moderate_a0.75,3,0.38251906930466656
0.38869640663913824,0.45695313173647595,0.40433000448496265,0.7835660639731062,0.9401103347370295,0.36242054101513815,0.7386894064049919,0.7236233455296224,0.6739178318859205,0.5817633521354908,Тревожный,Тревожный_027,True,moderate_a0.75,4,0.38251906930466656
0.45023708032942744,0.4351777725076201,0.4297527008261625,0.8878916991061215,0.9591707801863286,0.37254008323274984,0.7292253731863293,0.8375969532978182,0.6792784048994331,0.6781513940644462,Тревожный,Тревожный_027,True,moderate_a0.75,5,0.38251906930466656
0.35660075114220613,0.45776890301908874,0.45529723262366906,0.9282335613040467,1.0,0.3850829530825358,0.8680389698541018,0.9279993556644048,0.6844323015217078,0.5650533742309731,Тревожный,Тревожный_027,True,moderate_a0.75,6,0.38251906930466656
0.45738301549118654,0.4917755124305818,0.5916687136567096,1.0,1.0,0.39943580738382894,0.7961689992138361,0.9196780089010962,0.7036853798607604,0.5494877086641214,Тревожный,Тревожный_027,True,moderate_a0.75,7,0.38251906930466656
0.4436509650417009,0.515229250800194,0.5759186520889785,1.0,0.9906186773827653,0.399271764138988,0.7724473422317565,0.9222182615881317,0.7234784575083375,0.5574933479434692,Тревожный,Тревожный_027,False,moderate_a0.75,0,0.38251906930466656
0.45245286882778446,0.5039399353927437,0.4853498651609616,0.5443420860299759,0.5664732712746818,0.48308686960487096,0.48793684477486565,0.5318975080521876,0.5024062246836788,0.5187535555540218,Тревожный,Тревожный_028,True,moderate_a0.85,1,0.29819061749611453
0.3649176655195452,0.36523806986301804,0.4706337910298503,0.6904828272263379,0.519220384618687,0.4523055305878811,0.44080481299284024,0.5993952509311471,0.5129689706388108,0.5033467816544235,Тревожный,Тревожный_028,True,moderate_a0.85,2,0.29819061749611453
0.2635776855016553,0.38094796007531645,0.3792757927508238,0.6883390852420835,0.7790072303881731,0.3254499036211689,0.443994891878569,0.7517027870192875,0.6182379321706208,0.5029831854466568,Тревожный,Тревожный_028,True,moderate_a0.85,3,0.29819061749611453
0.23841204265448573,0.35440356665667583,0.3415116864311207,0.7156340461910289,0.8670481859861368,0.26007639306142905,0.6021128651877412,0.7213629550141908,0.7067999041289346,0.6509253461695185,Тревожный,Тревожный_028,True,moderate_a0.85,4,0.29819061749611453
0.33013607357022207,0.3528255289759659,0.44979724512871294,0.7539332785174077,0.9639822609151606,0.2903394984356407,0.5748361520352867,0.7515322503493371,0.6814737764887528,0.7495393076173545,Тревожный,Тревожный_028,True,moderate_a0.85,5,0.29819061749611453
0.23662621635319203,0.3600247638659456,0.446452737069583,0.7342615852882074,0.9730201011083602,0.3676882357080787,0.809312838052569,0.8884043266179086,0.6611865551416641,0.659229683214821,Тревожный,Тревожный_028,True,moderate_a0.85,6,0.29819061749611453
0.2641911298416362,0.3502543538981189,0.5538838549313613,0.8610079904469811,1.0,0.3440985151697133,0.7495957610267973,0.8799002174572862,0.6508685856417584,0.6483719172002309,Тревожный,Тревожный_028,True,moderate_a0.85,7,0.29819061749611453
0.24345400148521995,0.3665748541968163,0.54336536428153,0.8494378374616118,1.0,0.33544475938595003,0.7705204161097365,0.8863742480072679,0.6784043314269682,0.6252917235666422,Тревожный,Тревожный_028,False,moderate_a0.85,0,0.29819061749611453
0.5308490079745335,0.5303425527526161,0.4871049731275239,0.5222469789656108,0.5604849108654234,0.4964791403345426,0.5419342722813947,0.4780360905468731,0.5083474840780845,0.5280129340127147,Тревожный,Тревожный_029,True,moderate_a0.6,1,0.3364385885654851
0.43127192663927066,0.4396782792079467,0.49569713353177164,0.6462642640972968,0.5874994665243628,0.5163649110752849,0.518025149920661,0.5742505308409361,0.5172705830024197,0.5262447250151984,Тревожный,Тревожный_029,True,moderate_a0.6,2,0.3364385885654851
0.3319545564816695,0.4705250884833167,0.5286773075928354,0.6265561658766347,0.8006554681418078,0.40313057026988947,0.559395600029536,0.6691898851516226,0.5590387149524552,0.5847162788949158,Тревожный,Тревожный_029,True,moderate_a0.6,3,0.3364385885654851
0.30278407152252984,0.4503563716639972,0.42898819067954036,0.7227727551877846,0.8735566197138381,0.3114045604030219,0.6832803991372899,0.7528173001398871,0.6876846659551645,0.5655240906851787,Тревожный,Тревожный_029,True,moderate_a0.6,4,0.3364385885654851
0.33785116416553707,0.5021474071974382,0.5143931309099554,0.7775314757605654,0.9366008239751737,0.3771837027787252,0.6327216939326245,0.7932493936594938,0.714594476160895,0.7329743524094118,Тревожный,Тревожный_029,True,moderate_a0.6,5,0.3364385885654851
0.26960263423260994,0.4856698621661962,0.46613655464129156,0.8033569107098318,0.8346813662085071,0.4767237860125911,0.9364908859661558,0.8189601718131729,0.7255981808346164,0.7143553951642965,Тревожный,Тревожный_029,True,moderate_a0.6,6,0.3364385885654851
0.39107902437890973,0.44962534071809934,0.615263851263122,0.870027764234172,0.8719644559474287,0.47553002088179974,0.8212904314102027,0.8350160790769575,0.7336081220072588,0.7092279384607114,Тревожный,Тревожный_029,True,moderate_a0.6,7,0.3364385885654851
0.3617560023127315,0.4225840674503412,0.6254608895015353,0.8906273890199555,0.8590751242706367,0.4859218955328786,0.8454821844770762,0.8261689365276903,0.7146562006800449,0.6811263812899225,Тревожный,Тревожный_029,False,moderate_a0.6,0,0.3364385885654851
0.5233678618033754,0.47920994941073297,0.5374270326513927,0.532311616410454,0.5656717701723034,0.46151976241673065,0.45088030383249955,0.5049529656826114,0.48168101336198027,0.507248194416367,Тревожный,Тревожный_030,True,moderate_a0.75,1,0.3745268377625496
0.5143321790729659,0.43639743864499164,0.5271378656360611,0.5916042975433861,0.592954211344365,0.47220589297544197,0.4927393416181933,0.5405338913377442,0.45606141079717366,0.482060195400771,Тревожный,Тревожный_030,True,moderate_a0.75,2,0.3745268377625496
0.4477440358470916,0.4576552043516923,0.47738289786951243,0.5878513170535017,0.8222441794686866,0.4032181368682005,0.5171904273620862,0.70970685553982,0.5804133207466035,0.45593535686304026,Тревожный,Тревожный_030,True,moderate_a0.75,3,0.3745268377625496
0.44996801472452364,0.4405383577675662,0.4844685802238046,0.6962968502817407,0.845282964053888,0.42999469535488527,0.6263983339295949,0.603587611303288,0.5942028161109902,0.5945990626423919,Тревожный,Тревожный_030,True,moderate_a0.75,4,0.3745268377625496
0.5213209684716965,0.42627738895209166,0.49335815241332986,0.7330141755738814,1.0,0.38385919076658304,0.6730048800653183,0.7489088409320754,0.6076941571730365,0.7741125532241435,Тревожный,Тревожный_030,True,moderate_a0.75,5,0.3745268377625496
0.45283912858145664,0.45956113408693555,0.49404273111036456,0.7982336217854097,1.0,0.3828678703811865,0.8431170088723081,0.8337571308451002,0.6170599889450552,0.6658746694251879,Тревожный,Тревожный_030,True,moderate_a0.75,6,0.3745268377625496
0.5890036909157418,0.45792745350593833,0.5772746079606518,0.7961700671762963,1.0,0.35112773062020697,0.8811649309318241,0.8392264645993135,0.5941470901766455,0.6269753366484777,Тревожный,Тревожный_030,True,moderate_a0.75,7,0.3745268377625496
0.5749157398403719,0.4401749600406688,0.5867704985589759,0.8017402947584863,1.0,0.3601890507763225,0.8560894366106493,0.814762401453361,0.5698030882147648,0.6324265298882544,Тревожный,Тревожный_030,False,moderate_a0.75,0,0.3745268377625496
0.4904788399922213,0.5246032510245551,0.5293956195104867,0.5212925771903586,0.5615201089809605,0.4322457380847228,0.4973955929610164,0.46330352080576787,0.5073711969179328,0.4919554334339316,Тревожный,Тревожный_031,True,moderate_a0.85,1,0.40406993006756786
0.4203237213142426,0.4444512884698718,0.5353135757844293,0.5372804702111595,0.5559088676342259,0.4425938153214404,0.5208581503775519,0.4468441796819534,0.5169705963004421,0.5777197925568868,Тревожный,Тревожный_031,True,moderate_a0.85,2,0.40406993006756786
0.3364409904607165,0.4641867160080386,0.4903215129153173,0.5294191469427396,0.626456652304722,0.4780923592196348,0.6730390635907737,0.33824960912140567,0.5707088843802891,0.7553138964188355,Тревожный,Тревожный_031,True,moderate_a0.85,3,0.40406993006756786
0.28418821322968907,0.4527748482930717,0.49693181257420976,0.7376862005326046,0.6456806410833266,0.43764514073243804,0.6966264839171932,0.315453295154814,0.5853251877774137,0.8001050287348861,Тревожный,Тревожный_031,True,moderate_a0.85,4,0.40406993006756786
0.3579234265201563,0.3156237170673157,0.48510743311669907,0.8119908152454288,0.92032040327907,0.38729419796338893,0.674089675615963,0.48723597420147335,0.586793839479511,0.8862626912548341,Тревожный,Тревожный_031,True,moderate_a0.85,5,0.40406993006756786
0.276794643008195,0.33514273682477036,0.528112987355428,0.7860491122665015,1.0,0.3000616137436839,0.8058851752293087,0.6830081925318853,0.6049031678781503,0.8101478574910506,Тревожный,Тревожный_031,True,moderate_a0.85,6,0.40406993006756786
0.3238674969898982,0.32271497527773635,0.4617477785902835,0.7529912985289823,0.9488347950329199,0.2774017863484247,0.8960312356745819,0.6699256817123712,0.6025659395719832,0.840141824410904,Тревожный,Тревожный_031,True,moderate_a0.85,7,0.40406993006756786
0.34614454374011566,0.31957673583695617,0.4360431415536758,0.7777907993935909,0.9670913439098461,0.2595323528019926,0.8978494059176141,0.6545273042890749,0.5850863597636634,0.8545117217417749,Тревожный,Тревожный_031,False,moderate_a0.85,0,0.40406993006756786
0.49175196472635696,0.48930052822316866,0.5249165084641124,0.49458962660196587,0.5088736000410737,0.4802691092834844,0.5494899810149004,0.4145723770245864,0.47675603233733754,0.5806008943476487,Тревожный,Тревожный_032,True,moderate_a0.6,1,0.38253776182706944
0.44472244762465246,0.36937158483311805,0.504685181998765,0.6700237434991951,0.5216303123502647,0.5115064769506137,0.5243867213610561,0.4841615542644624,0.5018235430005776,0.5920965591467535,Тревожный,Тревожный_032,True,moderate_a0.6,2,0.38253776182706944
0.39683701273132677,0.3382458466678413,0.4372191709309386,0.6590128316737492,0.7488039198368388,0.42102089738583104,0.5422359022564214,0.6658268607612302,0.5701835476670905,0.5812654429678756,Тревожный,Тревожный_032,True,moderate_a0.6,3,0.38253776182706944
0.3951042128426825,0.2895714214876167,0.3312401936764055,0.745185188535282,0.830793339929897,0.3730828244195527,0.6473158961048672,0.7126118915061767,0.5451034869916063,0.6920762967314109,Тревожный,Тревожный_032,True,moderate_a0.6,4,0.38253776182706944
0.4091031585422318,0.5265175589747192,0.35019054194398946,0.7779525260014931,0.8693546100564425,0.4975968335441884,0.6144340610560849,0.7576213899867571,0.5750365248024143,0.6756681796746563,Тревожный,Тревожный_032,True,moderate_a0.6,5,0.38253776182706944
0.3388257389472924,0.5073469524757729,0.3634663370088674,0.8593122597690983,0.9926657687949614,0.48124783941273913,0.7760360464637036,0.8551110729615212,0.6107494998631321,0.5661976806485287,Тревожный,Тревожный_032,True,moderate_a0.6,6,0.38253776182706944
0.48820666040385763,0.518930723984772,0.4084643775379787,0.8624828988737758,1.0,0.5117073217775768,0.8140733597216507,0.869185935130298,0.6122352197070424,0.5601714109096696,Тревожный,Тревожный_032,True,moderate_a0.6,7,0.38253776182706944
0.4944222392150237,0.5119299414780357,0.40354585446936464,0.885341690520542,0.9809258695472695,0.4836691017174161,0.8206719379072033,0.8396629480503573,0.6177946998953668,0.550275739731245,Тревожный,Тревожный_032,False,moderate_a0.6,0,0.38253776182706944
0.46595763873410634,0.5165854074294505,0.4858241911186201,0.534353874045428,0.5469107460106559,0.47356645599095243,0.5222907013272392,0.4824303000592666,0.516151884928306,0.4901878620486819,Тревожный,Тревожный_033,True,moderate_a0.75,1,0.33443460049774154
0.3788674371675852,0.498704377909597,0.47518402716950175,0.6081712514925899,0.5243609684357472,0.4750293710618154,0.5423363337526675,0.5648636009421667,0.5408598999144343,0.515352186538882,Тревожный,Тревожный_033,True,moderate_a0.75,2,0.33443460049774154
0.3342744624789055,0.4938701423219677,0.4077636115568374,0.6140043482677245,0.8020922709809063,0.371120220376083,0.5480386616781999,0.7123155331676785,0.6497325681374333,0.5348484839180725,Тревожный,Тревожный_033,True,moderate_a0.75,3,0.33443460049774154
0.34599277948644014,0.44683276638672476,0.4079142272225816,0.6886799171832905,0.8154530925596561,0.3533419096749707,0.6767422241560315,0.6232289539563849,0.6041652498882601,0.6277200211005964,Тревожный,Тревожный_033,True,moderate_a0.75,4,0.33443460049774154
0.3888536319720476,0.35541331149467004,0.530187522604362,0.7396102077202542,1.0,0.18392062473497356,0.6001334015138581,0.7135886752605743,0.5916871049039033,0.7188043864230681,Тревожный,Тревожный_033,True,moderate_a0.75,5,0.33443460049774154
0.4007451769509934,0.3687544069576596,0.4431942071139227,0.7383038558977241,0.9145658819490322,0.23369549020983538,0.7837190538572677,0.7509280233002179,0.6165109692244773,0.7252684834934751,Тревожный,Тревожный_033,True,moderate_a0.75,6,0.33443460049774154
0.41296962258632,0.38601478810449075,0.534995876909957,0.8485504652883599,0.9872476832505592,0.22822713553918933,0.7684098914065202,0.75904897071481,0.5812677511328098,0.7079010394278625,Тревожный,Тревожный_033,True,moderate_a0.75,7,0.33443460049774154
0.43457122569659523,0.3985269800351814,0.5468546052558806,0.8385725585211846,0.983482056334671,0.2024061731537846,0.7458868241902484,0.7863671300580236,0.55863074513884,0.6791609201754151,Тревожный,Тревожный_033,False,moderate_a0.75,0,0.33443460049774154
0.505623294956199,0.5034378789636607,0.501434771535587,0.5363454406048727,0.5467662432061098,0.47794325359261464,0.4815879315916838,0.5533802831142308,0.4784201898681119,0.5443256204331848,Тревожный,Тревожный_034,True,moderate_a0.85,1,0.394142371651516
0.5271420705885804,0.4020469373050264,0.4849817654822011,0.6657191913738514,0.5329964627729276,0.45275484029537116,0.4879176795564502,0.5543991749658316,0.47378155586713344,0.5931452407661431,Тревожный,Тревожный_034,True,moderate_a0.85,2,0.394142371651516
0.4457025012898467,0.41225264562152747,0.3821215262295541,0.6542921108777913,0.7891072285129899,0.3578457928619686,0.4923454345360379,0.7250030568293734,0.552910714259311,0.6134808745008624,Тревожный,Тревожный_034,True,moderate_a0.85,3,0.394142371651516
0.35223533108109606,0.3840718506292197,0.25537563717297657,0.7220283767246658,0.8851498010598718,0.3014209190972129,0.5825210412309014,0.8108004369561143,0.6529277175287813,0.6071725168634564,Тревожный,Тревожный_034,True,moderate_a0.85,4,0.394142371651516
0.43252454901601023,0.37429521495813284,0.26223075071894064,0.754900575499167,0.9573855078530342,0.37434790133015106,0.6799862027750849,0.8734020615808679,0.6241531802293305,0.7688560848131769,Тревожный,Тревожный_034,True,moderate_a0.85,5,0.394142371651516
0.3557832947413452,0.3806978035840182,0.27955962480978025,0.7673215609458254,0.9571566714253472,0.45898878414630934,0.8660268831879081,0.9638586339701476,0.6113115099892417,0.6908516502298797,Тревожный,Тревожный_034,True,moderate_a0.85,6,0.394142371651516
0.3969006171536181,0.37992374433243875,0.36665354837596603,0.817607615157947,1.0,0.465825815764786,0.8996815323075961,0.8867349715104554,0.6154871911085792,0.7131807133536978,Тревожный,Тревожный_034,True,moderate_a0.85,7,0.394142371651516
0.37071367293742163,0.37389863765536563,0.37434669583139246,0.8059070194999685,0.9772819238021196,0.4938803475397912,0.8728337856123906,0.9099328559419136,0.6044460415840701,0.7036434336147062,Тревожный,Тревожный_034,False,moderate_a0.85,0,0.394142371651516
0.48746311856809027,0.49158242665979734,0.5054270137800588,0.5590066821658655,0.5887359344710407,0.4813689542567092,0.47651053753689787,0.540937967061305,0.4933374874261821,0.5120579127214694,Тревожный,Тревожный_035,True,moderate_a0.6,1,0.3489956841064969
0.4233520810629339,0.3970323403186845,0.5213260504490392,0.7213375993077664,0.595925597078327,0.47430885998899375,0.49777759849223846,0.6014591688427591,0.5113985886322145,0.511578225385191,Тревожный,Тревожный_035,True,moderate_a0.6,2,0.3489956841064969
0.36591729082233215,0.3774637244498153,0.41004256295198005,0.7285990762988289,0.6988624674236579,0.45452506192583,0.5601181635622559,0.5341984637200373,0.6207323604455215,0.6438978308103303,Тревожный,Тревожный_035,True,moderate_a0.6,3,0.3489956841064969
0.29689056158471366,0.3550891180340857,0.363241155239783,0.8484102730662622,0.8700965887159826,0.36978401464888766,0.6022413292346197,0.5665641172116826,0.7549338634141882,0.6134720531333517,Тревожный,Тревожный_035,True,moderate_a0.6,4,0.3489956841064969
0.3866470013577498,0.5193728898018002,0.3840754507206069,0.7788093029989723,0.830805965160184,0.41179809790440003,0.579552546449068,0.7314769763574416,0.7870959797372111,0.7608596562565267,Тревожный,Тревожный_035,True,moderate_a0.6,5,0.3489956841064969
0.3118771900613644,0.5369536489879949,0.31444182541647075,0.875693083901703,0.8729303183215772,0.4111556391976867,0.8182584354055152,0.7201825928515819,0.7792133835612642,0.6977759708673404,Тревожный,Тревожный_035,True,moderate_a0.6,6,0.3489956841064969
0.4938835416647922,0.5726808594842044,0.4051830998052066,0.8989516205713023,0.8815947105908575,0.43928053887286295,0.744492275791031,0.6785457364846524,0.7641162376582874,0.6625227510794861,Тревожный,Тревожный_035,True,moderate_a0.6,7,0.3489956841064969
0.47929010685383083,0.567987348810597,0.4032415773056703,0.9145293822515217,0.8987817863572298,0.41353000814247726,0.7165518166320309,0.6504453518697348,0.7898401972798808,0.6912778569881944,Тревожный,Тревожный_035,False,moderate_a0.6,0,0.3489956841064969
0.552121348951008,0.5257866957415891,0.5358416057879748,0.48636439020824573,0.5162019380062323,0.4959923536802823,0.5261147725198346,0.47461216572941484,0.46850031907621537,0.4970708333593042,Тревожный,Тревожный_036,True,mixed,1,0.2602742243989765
0.5424243619515035,0.5279955679694621,0.5659532526294183,0.6301927661018059,0.5176853498137559,0.4947388734947191,0.5174012264668908,0.466389522906481,0.42630703109771334,0.5798418361268938,Тревожный,Тревожный_036,True,mixed,2,0.2602742243989765
0.5841142826082167,0.4688987136421964,0.6666945091553721,0.6324348532996024,0.6061350280460959,0.4804828905809942,0.5483188544530803,0.5086760977286524,0.4972249383236135,0.6484675668202562,Тревожный,Тревожный_036,True,mixed,3,0.2602742243989765
0.4739400137029213,0.4727286783857859,0.6171296163995998,0.7649939284412423,0.6405477830849576,0.4051835768090197,0.5765623120718142,0.585928286132955,0.5118753145774048,0.5904362950017616,Тревожный,Тревожный_036,True,mixed,4,0.2602742243989765
0.5188524684490324,0.4623757649890922,0.5882984249359189,0.8180482013499422,0.7069254788525658,0.45591009308316055,0.5916543025120298,0.6227590352283351,0.46898670415220717,0.7218982595303968,Тревожный,Тревожный_036,True,mixed,5,0.2602742243989765
0.41767542200130964,0.49723220496290854,0.5945203668658777,0.8867938232768167,0.7484441576136075,0.478143303155796,0.7161878694321749,0.5632024890012494,0.444083274893599,0.7241719001690086,Тревожный,Тревожный_036,True,mixed,6,0.2602742243989765
0.4404957434417053,0.47479058356511955,0.5301906408690443,0.8785353132944088,0.7423498056497916,0.45518248436272785,0.796831076664038,0.5618044737022116,0.48370374391491494,0.729151240350069,Тревожный,Тревожный_036,True,mixed,7,0.2602742243989765
0.4690440282839996,0.4851488758831826,0.5472797618260059,0.8876206751635003,0.7721168066868861,0.46168701868699263,0.8010943798557257,0.5411914267752105,0.5126627957061229,0.7210042538084953,Тревожный,Тревожный_036,False,mixed,0,0.2602742243989765
0.49300475092526347,0.4890181894421301,0.5098579592799759,0.5190738582178667,0.576396969810035,0.48790578991862477,0.5491653538426283,0.5162197505094244,0.5051111828221881,0.5547626755033168,Тревожный,Тревожный_037,True,mixed,1,0.3816394033854133
0.4104521391095144,0.38762437145723544,0.5276580768594918,0.634846633373787,0.6003862499109254,0.46859797418250704,0.590215392863591,0.60897545503875,0.46131650672972496,0.5442634650396261,Тревожный,Тревожный_037,True,mixed,2,0.3816394033854133
0.4673810460206288,0.3738210432674913,0.6189469346488057,0.6304776868319484,0.7166564280460325,0.3629768608069246,0.6515397911986259,0.5683733052588025,0.4783480773965745,0.5953107006580894,Тревожный,Тревожный_037,True,mixed,3,0.3816394033854133
0.4965735416037368,0.3590248878248943,0.6148414157706993,0.7875499976885704,0.8313515078397302,0.3108295139431454,0.5757160837356264,0.6648194228003278,0.47907358104614184,0.5516296131962951,Тревожный,Тревожный_037,True,mixed,4,0.3816394033854133
0.5155349323013008,0.24200759658825274,0.5955183373079451,0.8042844865851906,1.0,0.18870955837715214,0.5892506312936644,0.7901542946176388,0.48132120731261485,0.687813061534628,Тревожный,Тревожный_037,True,mixed,5,0.3816394033854133
0.4715342242231505,0.24750545706456242,0.6019639904371409,0.9007805962324197,1.0,0.2224482213887045,0.7139192539198068,0.8948293593581165,0.46172198678161086,0.55321827400326,Тревожный,Тревожный_037,True,mixed,6,0.3816394033854133
0.6018930569930045,0.24071250572467942,0.5923589589275017,0.8328869196832775,0.9846291328296682,0.20337127829304633,0.7736277860967413,0.879015702162584,0.4887484262995706,0.5309630743464452,Тревожный,Тревожный_037,True,mixed,7,0.3816394033854133
0.628428155776207,0.22283394355563244,0.5673645137495275,0.8505962741880742,1.0,0.19355089510787904,0.7954657537992962,0.9077740849161403,0.504972453216525,0.5337360868316456,Тревожный,Тревожный_037,False,mixed,0,0.3816394033854133
0.5021490625135449,0.5118775458030761,0.5389117163755728,0.5489163059888802,0.5397214487964721,0.4766498357043434,0.5367920242714863,0.46188340423284946,0.5016968412568458,0.5605118395300894,Тревожный,Тревожный_038,True,mixed,1,0.14589174235624044
0.46517786096820274,0.42587178248266927,0.5441591414549677,0.6916105235705186,0.5258724205225346,0.47871667108046856,0.520980526510483,0.5351290724367481,0.5174680599735232,0.550569037927584,Тревожный,Тревожный_038,True,mixed,2,0.14589174235624044
0.5376543437811072,0.37515394672900987,0.5920403655148594,0.7005656071460903,0.5187037271138589,0.45428147832099136,0.5626195067891161,0.5140699998613835,0.5491868071828665,0.6101389967337226,Тревожный,Тревожный_038,True,mixed,3,0.14589174235624044
0.48976422309413975,0.35047496224368385,0.533684528815735,0.7904729208055333,0.8084657467956804,0.3829323327696983,0.5575383695315854,0.5581242327796845,0.578141420547566,0.6034393922604419,Тревожный,Тревожный_038,True,mixed,4,0.14589174235624044
0.5424699203175433,0.2899342739922346,0.6526409314962361,0.8165698382317577,1.0,0.28215805449734677,0.5358137220768471,0.6145739145621198,0.6353196258928849,0.7530270833150663,Тревожный,Тревожный_038,True,mixed,5,0.14589174235624044
0.4732312398964827,0.30370842225142003,0.6939580487639851,0.8459474067149733,1.0,0.2725237414464033,0.6269679917532662,0.7304745686328469,0.6717231334903377,0.6480182582676547,Тревожный,Тревожный_038,True,mixed,6,0.14589174235624044
0.5830824020616169,0.30169567241187667,0.7035114505832655,0.8606019407721242,1.0,0.26117360017708746,0.6162496337326969,0.7076818945085951,0.6719200479448191,0.6546908684309353,Тревожный,Тревожный_038,True,mixed,7,0.14589174235624044
0.5553701628297221,0.2751456366258363,0.7104039346708187,0.8655781834321818,0.9800250106473773,0.27583395416087375,0.5907093655594667,0.7144288290798572,0.6559212724567506,0.6665418265433736,Тревожный,Тревожный_038,False,mixed,0,0.14589174235624044
0.48648983411106744,0.4796297311370347,0.4825235929649387,0.5325766581540602,0.5291344095626668,0.48327916921003605,0.4822733387375332,0.5461365612044228,0.5167836158242344,0.5253991108103673,Тревожный,Тревожный_039,True,mixed,1,0.3586259590788358
0.39236925337048456,0.3510495054255043,0.4654643089205823,0.6647370800945906,0.5684131764018664,0.46779027849465643,0.4644602871972737,0.5841757950259509,0.5372687212875223,0.5093631817370767,Тревожный,Тревожный_039,True,mixed,2,0.3586259590788358
0.29453517979695054,0.3537701346088736,0.41115249296411566,0.6828342679005575,0.8032044800066891,0.3795451580610685,0.4647147851201831,0.7452041781897849,0.6038429386500638,0.5188689249385864,Тревожный,Тревожный_039,True,mixed,3,0.3586259590788358
0.20932245160441065,0.40346630213835183,0.36161327973014923,0.8192883024957585,0.9579996601481482,0.26248464645763714,0.5199269817464931,0.7985979128693189,0.7432179573024984,0.4781864318925898,Тревожный,Тревожный_039,True,mixed,4,0.3586259590788358
0.2539175266144935,0.42482579236615964,0.37257942792256526,0.8289239540968311,0.9473523028983639,0.29696217910593653,0.5240584220731268,0.9374655004224863,0.7347315276608346,0.6358470433718579,Тревожный,Тревожный_039,True,mixed,5,0.3586259590788358
0.2715393777703424,0.44397080556229007,0.2862441765682902,0.9093963345507027,1.0,0.26777150725820126,0.6248172812974775,0.9754555767266592,0.7397184605186493,0.5843240813886895,Тревожный,Тревожный_039,True,mixed,6,0.3586259590788358
0.3587126303875112,0.48067731148921555,0.30902309504427106,0.908405932159457,1.0,0.2907813115031746,0.7474838460420907,0.9248853428054525,0.7107668671419116,0.6325796752324628,Тревожный,Тревожный_039,True,mixed,7,0.3586259590788358
0.36460423812854187,0.49509132129606037,0.3117330312496424,0.927947818297306,1.0,0.3048345103508067,0.7586802106170836,0.9364206498727209,0.7072866693893551,0.6070586765169286,Тревожный,Тревожный_039,False,mixed,0,0.3586259590788358
0.5038613970672345,0.5426796343523951,0.5356209656614004,0.48784567594230416,0.5730694440026397,0.4897778684229917,0.479906714204126,0.42914325381777385,0.5098611651013079,0.55109171629664,Циклотим,Циклотим_000,True,extreme,1,0.18328648945312756
0.47812919331451925,0.5538038842195064,0.5311150271589911,0.5049081761102922,0.564510302268203,0.472187563787268,0.4825598570191527,0.3600608527254538,0.503063960588167,0.7335485735335353,Циклотим,Циклотим_000,True,extreme,2,0.18328648945312756
0.5126532603443642,0.5531505636687992,0.6129195373073011,0.4677952244090608,0.566688606130806,0.47283858646173305,0.6191392583622758,0.15349103189614666,0.4578842390749583,0.9290782391201525,Циклотим,Циклотим_000,True,extreme,3,0.18328648945312756
0.47780640848292505,0.6151322245716463,0.5444470391784078,0.554251268182565,0.5573719762919954,0.5334996923565828,0.7337517146721788,0.09356594377970677,0.5232901906443707,0.952530431661214,Циклотим,Циклотим_000,True,extreme,4,0.18328648945312756
0.5025130412701024,0.6421529777261328,0.5852485594802947,0.569621636871602,0.6055157666722413,0.5986089579876753,0.7105567164389882,0.1488506972975659,0.4816677248771972,1.0,Циклотим,Циклотим_000,True,extreme,5,0.18328648945312756
0.4410273758106012,0.7009236322649839,0.5946209091219947,0.6474602444760011,0.6329149304702921,0.6139683019095469,0.8739779028336548,0.07619420768874939,0.4545046134380898,1.0,Циклотим,Циклотим_000,True,extreme,6,0.18328648945312756
0.5581978691833913,0.7071387771382515,0.6823283410882044,0.6595804013425294,0.6731916901021531,0.6399026941347303,0.8966063148474784,0.05038220169572743,0.47033313998064874,0.9804984473008582,Циклотим,Циклотим_000,True,extreme,7,0.18328648945312756
0.5713518127919993,0.7213633597403093,0.6999704398110339,0.670501135921407,0.6643950586470165,0.626642802031178,0.9177444952869681,0.056090043005105276,0.48205995809803304,0.9616954465056284,Циклотим,Циклотим_000,False,extreme,0,0.18328648945312756
0.5068042181714086,0.5240417318949279,0.5480550802670727,0.5525670807158745,0.49918658236084995,0.4974187785713951,0.5862021480198506,0.40421826240363234,0.49787036490908726,0.5692627617857562,Циклотим,Циклотим_001,True,extreme,1,0.37454439522488725
0.49588858203192265,0.587460371723584,0.5242703122484171,0.5569857251099738,0.5158639864960781,0.5320719533160367,0.5785663405527156,0.36246860481806864,0.47649732801217065,0.7566447370056728,Циклотим,Циклотим_001,True,extreme,2,0.37454439522488725
0.4760506606352918,0.5986668466032374,0.49816547305175807,0.547041872782724,0.49803530603648943,0.506851458241689,0.7728713887243182,0.20058610428382923,0.49863485786672135,1.0,Циклотим,Циклотим_001,True,extreme,3,0.37454439522488725
0.4729964790474622,0.5984973317897382,0.5019816019866485,0.5574832853423968,0.635818328739173,0.5045861905928473,0.8631183071310576,0.13786979574784697,0.4656709846035399,1.0,Циклотим,Циклотим_001,True,extreme,4,0.37454439522488725
0.5495914687049692,0.7030226761851142,0.5901839264363288,0.5397574397017936,0.759724247049256,0.5434152278467379,0.7784075970115051,0.15636616533947512,0.4549931859012835,1.0,Циклотим,Циклотим_001,True,extreme,5,0.37454439522488725
0.6356200263627856,0.6783999749177392,0.6002732825392784,0.5927872740786025,0.77051870827605,0.5556722597584877,0.792565058266597,0.1879597034385369,0.4802577686530655,0.9351262374146045,Циклотим,Циклотим_001,True,extreme,6,0.37454439522488725
0.7707721128295474,0.668296849264405,0.6290533446518561,0.5260416183636903,0.768954424791442,0.5162080059374058,0.8596912144989118,0.20173850387429204,0.4866960703550259,0.9309118520426803,Циклотим,Циклотим_001,True,extreme,7,0.37454439522488725
0.7669238233101365,0.6584017203428352,0.6516201082940958,0.5323579617831309,0.7512878994407755,0.5258006739717641,0.8344934925903692,0.2192956346776638,0.4618994106460896,0.904933569457022,Циклотим,Циклотим_001,False,extreme,0,0.37454439522488725
0.5431420450056195,0.4746602812466092,0.5293861649634557,0.5119957551612173,0.4891856373740843,0.4892800807089392,0.5210817464897266,0.43675855992438073,0.46864727612335905,0.5611369901751948,Циклотим,Циклотим_002,True,extreme,1,0.27997668301751877
0.5711090073600611,0.5006351909067254,0.5646446283295598,0.5827963487359633,0.4875505687305029,0.4652529377294342,0.5105418269575216,0.4006467783565062,0.47541890974075574,0.7275137973420311,Циклотим,Циклотим_002,True,extreme,2,0.27997668301751877
0.5446441219283442,0.503699112494095,0.5736547450400756,0.6091261286204244,0.4344271941327648,0.5085984232584995,0.7302346631601021,0.25029272042664513,0.4685100285056435,1.0,Циклотим,Циклотим_002,True,extreme,3,0.27997668301751877
0.6306008811040459,0.508003058005838,0.5455389216871669,0.5486667582094309,0.555044067998679,0.5344958738592932,0.776198079551162,0.07605327550911944,0.429382801138697,1.0,Циклотим,Циклотим_002,True,extreme,4,0.27997668301751877
0.6208787606495556,0.6708428737409392,0.5382676098949666,0.5174319252699062,0.5721947059605997,0.6178221918257246,0.8538791685117835,0.051899103494390156,0.45955461636853484,1.0,Циклотим,Циклотим_002,True,extreme,5,0.27997668301751877
0.6978597584331013,0.6866359586331381,0.5793427166905758,0.5959716130582867,0.6210540024991178,0.6139752112793735,0.8852162528400823,0.040408119734793,0.4466257096423989,0.9433610370751263,Циклотим,Циклотим_002,True,extreme,6,0.27997668301751877
0.7303443392457963,0.7074448831906567,0.654909236306459,0.6564210616925612,0.5977610743420604,0.5995738335349965,0.8654271948909263,0.015205342948668092,0.4274707992467841,1.0,Циклотим,Циклотим_002,True,extreme,7,0.27997668301751877
0.7474609771689358,0.7030795773468446,0.6632232234871642,0.6829348014881644,0.626067176695156,0.590574422847423,0.8744355864435266,0.02370520238373404,0.4075046877907006,1.0,Циклотим,Циклотим_002,False,extreme,0,0.27997668301751877
0.5183399736402462,0.5008050737779002,0.5302337654042986,0.528174900006644,0.500076407183837,0.47973821538988104,0.5239624626537958,0.3951636596283249,0.5036217784060022,0.5833885300430752,Циклотим,Циклотим_003,True,extreme,1,0.17239282044136517
0.5289761155982545,0.5791182789814802,0.5228026868852503,0.5432528691692511,0.5211124014129161,0.4632171420998557,0.5166113799998077,0.31179892564764644,0.4872280310985165,0.733590305906108,Циклотим,Циклотим_003,True,extreme,2,0.17239282044136517
0.5571950945485082,0.5849177760630587,0.6463909463665567,0.5557856909294526,0.513079858487251,0.4739654700322189,0.67668713608199,0.10571372422165065,0.4992954535774774,0.889399879554365,Циклотим,Циклотим_003,True,extreme,3,0.17239282044136517
0.6293992539857174,0.5892090488476294,0.627347847182713,0.49925577338689464,0.4996281369144959,0.4846079815226605,0.8520414762506299,0.01598093285537872,0.5661619257099069,0.9921820941263176,Циклотим,Циклотим_003,True,extreme,4,0.17239282044136517
0.6799773798370485,0.6228116526669207,0.6384444578603337,0.5438024042969056,0.6128923518191669,0.5424603358805761,0.8955457691215004,0.02418893981619825,0.5412767971117857,1.0,Циклотим,Циклотим_003,True,extreme,5,0.17239282044136517
0.6077489608646028,0.6961133233625458,0.6279449675474272,0.6179527654019872,0.6692997414196573,0.5672749148009211,1.0,0.0,0.5259993424121574,1.0,Циклотим,Циклотим_003,True,extreme,6,0.17239282044136517
0.7014913025828009,0.6889561186083126,0.8210727528152565,0.6594893363418209,0.669685164570757,0.5372174787239633,0.9026797783963731,0.0,0.5307159062164277,0.986230698407148,Циклотим,Циклотим_003,True,extreme,7,0.17239282044136517
0.6948343997976979,0.6636230872358284,0.8377532842337705,0.6319257076315149,0.6972518919663876,0.5585204930056366,0.8769497815394502,0.0,0.5543118172617835,0.9895527845499064,Циклотим,Циклотим_003,False,extreme,0,0.17239282044136517
0.4619153356418214,0.48536662339449277,0.5425537893679214,0.49431070447143677,0.5419496252379964,0.5110957787037759,0.5604801372796958,0.4456579438411032,0.45236874933993154,0.5901479208482538,Циклотим,Циклотим_004,True,extreme,1,0.20688332456793018
0.4737790302100141,0.444333471961052,0.5391928684315801,0.5387493240734803,0.5670512253359019,0.4833837722841004,0.557768551735172,0.3764083557967105,0.4289437148931593,0.6480940645243165,Циклотим,Циклотим_004,True,extreme,2,0.20688332456793018
0.4621680302909307,0.47952332709697315,0.5280729029346041,0.5503394959174666,0.554245750171185,0.49247467586569893,0.7800407898301199,0.21496146928994692,0.44071931900665295,0.9035306787423312,Циклотим,Циклотим_004,True,extreme,3,0.20688332456793018
0.5676526249326352,0.49932514095089015,0.5262333008388529,0.49684175807838266,0.611676403205038,0.5268127840733953,0.9129164632490564,0.09039923302495498,0.4303232938524797,1.0,Циклотим,Циклотим_004,True,extreme,4,0.20688332456793018
0.6830354936030663,0.674978418043789,0.6284761268005553,0.49309564529294486,0.6275403588707295,0.6342724812608179,0.8188587447325131,0.1146285062810653,0.46308831809168916,1.0,Циклотим,Циклотим_004,True,extreme,5,0.20688332456793018
0.6476431302326227,0.6477659939233494,0.5707612687013285,0.5496147598934628,0.6762135908523118,0.6060848874434753,1.0,0.10911871340923764,0.4798376740995434,0.9420529430309865,Циклотим,Циклотим_004,True,extreme,6,0.20688332456793018
0.7134275066361182,0.654351323123895,0.7271396079444141,0.6374342799917454,0.674887960587718,0.6173760248850104,0.8658215368806943,0.08630892688004922,0.5143253760651233,0.9411311942893724,Циклотим,Циклотим_004,True,extreme,7,0.20688332456793018
0.7134044176761887,0.6615498993404666,0.7233786966059271,0.6407395455509152,0.6770546374866718,0.6295808689001242,0.8379054042232009,0.08546980187151712,0.5137628864867674,0.9287470758735997,Циклотим,Циклотим_004,False,extreme,0,0.20688332456793018
0.5037235765679391,0.47231892922779795,0.5080496671870333,0.5314677076173469,0.5010498274776737,0.4725483212105924,0.5473478855250224,0.41746452790804534,0.5074607771273036,0.5790865989028761,Циклотим,Циклотим_005,True,extreme,1,0.20018263044002213
0.4698531541913002,0.4763344478934103,0.48362251320220295,0.6065856400448192,0.4908260393557527,0.4547269126679016,0.5351056398073624,0.4005454478177434,0.5338553399194432,0.7296845650465357,Циклотим,Циклотим_005,True,extreme,2,0.20018263044002213
0.5232771956420589,0.46868731721048024,0.5699272185799971,0.5940598377891227,0.5057332074439526,0.4425742739829387,0.7064278721219579,0.16393320328450356,0.510378094611258,0.9673759774065303,Циклотим,Циклотим_005,True,extreme,3,0.20018263044002213
0.6157633433130492,0.4555043222122556,0.6100115698404334,0.5015246296660893,0.5760257077332703,0.436462872862971,0.8395963998479213,0.0,0.5359303554471785,1.0,Циклотим,Циклотим_005,True,extreme,4,0.20018263044002213
0.6152955568146993,0.7199811945455667,0.6390594511015013,0.4828750523844663,0.606088010907055,0.6187005192780127,0.8282436200978942,0.0,0.5677544748108736,1.0,Циклотим,Циклотим_005,True,extreme,5,0.20018263044002213
0.539962413945325,0.7953473396614902,0.6535016665592722,0.5725315321566014,0.6626548449604207,0.6039045401488947,0.9517087332408473,0.0,0.5774942140114918,1.0,Циклотим,Циклотим_005,True,extreme,6,0.20018263044002213
0.6533977894420347,0.8122348554844319,0.817549751741358,0.609111944175515,0.707252521283097,0.6009124614435931,0.8409212216281264,0.0077687566427117015,0.5893840322038757,0.9658930504191098,Циклотим,Циклотим_005,True,extreme,7,0.20018263044002213
0.6442723149057145,0.7925015226291241,0.7943214604908018,0.6373669858304207,0.6854104842672095,0.5877438009110307,0.8346073178122051,0.0,0.5928115198244086,0.9558235950440035,Циклотим,Циклотим_005,False,extreme,0,0.20018263044002213
0.4990950003661553,0.5020196526257811,0.5145157958951174,0.458460130885196,0.5312503658181991,0.5204534516449921,0.4972736212757764,0.43962138696476805,0.4885281211084593,0.5583610222601232,Циклотим,Циклотим_006,True,extreme,1,0.2740217117739164
0.5136356644758213,0.5319723075442805,0.485555669004478,0.4672456086836836,0.5241879870113662,0.5047810713426828,0.4684445998164609,0.38247892465927236,0.4735087717618493,0.7284909096321512,Циклотим,Циклотим_006,True,extreme,2,0.2740217117739164
0.6017006390783447,0.5387370884882459,0.5970821470599013,0.45958205094675325,0.5276102028902702,0.5256837838014191,0.6013861207911682,0.1450701792401674,0.4505763532575747,0.9231613271606209,Циклотим,Циклотим_006,True,extreme,3,0.2740217117739164
0.6495927247875398,0.5426505651495912,0.5501774227260369,0.5085355521851818,0.5298560616549033,0.543500585070365,0.7325451664665866,0.08803993754613725,0.539092474979338,0.9905775627067428,Циклотим,Циклотим_006,True,extreme,4,0.2740217117739164
0.656720287016394,0.7262522688897471,0.5315668385938394,0.5119670980742728,0.5537681418134598,0.5932659339894283,0.8400543195875021,0.061375698081568994,0.5456438278640893,1.0,Циклотим,Циклотим_006,True,extreme,5,0.2740217117739164
0.7639314138879583,0.7339358092923883,0.5618244508368402,0.5753128597982344,0.6324878884978115,0.6115332218824182,0.8973752227593785,0.05720040414981313,0.5138985960311804,0.9541139202161859,Циклотим,Циклотим_006,True,extreme,6,0.2740217117739164
0.7970613312994852,0.7339321729149991,0.638984509192894,0.6542443935872743,0.6296698635731319,0.6169153986918932,0.9116681924854877,0.012147003767969084,0.5184473615635885,0.9825790345796054,Циклотим,Циклотим_006,True,extreme,7,0.2740217117739164
0.8055454689063593,0.7286245176871126,0.6196318547518622,0.6358246492399158,0.649975591999818,0.6343331907033638,0.9217122357098912,0.040521481144733404,0.4897194865652386,0.998675463207468,Циклотим,Циклотим_006,False,extreme,0,0.2740217117739164
0.4906461912759632,0.4753790591581102,0.5463819291671379,0.48878586352294356,0.5120817233432536,0.49550166768125653,0.5589436544641737,0.43532847213449666,0.48040828451549145,0.5884258337007797,Циклотим,Циклотим_007,True,extreme,1,0.21477149493997197
0.48672573039055406,0.5548798888272456,0.5022480971671077,0.47062715372212005,0.5185586092839949,0.5127892368192922,0.579623779785865,0.3931405078507616,0.48990349703029024,0.8056955485242103,Циклотим,Циклотим_007,True,extreme,2,0.21477149493997197
0.5602473879810173,0.5495455577106302,0.576449169507683,0.44011690258848707,0.47881676259232164,0.5253018466317151,0.7093713412173562,0.14718428748716295,0.5291861888173477,1.0,Циклотим,Циклотим_007,True,extreme,3,0.21477149493997197
0.5938705270622525,0.5903916516267416,0.558856859015801,0.5530662035879708,0.49628731399775294,0.5126330599688489,0.8567382014458129,0.06356668766591897,0.5383295483848098,0.9899054360167879,Циклотим,Циклотим_007,True,extreme,4,0.21477149493997197
0.6491133926784277,0.6634330373985253,0.6364597476775483,0.6485128981454112,0.5232106801287185,0.6521579426248464,0.7600781489227366,0.13304958336282732,0.5263650891798026,0.9512114785380185,Циклотим,Циклотим_007,True,extreme,5,0.21477149493997197
0.5778811561701596,0.7312177471154221,0.654512115383806,0.7095887569491457,0.5507971723846143,0.6692849978628216,0.8996183338104619,0.07110904413974942,0.563877213279359,0.9941473194349597,Циклотим,Циклотим_007,True,extreme,6,0.21477149493997197
0.6233742021213875,0.7292603076647878,0.7613329758808349,0.774250094919108,0.6411825789225332,0.6678762226355237,0.9029639519559357,0.016704209782106183,0.5520965657563917,0.9733305080726173,Циклотим,Циклотим_007,True,extreme,7,0.21477149493997197
0.6430413905881549,0.7378271496943878,0.7513469127726049,0.7718957778656387,0.6599478996432608,0.6502767898722261,0.9072079701087976,0.0,0.551575270422968,0.9849483849688268,Циклотим,Циклотим_007,False,extreme,0,0.21477149493997197
0.5192606198000665,0.5115844317507124,0.48991642863613116,0.46754868592899823,0.49640236181299197,0.5246038629974613,0.5294584581693987,0.43589505914511567,0.4907023170342403,0.5625303263157774,Циклотим,Циклотим_008,True,extreme,1,0.17602518471406955
0.5418073254718864,0.5597024375722893,0.5152099703159225,0.4379582422160519,0.48911387743823437,0.5028658480165749,0.5227956901640609,0.3926943086141697,0.4858172168138861,0.6976413241022029,Циклотим,Циклотим_008,True,extreme,2,0.17602518471406955
0.5216567814238715,0.5364043618553511,0.6224246245814832,0.4338244880261976,0.5564244928749217,0.5052037070665444,0.6607731990960747,0.23746278048974312,0.5341926992862184,0.8314863700995838,Циклотим,Циклотим_008,True,extreme,3,0.17602518471406955
0.6243622099132722,0.5312357324245217,0.6413167767555874,0.4713877863801324,0.5018572982310088,0.4832024748037687,0.7804890375708309,0.09637384780370598,0.5355367213863682,0.9893260218288029,Циклотим,Циклотим_008,True,extreme,4,0.17602518471406955
0.6266792834610974,0.6287627927622831,0.6289847615921238,0.44121519081509236,0.5936855003950933,0.5048723256643948,0.8349777283588091,0.08043380253057199,0.5562358888440591,1.0,Циклотим,Циклотим_008,True,extreme,5,0.17602518471406955
0.5464730770993225,0.666655344040343,0.6681744057643548,0.535637228214137,0.6416987014783428,0.519792825297011,0.959325777578526,0.027926244769751724,0.5892737030804036,1.0,Циклотим,Циклотим_008,True,extreme,6,0.17602518471406955
0.569934618984152,0.6773785882638494,0.6571764095161612,0.6137965542492,0.6701847139676987,0.5153943672768975,1.0,0.040363784194030077,0.5854081212026436,1.0,Циклотим,Циклотим_008,True,extreme,7,0.17602518471406955
0.5769909678269056,0.6811454511583824,0.6377312389552063,0.6145410098860623,0.6486675245189721,0.5117513453212629,1.0,0.010625119410964341,0.5696966597803735,0.9853939277262458,Циклотим,Циклотим_008,False,extreme,0,0.17602518471406955
0.5350607417603894,0.500575914192263,0.48486734550502325,0.5050069970841106,0.4646152784432744,0.5207430067836281,0.5501426329712124,0.43217017041382955,0.49836690438145764,0.5491844815224675,Циклотим,Циклотим_009,True,extreme,1,0.20629597906973132
0.5244714958798247,0.5019951532614254,0.4978121323392448,0.5242853950064816,0.4564699591866521,0.5111623042168161,0.5545386143992852,0.40209767555775944,0.5151759388224917,0.7400579418696746,Циклотим,Циклотим_009,True,extreme,2,0.20629597906973132
0.5769135549692462,0.5158682965625643,0.6024818966437734,0.5443837086561117,0.4803135519871323,0.4951130076040534,0.6547130478337817,0.17499945738483808,0.5137332623166793,0.9516943937573468,Циклотим,Циклотим_009,True,extreme,3,0.20629597906973132
0.5699863429934324,0.5171486105629365,0.5346593575240209,0.5890933103660231,0.5751049859163841,0.4711520161603699,0.7960645657546372,0.10202890658129296,0.5535207994718979,1.0,Циклотим,Циклотим_009,True,extreme,4,0.20629597906973132
0.6394042427008946,0.5491816633297061,0.5606137189960031,0.6004656707028002,0.6050658193857239,0.5510004956404069,0.7762039630893589,0.14730664861723658,0.5593168280460742,1.0,Циклотим,Циклотим_009,True,extreme,5,0.20629597906973132
0.5707298231185044,0.5957118894973075,0.5501182825021783,0.6939405850517691,0.6280744540303318,0.5542448323841411,0.8943401840109251,0.07422124027566605,0.5712792998171589,1.0,Циклотим,Циклотим_009,True,extreme,6,0.20629597906973132
0.6882458914144653,0.6120934857157577,0.628467177302612,0.6722467727670768,0.6822471521891883,0.5314853993356269,0.9081069236248223,0.07261899165323867,0.5399113165858757,0.9651847810613102,Циклотим,Циклотим_009,True,extreme,7,0.20629597906973132
0.6600357593554733,0.6097419278550158,0.6491016585785016,0.6993025815601249,0.6637683542453524,0.5428886662750412,0.9349772738505884,0.09971085850372877,0.559730423251699,0.9776441093477979,Циклотим,Циклотим_009,False,extreme,0,0.20629597906973132
0.49084674191828664,0.5227900819895318,0.49788347887096496,0.5196458266158221,0.4873998096327044,0.5343666197528206,0.5376955257795231,0.45485935210214196,0.49045204284520094,0.5491230341218103,Циклотим,Циклотим_010,True,extreme,1,0.1769873650248591
0.5303666300179691,0.5539823922721568,0.5098452591395248,0.5315739804289552,0.5253152300502089,0.5505502473767789,0.5321970925878381,0.4055211962925705,0.49432730233657746,0.7049712532873396,Циклотим,Циклотим_010,True,extreme,2,0.1769873650248591
0.5311971607215954,0.5501926826161037,0.6061950292406486,0.5587582948653194,0.6395453078387577,0.5367987064633347,0.6596899295522344,0.26937305689525737,0.5335786192641911,0.8491813056212549,Циклотим,Циклотим_010,True,extreme,3,0.1769873650248591
0.6272302568511041,0.6291138100871447,0.5442137780303237,0.5243665083288009,0.5922116118718631,0.6002064390860545,0.7802454983565308,0.12190729266115038,0.618031231969542,0.9880326241296448,Циклотим,Циклотим_010,True,extreme,4,0.1769873650248591
0.6584000859366599,0.6904102814088546,0.5354801224616261,0.5166299499122031,0.7428722781900369,0.5628124176294655,0.8653774573469504,0.11401363550456287,0.5931262551520908,1.0,Циклотим,Циклотим_010,True,extreme,5,0.1769873650248591
0.5914462037085227,0.73785304683744,0.5153403478268408,0.4969143616260969,0.640774644105374,0.6888753149586089,0.9911817961562033,0.018051294029869727,0.5739052642639899,1.0,Циклотим,Циклотим_010,True,extreme,6,0.1769873650248591
0.6621537460618977,0.7172289144362085,0.6767801004980352,0.5870577857707384,0.660991827824276,0.6915377445715707,0.8399406337422162,0.0,0.6018110200607052,0.9779893183506345,Циклотим,Циклотим_010,True,extreme,7,0.1769873650248591
0.6566055761432819,0.7235346575732005,0.6624978113782203,0.5879866026331253,0.644148834593419,0.692095055799391,0.8220107999705822,0.02061039030831193,0.6203977954023889,1.0,Циклотим,Циклотим_010,False,extreme,0,0.1769873650248591
0.5048827831268937,0.49475790941790543,0.529992494378436,0.4950066164091116,0.48954537121686953,0.5178595591658861,0.5507953108529278,0.4282871848618802,0.5323618276740191,0.5548896988813433,Циклотим,Циклотим_011,True,extreme,1,0.2537819195535891
0.5360298975530915,0.5050816605157518,0.5265477498359646,0.5843911940667755,0.463801766811663,0.5132818707287218,0.5290046882745777,0.408213622803511,0.5356040838340366,0.721984535150612,Циклотим,Циклотим_011,True,extreme,2,0.2537819195535891
0.5391671396799714,0.5190056713469459,0.6646308354829864,0.575541527623782,0.5337465091403572,0.5373311948683057,0.663733869437633,0.22270592491964175,0.5793867586557677,0.8796233394011798,Циклотим,Циклотим_011,True,extreme,3,0.2537819195535891
0.665142622306293,0.5743712313600038,0.6616787333089711,0.5863166494518989,0.5274344218174424,0.5736706618736688,0.665956757198779,0.12096465416032308,0.5932169923024646,1.0,Циклотим,Циклотим_011,True,extreme,4,0.2537819195535891
0.6329923272465368,0.7290354261061247,0.6020057272907069,0.6093310407726432,0.6554607836189292,0.6054501110450115,0.6481945932653421,0.16491722385395213,0.6324001691834226,1.0,Циклотим,Циклотим_011,True,extreme,5,0.2537819195535891
0.6688066582495005,0.7563685237151495,0.5880314085213176,0.5948678292760234,0.6446896883278009,0.6462501148947508,0.7127958689696186,0.17552959285204778,0.6369715900862555,1.0,Циклотим,Циклотим_011,True,extreme,6,0.2537819195535891
0.7204338905622883,0.7481797044142038,0.583497866826711,0.5870645920632731,0.681168799436119,0.6296500889363567,0.8618178532169406,0.10874570206565237,0.6471023386589791,0.9633895477492892,Циклотим,Циклотим_011,True,extreme,7,0.2537819195535891
0.7173601302022892,0.7258375392520048,0.5712575711962509,0.5951708529685003,0.6805037624542457,0.6556212114588995,0.8528666915698603,0.08128805768695395,0.6604155244598487,0.9851572792547179,Циклотим,Циклотим_011,False,extreme,0,0.2537819195535891
0.5040670579862951,0.5181175892543196,0.5166862411429899,0.47834128452701574,0.5140009174741371,0.4876996144670102,0.520276111813462,0.45856649880799794,0.4956543321976711,0.5812515616242543,Циклотим,Циклотим_012,True,extreme,1,0.24679338601814801
0.4800188535355715,0.580178243505088,0.5057275014835695,0.4763029791633218,0.5255567492489903,0.49288433248686314,0.5296979391107993,0.3686651917386585,0.5275013110298251,0.7616126612448448,Циклотим,Циклотим_012,True,extreme,2,0.24679338601814801
0.5338992478262649,0.6909073450625896,0.5799122319395158,0.42569945419187843,0.5725203059473445,0.49699837713726414,0.636882586180142,0.23099511414026516,0.5009573440779854,0.8047548655112869,Циклотим,Циклотим_012,True,extreme,3,0.24679338601814801
0.6185243734590992,0.6679734691059314,0.6332193494797538,0.5227867737240477,0.5496658237072933,0.4910812288806039,0.7492330571078284,0.10975652002997437,0.4869857005126928,1.0,Циклотим,Циклотим_012,True,extreme,4,0.24679338601814801
0.5682880173941738,0.6898737307993529,0.6307636627317549,0.5830294528320258,0.6253651569978738,0.5493595681085952,0.8250112433136501,0.13833120173595514,0.4699275787015068,1.0,Циклотим,Циклотим_012,True,extreme,5,0.24679338601814801
0.47019218094070303,0.756459272996196,0.6279130269964343,0.5922907363248164,0.5538614693366102,0.6344849005229802,0.9870165924485134,0.03862936405642403,0.453500297580786,1.0,Циклотим,Циклотим_012,True,extreme,6,0.24679338601814801
0.5997892550613881,0.7751721293926889,0.6824081196655308,0.6074401635713134,0.6291425223664646,0.6300066269519862,0.9935481089856554,0.0515344407493258,0.4519626965243655,0.9888555656411018,Циклотим,Циклотим_012,True,extreme,7,0.24679338601814801
0.6032000102344744,0.7907847034090467,0.7016134498044633,0.6222792042885863,0.631818403206517,0.608662434584975,1.0,0.06698707991084887,0.4312834981693899,0.9853955203564831,Циклотим,Циклотим_012,False,extreme,0,0.24679338601814801
0.49079863949128805,0.48152565434068884,0.5148403751071168,0.5149814133363494,0.5547554337698373,0.5058286369146796,0.5601932358733559,0.4806956630021833,0.5031058261504477,0.5557285097963274,Циклотим,Циклотим_013,True,extreme,1,0.3441125757587027
0.5080677881419624,0.5510342660676801,0.49789954748421983,0.53463049038806,0.542368977579056,0.5257272096047324,0.572499223073702,0.4311924888616537,0.4887070367468792,0.6956680888533134,Циклотим,Циклотим_013,True,extreme,2,0.3441125757587027
0.4488434566834382,0.5773466882190225,0.4655122011897296,0.5168242445009255,0.616548455100917,0.49814206194670424,0.7198125410183108,0.3350178817426902,0.5485112394589744,0.8818584274685692,Циклотим,Циклотим_013,True,extreme,3,0.3441125757587027
0.5300162254156406,0.6308298967891318,0.42081487153633285,0.5335935144743449,0.5932731476164307,0.5236768435116962,0.8228096721651941,0.24316044519546295,0.5851902879368156,1.0,Циклотим,Циклотим_013,True,extreme,4,0.3441125757587027
0.5928942271073872,0.6945337881167921,0.48163100346801996,0.5896846461658903,0.7858982886529838,0.5884370732616702,0.723544788034292,0.28232261586183266,0.5498280027598327,1.0,Циклотим,Циклотим_013,True,extreme,5,0.3441125757587027
0.5266256969254873,0.7342313064363628,0.46576503796673235,0.6773231585752983,0.8300717980447547,0.5532549057688149,0.8670959314536522,0.2105602697764417,0.5603324930982425,1.0,Циклотим,Циклотим_013,True,extreme,6,0.3441125757587027
0.7159264416214299,0.7653373700445403,0.5558181246254686,0.6457287460740758,0.8280511853933338,0.5330972672326086,0.912099988715958,0.1275650733209991,0.5822745617263099,0.9853861408217857,Циклотим,Циклотим_013,True,extreme,7,0.3441125757587027
0.7368143159403308,0.7383768763799803,0.5677939100687845,0.6424442761901628,0.8502120869597471,0.5507796690858388,0.9180717338062727,0.12858781974072395,0.5762863461697704,1.0,Циклотим,Циклотим_013,False,extreme,0,0.3441125757587027
0.5458006168748178,0.5290912525500908,0.5535185724544666,0.4981174897892559,0.48935628080711385,0.5226168519178767,0.4877331406971493,0.4530486904441092,0.5165607713903121,0.5312910896634305,Циклотим,Циклотим_014,True,extreme,1,0.18255610419833965
0.5476124844281193,0.5218364825484085,0.5473457253207688,0.49463931212510637,0.4819677910460244,0.5208152087535326,0.5029944413475311,0.40826109074937933,0.509473703975277,0.6335583881512892,Циклотим,Циклотим_014,True,extreme,2,0.18255610419833965
0.5876261523879419,0.5045249177070686,0.636610235228449,0.5057260205371881,0.4896391656458058,0.5367237333734782,0.6489239575310964,0.13981432337653044,0.49674692131393305,0.8056655439020015,Циклотим,Циклотим_014,True,extreme,3,0.18255610419833965
0.5939530494071048,0.5439823318589405,0.6314231411034911,0.5530885234461206,0.5525879354607626,0.5379186749435034,0.7047853571378279,0.10002923166543518,0.5709574386590954,0.9918825182075454,Циклотим,Циклотим_014,True,extreme,4,0.18255610419833965
0.6180153612981598,0.6390381897284362,0.6148544026574713,0.5548997755218313,0.693591863499465,0.5627832156526755,0.7500977872517373,0.13348344567504888,0.5433885134117685,1.0,Циклотим,Циклотим_014,True,extreme,5,0.18255610419833965
0.6966928598311277,0.634038102311946,0.6615778682185063,0.5817607532985407,0.6088332606742608,0.663598643880265,0.8210683615795475,0.14072181900107447,0.566462868725424,0.9670528378486234,Циклотим,Циклотим_014,True,extreme,6,0.18255610419833965
0.6233279586695297,0.6403215730647421,0.6280278843387483,0.6768137279542505,0.6363428961314517,0.6941808074463852,0.8651830473730167,0.08351081486230706,0.5762743611668237,0.9697892061022096,Циклотим,Циклотим_014,True,extreme,7,0.18255610419833965
0.6419847851397044,0.6460740791048183,0.6533682998182693,0.7059314855559445,0.6589846264526873,0.6925814121480092,0.8876143891523623,0.0597809304429486,0.6019521836366467,0.9750954732872804,Циклотим,Циклотим_014,False,extreme,0,0.18255610419833965
0.5130713644194386,0.5147470077671201,0.5165933873023117,0.5350052462212929,0.5280302672799182,0.5047048583581861,0.5479390276616747,0.48003167742669867,0.47792404161281166,0.5700075367911477,Циклотим,Циклотим_015,True,extreme,1,0.3894120562612378
0.5365150171394156,0.4961512966255771,0.5157219317797227,0.5972848238041903,0.5035970009553498,0.5087479868670771,0.5465435513606786,0.4237342709894334,0.48101671624136455,0.7253607752858179,Циклотим,Циклотим_015,True,extreme,2,0.3894120562612378
0.506683503526699,0.5907449629704357,0.5691172864149928,0.6032856257180209,0.6278808346333519,0.5328043925895606,0.5830065968487955,0.3745463663447026,0.533145994920709,0.7323401442203286,Циклотим,Циклотим_015,True,extreme,3,0.3894120562612378
0.6154643516405023,0.6207140327866142,0.5840432205224946,0.6516132112046173,0.5973187463399845,0.5481781769259847,0.7077440202909241,0.2840637658151232,0.5242655419271299,0.934826462708311,Циклотим,Циклотим_015,True,extreme,4,0.3894120562612378
0.6693775422589315,0.8150112387772575,0.5672116348751964,0.6476469578564985,0.6089629016892548,0.5976729334267218,0.7905941546888491,0.3540322446997578,0.5183412335517033,0.9910130254368525,Циклотим,Циклотим_015,True,extreme,5,0.3894120562612378
0.5769391495030189,0.7798661063882306,0.5123993483915816,0.6779459447854825,0.6342570285759971,0.5790149061442986,1.0,0.35008665923416693,0.5192488562047194,0.9081381925793964,Циклотим,Циклотим_015,True,extreme,6,0.3894120562612378
0.7689096942149003,0.7861509217168637,0.676472931436645,0.6738417912924644,0.6470699146996741,0.5921887970623485,0.8825228073430889,0.28872480248525273,0.5326045946594947,0.986988198590517,Циклотим,Циклотим_015,True,extreme,7,0.3894120562612378
0.764465401028564,0.787810004509154,0.6926051310717329,0.686685228368239,0.6613659534712285,0.5772451944603749,0.8693506835025392,0.29121809531534487,0.5187311162931669,0.9878272133909829,Циклотим,Циклотим_015,False,extreme,0,0.3894120562612378
0.5194110323216417,0.5108091135660434,0.5149018657627235,0.46105519580145715,0.4930833608058544,0.5039081151916222,0.5399090673154667,0.4294109070389072,0.5133741790401573,0.5754305913787836,Циклотим,Циклотим_016,True,extreme,1,0.25580544311145476
0.5311131965377268,0.547843284387305,0.541121158979879,0.4530090550346203,0.49540644546731866,0.46628845627346194,0.5483295953222099,0.390799501726146,0.49030305644467675,0.7513716763830749,Циклотим,Циклотим_016,True,extreme,2,0.25580544311145476
0.5819661416608062,0.5619051382961464,0.6266173098612349,0.4490042640932502,0.5234288738799128,0.4331963045201754,0.7256231688079344,0.16197483773990612,0.48809147406216724,0.9430008954868194,Циклотим,Циклотим_016,True,extreme,3,0.25580544311145476
0.5744081026366548,0.6518558004129572,0.6220627157907131,0.4912008897233236,0.617043961905282,0.46690087158556387,0.7632257136815009,0.08130385678196642,0.5239744268214984,1.0,Циклотим,Циклотим_016,True,extreme,4,0.25580544311145476
0.5952871292832451,0.7953743788377359,0.6335702228679535,0.5494186163437472,0.6612658476472942,0.5632128513915665,0.8302537845761049,0.08764415771379319,0.48017598593360933,1.0,Циклотим,Циклотим_016,True,extreme,5,0.25580544311145476
0.5117769734149231,0.8364818055548666,0.622042531943879,0.5652810376731868,0.5773909186533474,0.6591171977209752,1.0,0.012268525319807516,0.45465965054064195,1.0,Циклотим,Циклотим_016,True,extreme,6,0.25580544311145476
0.610449859608932,0.8204444041596378,0.8203785011407556,0.6017669516999651,0.6500823040101776,0.6454129499565805,0.9185360362412872,0.0,0.48073455971354423,0.9489102993928342,Циклотим,Циклотим_016,True,extreme,7,0.25580544311145476
0.6349828594892907,0.8169103755248218,0.8321193898653482,0.6257987087131884,0.6384551852324907,0.6583388836090753,0.9186040654373933,0.0008794872131246134,0.4621288702687305,0.9197289810419901,Циклотим,Циклотим_016,False,extreme,0,0.25580544311145476
0.5163022148709551,0.5558108014078622,0.4951582425575895,0.47323646832527744,0.49043540920933537,0.5035817612533744,0.5217548051017282,0.4457754199017386,0.5421402188898214,0.5790125111706564,Циклотим,Циклотим_017,True,extreme,1,0.23646247645805699
0.5340201958077879,0.5670979160194715,0.4706638559955865,0.5445077516246115,0.48279239080325387,0.526443526718934,0.5150513739258139,0.4276644474320931,0.5704472297404576,0.7437254726484072,Циклотим,Циклотим_017,True,extreme,2,0.23646247645805699
0.6020212800480803,0.581345149796964,0.5531912701514206,0.5693036243584397,0.5136944301420878,0.5422119851742441,0.668609508138751,0.16442640205382755,0.5462164751236122,0.9555026746517055,Циклотим,Циклотим_017,True,extreme,3,0.23646247645805699
0.5803992396507525,0.5827271117624321,0.5427386043788417,0.6495851185199936,0.560629780871228,0.5258563181791832,0.8171948341795,0.09846538543011873,0.5557084189038257,1.0,Циклотим,Циклотим_017,True,extreme,4,0.23646247645805699
0.5683238829651464,0.6791040755030607,0.5349127827418344,0.6722818939952198,0.646847567930489,0.5926990289388071,0.8640175438312304,0.1288431523095491,0.5781472167287072,1.0,Циклотим,Циклотим_017,True,extreme,5,0.23646247645805699
0.6548739080831107,0.759606841236871,0.6553154638082694,0.6549545793061213,0.5821375344957092,0.7120947572696684,0.865067859647319,0.10909158397194275,0.5951786158705903,1.0,Циклотим,Циклотим_017,True,extreme,6,0.23646247645805699
0.5871665730163318,0.7625447589941083,0.6595320172747319,0.7341809472778359,0.6559701519579706,0.7388044334461173,0.9478593485385058,0.05920050149902131,0.5825278724530504,0.9729528981106345,Циклотим,Циклотим_017,True,extreme,7,0.23646247645805699
0.5895351379549619,0.7655244588775684,0.6444683628342183,0.7084009184828752,0.6318729502305149,0.7343602314184239,0.9189785388189927,0.0708063812337508,0.5784942603494291,0.9994042930972414,Циклотим,Циклотим_017,False,extreme,0,0.23646247645805699
0.530729000083017,0.46224064771419476,0.526499870590498,0.4971903747723697,0.5298290989736134,0.49274109992646475,0.5471021340404836,0.3814706773123434,0.48974202847352477,0.5840493912804541,Циклотим,Циклотим_018,True,extreme,1,0.34782739145338454
0.5364386081376665,0.5171191730525979,0.5284757507667819,0.48979217209593756,0.5301557093892452,0.4726614280557498,0.5472919699589066,0.34496245946224097,0.4655042620961375,0.7483259649207352,Циклотим,Циклотим_018,True,extreme,2,0.34782739145338454
0.5953581814915077,0.6300539040284395,0.6002943528396997,0.46372809480215116,0.50133152506218,0.4794187053351476,0.6582766581964276,0.20454315209388735,0.46791885957513124,0.8499102616921755,Циклотим,Циклотим_018,True,extreme,3,0.34782739145338454
0.6961304779644297,0.6314755369996032,0.5865130329847378,0.4220948825400467,0.5831302117018311,0.4661767718614122,0.7638267926960745,0.04270332725752794,0.4712446858622294,1.0,Циклотим,Циклотим_018,True,extreme,4,0.34782739145338454
0.6765578671147475,0.7074265426438671,0.5820054347568909,0.491197272492554,0.6956618494968069,0.515168565530056,0.8111835368895651,0.02609877396138274,0.4792125441187369,1.0,Циклотим,Циклотим_018,True,extreme,5,0.34782739145338454
0.6026487193773993,0.7532689291433068,0.5605336906644618,0.4597274794152082,0.6480830141027882,0.6069667117321711,1.0,0.0,0.5019979032868209,1.0,Циклотим,Циклотим_018,True,extreme,6,0.34782739145338454
0.8079385538990287,0.7723279503631093,0.7163359416903222,0.4598532567160243,0.6623705352569949,0.5789049466689355,0.863146484870973,0.013172072459477317,0.46095256831619824,0.995847886925578,Циклотим,Циклотим_018,True,extreme,7,0.34782739145338454
0.8258745802920361,0.7959022819100188,0.7131942013362333,0.4653514399317428,0.6404276152613443,0.5637614641065323,0.8589849239245354,0.0023297150696612104,0.4310745800004485,1.0,Циклотим,Циклотим_018,False,extreme,0,0.34782739145338454
0.475569697211495,0.47928491095241965,0.5209404272466228,0.5089225286027208,0.466075655707152,0.5099484706487514,0.5814178351551753,0.4419144854859241,0.5162588628978295,0.5920350127848489,Циклотим,Циклотим_019,True,extreme,1,0.29547474907983906
0.4982214534180756,0.48719799150060455,0.5087551922725533,0.5330221218787156,0.4964608037885867,0.5012543172989588,0.5404824458183539,0.38803070852075183,0.5075138228472428,0.8010036771393283,Циклотим,Циклотим_019,True,extreme,2,0.29547474907983906
0.5470027433082405,0.5681972211466666,0.5745835243907235,0.5384882077048233,0.5365115031392081,0.456980121707778,0.6838437984922298,0.25425228580107984,0.4662557207133969,0.8958368692682899,Циклотим,Циклотим_019,True,extreme,3,0.29547474907983906
0.6848738858116921,0.5442221895394689,0.5432848371971943,0.47829185711620337,0.5517040892080566,0.4376736880489975,0.8471280962739041,0.14473188902075676,0.527268463284506,1.0,Циклотим,Циклотим_019,True,extreme,4,0.29547474907983906
0.7114023612813037,0.6404657717449247,0.5450541635586951,0.5236189760479215,0.6083429321851961,0.5156948425324326,0.8449237718554533,0.2514096734847747,0.48348016576110475,0.9841951809374148,Циклотим,Циклотим_019,True,extreme,5,0.29547474907983906
0.682304713902522,0.685020032164773,0.5350417885906446,0.5743440389262469,0.6709079274833037,0.48872049723200345,0.9905134590655791,0.18573767158343296,0.518304899835789,1.0,Циклотим,Циклотим_019,True,extreme,6,0.29547474907983906
0.7149740212112526,0.6463619443616594,0.6416254469049628,0.6341757152190531,0.7426189226674077,0.4999280756466511,0.9569511682068887,0.13655253029489578,0.4974186586675876,0.9614339636473151,Циклотим,Циклотим_019,True,extreme,7,0.29547474907983906
0.7339925313116764,0.6643430704849242,0.6199135074768721,0.6608535888769502,0.7161594811741806,0.505943178114173,0.9619881696508921,0.13943232839280706,0.4991051741558666,0.9347769943974804,Циклотим,Циклотим_019,False,extreme,0,0.29547474907983906
0.4962922644478399,0.544257282136955,0.5158321403872427,0.5299521699208403,0.45015485630540314,0.5685253109040892,0.5151818037630962,0.45581136831878294,0.5324286965942142,0.5036789790672604,Циклотим,Циклотим_020,True,extreme,1,0.27217655250210093
0.5183921622538642,0.6161262689743766,0.5189820161043406,0.4958126963335475,0.4695858853883498,0.5449823191737434,0.484097286761741,0.38973499961113117,0.5582578581442602,0.6742798232279726,Циклотим,Циклотим_020,True,extreme,2,0.27217655250210093
0.5722003465377449,0.7030190402542396,0.5367962398597816,0.49837233913377404,0.4633477992712901,0.5151970627529731,0.6120215521876733,0.2530795733686621,0.5484973870093268,0.7136916449288614,Циклотим,Циклотим_020,True,extreme,3,0.27217655250210093
0.7325902049961975,0.7203860753215027,0.5556911407380556,0.45448891207500597,0.5138403780696854,0.5516454115071817,0.7197496929175026,0.10648643210745799,0.5440466576466756,0.9436588224295285,Циклотим,Циклотим_020,True,extreme,4,0.27217655250210093
0.7097910248666454,0.7689394666484087,0.5844100274560153,0.4961522074251666,0.7162267283291331,0.5495817852525399,0.7175456901222489,0.10702814675875877,0.5429722870293587,1.0,Циклотим,Циклотим_020,True,extreme,5,0.27217655250210093
0.6333037812817445,0.7874796280318358,0.580830216316264,0.5610866966250908,0.745782210058503,0.5320486775457196,0.8437892172843103,0.06389281653969951,0.5474841599594089,1.0,Циклотим,Циклотим_020,True,extreme,6,0.27217655250210093
0.6660366531685024,0.8245579903556606,0.654236123360213,0.609289216786791,0.7763041856064978,0.547731397232964,0.8297587130670852,0.03030565605934456,0.547072628307951,0.9915411490664738,Циклотим,Циклотим_020,True,extreme,7,0.27217655250210093
0.661943538261419,0.8263175533782531,0.6398380531118665,0.6101318138846429,0.765573211608271,0.5503096739214773,0.8343386682375107,0.023209677995685032,0.5558109621829614,1.0,Циклотим,Циклотим_020,False,extreme,0,0.27217655250210093
0.46553045231948864,0.5172803996825832,0.5444088593338563,0.48137814973949616,0.45643788117151324,0.48025055329390476,0.5731985036865622,0.4441002992993445,0.5226605445769845,0.5817565488968763,Циклотим,Циклотим_021,True,extreme,1,0.22044798444454933
0.4835021519528071,0.487569078004672,0.5208704528446454,0.5596788414657492,0.4819968178122299,0.4967510032800355,0.5827662880690361,0.4009921683555959,0.5215439859908999,0.7417134440953463,Циклотим,Циклотим_021,True,extreme,2,0.22044798444454933
0.5666143062502221,0.5048894569510372,0.6369870022219787,0.5744082437503579,0.4923977380226945,0.4756831306473588,0.7684014496905072,0.14768680856390098,0.5236941695134216,0.9667479281324798,Циклотим,Циклотим_021,True,extreme,3,0.22044798444454933
0.5833365333722378,0.5184146416565815,0.6473713625402939,0.6179986729198719,0.5910211184194123,0.5298150358679244,0.8454219987518431,0.06664246280316713,0.49604480056669564,1.0,Циклотим,Циклотим_021,True,extreme,4,0.22044798444454933
0.5782825963045125,0.6716102151610828,0.6594953676905934,0.6056459944249957,0.7170944640958864,0.5468507981003867,0.9012743942906754,0.06190307416779037,0.47209456166958264,1.0,Циклотим,Циклотим_021,True,extreme,5,0.22044798444454933
0.6100637023774176,0.7549225566284802,0.7903204724390402,0.588272809536498,0.6044865431894034,0.6475253043049028,0.8651222933399577,0.0,0.46913631532388694,1.0,Циклотим,Циклотим_021,True,extreme,6,0.22044798444454933
0.6634000617295218,0.7486704103662122,0.8138246845452333,0.6112867391205117,0.6591871692536309,0.6455353759202994,0.9863752102981189,0.0,0.4669572491843321,0.9698879415764191,Циклотим,Циклотим_021,True,extreme,7,0.22044798444454933
0.64875099541543,0.754255794167275,0.8360137785037296,0.6020324255582985,0.6888582902831953,0.6499640761521115,0.9943760305816743,0.003648813741318431,0.46530802854720227,0.9535710032118531,Циклотим,Циклотим_021,False,extreme,0,0.22044798444454933
0.5391210891119464,0.5103539956179057,0.49480925326789693,0.4676716201841081,0.4643868130939374,0.5571769171952705,0.540401372191204,0.4532223640880355,0.5008967142997508,0.5497525500880999,Циклотим,Циклотим_022,True,extreme,1,0.24955590837691083
0.5388053745404032,0.5560121711774144,0.5190557780020443,0.4622732573856073,0.4751625971285415,0.5515367056747082,0.5611481706455611,0.3883612569532084,0.49682078761502413,0.7074025316097488,Циклотим,Циклотим_022,True,extreme,2,0.24955590837691083
0.56757049421922,0.5399360737101693,0.6232517514679624,0.462166104928623,0.5422104046558439,0.5230074438471233,0.646506793937677,0.20197739319107,0.5423138151726101,0.831000323437043,Циклотим,Циклотим_022,True,extreme,3,0.24955590837691083
0.664222662706407,0.598370850511759,0.6174049906511331,0.4842345721195843,0.5085135429450877,0.5238044731993506,0.7491555107451076,0.06592813468246962,0.57618256138242,1.0,Циклотим,Циклотим_022,True,extreme,4,0.24955590837691083
0.6808946056719303,0.6257269030863833,0.6356895200407489,0.6012179262340591,0.5600524267446931,0.6010719024060461,0.7943550788304543,0.08496987365499994,0.5644328781967046,1.0,Циклотим,Циклотим_022,True,extreme,5,0.24955590837691083
0.6066677795449578,0.7013198381398167,0.618999692211478,0.6552758136384191,0.596757635967117,0.5819291082559869,0.953157863913872,0.0,0.5872278041105201,1.0,Циклотим,Циклотим_022,True,extreme,6,0.24955590837691083
0.7407828581587534,0.6709493312058751,0.7626014456754294,0.7551626220192942,0.5958756761221552,0.5940052826148302,0.8252836857326682,0.014720733727192983,0.6050718517904183,0.9901633442126533,Циклотим,Циклотим_022,True,extreme,7,0.24955590837691083
0.7130773652585314,0.6856256189094534,0.7371425612911066,0.7667214477237388,0.6028379030213491,0.6040981397481933,0.8042725636604791,0.01307355006128674,0.5793315217327513,0.9837900059079319,Циклотим,Циклотим_022,False,extreme,0,0.24955590837691083
0.5126319486264728,0.5128686213274269,0.5316106474292215,0.46374609662099137,0.5307191784929053,0.4766130968247144,0.5467128442189023,0.4364459505535351,0.5230898271687157,0.5838871529025911,Циклотим,Циклотим_023,True,extreme,1,0.16875595586476427
0.49366774492094856,0.6753190563214224,0.5463627105192658,0.49688952473259096,0.5013651685251119,0.534087000818084,0.5422104813159334,0.4375483857906781,0.5165624155352672,0.6617479421972016,Циклотим,Циклотим_023,True,extreme,2,0.16875595586476427
0.5086622589721979,0.667527368012471,0.5734776806288395,0.4859119383670568,0.4535358120319501,0.5364875999262682,0.7456898766874858,0.28548918301065696,0.5108634619991587,0.9181836018180151,Циклотим,Циклотим_023,True,extreme,3,0.16875595586476427
0.5508949310797674,0.6704090698633759,0.5852547608232685,0.4857778255012463,0.5948086282411096,0.5186982843098727,0.8260913974410848,0.19933558582853894,0.5187254827520689,1.0,Циклотим,Циклотим_023,True,extreme,4,0.16875595586476427
0.5058390084011348,0.7091603252396544,0.5906983576819602,0.509107306145756,0.7064895343706898,0.5821565941150035,0.8643463091069028,0.1951358548400512,0.5551389195627779,1.0,Циклотим,Циклотим_023,True,extreme,5,0.16875595586476427
0.5392718700061596,0.6988178508793331,0.6523482464873498,0.5856217328022129,0.7600839056990149,0.5839499524651454,0.8566994626862366,0.1598281261697515,0.5877716307632147,0.933495591965632,Циклотим,Циклотим_023,True,extreme,6,0.16875595586476427
0.6334106010772321,0.6941033528523279,0.7061193534186716,0.5719550311209499,0.7696166385882979,0.6057672412070112,0.9584103434546459,0.11185081605738911,0.6275401300077381,0.9877715068943775,Циклотим,Циклотим_023,True,extreme,7,0.16875595586476427
0.6048972652676551,0.6859510831901356,0.7125309476944134,0.5776456993397292,0.7728574554278504,0.6074944484641415,0.9509406520633792,0.08422727665754418,0.6563263463840622,0.9827625041325456,Циклотим,Циклотим_023,False,extreme,0,0.16875595586476427
0.5243461963779444,0.4846146500014539,0.5022298176582993,0.5052245792909527,0.5288991048702422,0.523390077362719,0.5618888352180327,0.4566413908032005,0.5015619360623271,0.552183709153335,Циклотим,Циклотим_024,True,extreme,1,0.23868702346500167
0.5384056655330405,0.5082368522325191,0.49728773229367523,0.47602904738288354,0.5077505401034262,0.5154665854826739,0.5731584056123025,0.37879218779447144,0.48977104068084615,0.6980138029100467,Циклотим,Циклотим_024,True,extreme,2,0.23868702346500167
0.5758841609738109,0.6063536694118354,0.531635864918073,0.44272434803601396,0.4957058148929731,0.5100020349733575,0.6793433757290238,0.24411371876349913,0.4557941057712408,0.7775724620920083,Циклотим,Циклотим_024,True,extreme,3,0.23868702346500167
0.4619277113990997,0.6082753182988603,0.5301688380309507,0.6386562590470507,0.4745371994379626,0.5196530752187343,0.6909918429564934,0.21239089527787128,0.5106645798301509,0.8274323908664069,Циклотим,Циклотим_024,True,extreme,4,0.23868702346500167
0.47070186026426236,0.6679911260270177,0.5118090244850702,0.5912941444561205,0.6062559722130995,0.5534308364595764,0.7508119914334428,0.2530678074670856,0.5525979775140241,1.0,Циклотим,Циклотим_024,True,extreme,5,0.23868702346500167
0.5475561366438786,0.7160850886493345,0.6264853522773463,0.6881139047894841,0.6555076334875556,0.5362413096372769,0.70608041277855,0.19527376124061296,0.5643686424585749,1.0,Циклотим,Циклотим_024,True,extreme,6,0.23868702346500167
0.6999365306754026,0.7041705945240961,0.7177454565546276,0.6216951485873737,0.6038630841868389,0.5428753346131538,0.7810082251508421,0.13401148820761277,0.5950582217273891,0.9863304465483285,Циклотим,Циклотим_024,True,extreme,7,0.23868702346500167
0.6789379337877475,0.7039791693272139,0.7112083635406794,0.6474713799462716,0.6316210695067569,0.5613551851116978,0.7898996910424065,0.14659997457831223,0.611619037817615,0.9880946509531565,Циклотим,Циклотим_024,False,extreme,0,0.23868702346500167
0.5027984008573898,0.4866529686544723,0.48477016147847374,0.530405735908203,0.49989939978957554,0.5314837436655101,0.5795488912117658,0.4678457553683759,0.4789894887534234,0.5995204622611512,Циклотим,Циклотим_025,True,extreme,1,0.3329340483886351
0.52452565742005,0.6472672863754024,0.494110157008414,0.5437437848678486,0.5096410605436457,0.5982986641958177,0.6018717181375329,0.46618058497318493,0.4772734702113645,0.6921116672143763,Циклотим,Циклотим_025,True,extreme,2,0.3329340483886351
0.5674293893476263,0.639436981471617,0.5778542710922375,0.5291180203431569,0.5277838464333965,0.6210069595440184,0.7604615695402488,0.2528032166615266,0.46822676388007917,0.8662918024327693,Циклотим,Циклотим_025,True,extreme,3,0.3329340483886351
0.6725855494152568,0.6432449416451153,0.5379128408352961,0.4625127812933487,0.5357088952172545,0.6437524504490882,0.889194511530616,0.11026227525365884,0.5236852151898687,1.0,Циклотим,Циклотим_025,True,extreme,4,0.3329340483886351
0.7161158166188912,0.6867560448285525,0.5716811669060514,0.4702668836067801,0.7694377352476558,0.583620666809015,0.9823488981702697,0.1960747678856436,0.46789198553180583,1.0,Циклотим,Циклотим_025,True,extreme,5,0.3329340483886351
0.8053543575533894,0.7294647843908042,0.6392296320359203,0.45248416872095587,0.752000617956688,0.6919094777853316,0.97571480979139,0.1355403937960904,0.46546406536288704,1.0,Циклотим,Циклотим_025,True,extreme,6,0.3329340483886351
0.7391421885863444,0.7636335478820332,0.6326813121552944,0.5644606678758903,0.8319542895566978,0.695551633879317,0.98620731026252,0.1189072566090156,0.500341723875651,0.9818963013685348,Циклотим,Циклотим_025,True,extreme,7,0.3329340483886351
0.7460907674697004,0.7605595486387171,0.6402384740231128,0.5517228709722123,0.8576454451496497,0.706196322461179,0.9562705266241448,0.10138914995920846,0.5156869627530871,0.9923551538064983,Циклотим,Циклотим_025,False,extreme,0,0.3329340483886351
0.5026111074304486,0.4946582497607692,0.535612437367316,0.5026854576567303,0.48769451143956033,0.5310118231058224,0.5721878375439705,0.4204755327178205,0.5109795055022212,0.6248274050058814,Циклотим,Циклотим_026,True,moderate_a0.6,1,0.36316666213864085
0.47525933255198505,0.5281894885676354,0.5308888319897961,0.5069935235927321,0.49589186703559607,0.5335128568162911,0.5445043453780448,0.36930629328526315,0.4947957918105268,0.7831874912664735,Циклотим,Циклотим_026,True,moderate_a0.6,2,0.36316666213864085
0.543212885066271,0.6133215447185594,0.5811907520720323,0.4794290385671664,0.4854008505737124,0.5307163340076521,0.6907907279026532,0.23088743216786592,0.5078879875710609,0.8328084838583547,Циклотим,Циклотим_026,True,moderate_a0.6,3,0.36316666213864085
0.6287134899758541,0.6091642469885535,0.5203419102373644,0.49153470778554537,0.5928771550397025,0.4443433327579003,0.7919887658790716,0.1457399144591845,0.5772295207832596,0.9371396627255258,Циклотим,Циклотим_026,True,moderate_a0.6,4,0.36316666213864085
0.6542347407849429,0.7385388951705234,0.5376240347576839,0.5463897167787702,0.6173128332635778,0.570293799894686,0.7808187757640479,0.1456381610292578,0.5856609214452543,1.0,Циклотим,Циклотим_026,True,moderate_a0.6,5,0.36316666213864085
0.7123786956342704,0.7547677866768292,0.562398791458602,0.6491343490886707,0.6642674253825472,0.5796420052670374,0.8331739172867866,0.1468399795640478,0.5865816968979848,0.9313119330867458,Циклотим,Циклотим_026,True,moderate_a0.6,6,0.36316666213864085
0.7395075022225649,0.7410088075131631,0.5759924184955123,0.7095866963500737,0.6923432979060612,0.5458838611608154,0.8306072712498904,0.1327861668052986,0.588378358909717,0.9756088111093298,Циклотим,Циклотим_026,True,moderate_a0.6,7,0.36316666213864085
0.7314839826569537,0.7144702777806369,0.5810252670375505,0.7232140630695568,0.6955370335871518,0.5276101693971306,0.8122387605558229,0.14738014562890725,0.5611392635315794,0.9938878467788472,Циклотим,Циклотим_026,False,moderate_a0.6,0,0.36316666213864085
0.4659854425473193,0.5440071633350013,0.531449793309918,0.4908295955972223,0.48994249369618637,0.553254659912658,0.5711672261409683,0.44120025188309253,0.5186417915812901,0.5479868271868419,Циклотим,Циклотим_027,True,moderate_a0.75,1,0.25881515129658944
0.4579466193362165,0.5214399719120524,0.4786305870947313,0.5538093178163008,0.47409893034117534,0.5808096143209365,0.5734528636505967,0.4410260097773513,0.470818614936396,0.606148633452513,Циклотим,Циклотим_027,True,moderate_a0.75,2,0.25881515129658944
0.5061786638503428,0.49513596523572667,0.5931718855524852,0.5503185284374699,0.4785672602054753,0.5579478475321775,0.7483900235883469,0.18027338817370464,0.4633973875500166,0.7845695505316377,Циклотим,Циклотим_027,True,moderate_a0.75,3,0.25881515129658944
0.5751697827503502,0.519545393196847,0.5931194610723293,0.5886361188565176,0.5614376380307563,0.46144407555898515,0.8518238092726372,0.11796397354120733,0.531644582124398,0.8942364126436093,Циклотим,Циклотим_027,True,moderate_a0.75,4,0.25881515129658944
0.6675035845174756,0.6385186193965313,0.6853630395149839,0.6194291479299876,0.6667766120103098,0.5040924822861842,0.8303368881189007,0.1343421535819846,0.5323813327312736,1.0,Циклотим,Циклотим_027,True,moderate_a0.75,5,0.25881515129658944
0.6133336265924159,0.6542301218953159,0.6270712127024622,0.5982948217691044,0.5804215130663084,0.6014569395307072,1.0,0.14617658047533952,0.5140715202436943,0.9732681320134139,Циклотим,Циклотим_027,True,moderate_a0.75,6,0.25881515129658944
0.6422621245040069,0.6617679567508818,0.7417931055198063,0.7142711642816103,0.6223945654101238,0.5709236512983125,0.9407002430482936,0.11587804749302225,0.5070965405816743,0.9594274189619937,Циклотим,Циклотим_027,True,moderate_a0.75,7,0.25881515129658944
0.6249435194779329,0.6769649504432986,0.728194212408218,0.7345504463641086,0.6387890876906643,0.5454688860664058,0.9178839604871525,0.08595495456098522,0.48232769828153343,0.9694174739236727,Циклотим,Циклотим_027,False,moderate_a0.75,0,0.25881515129658944
0.4967899571156055,0.4895593914239807,0.5537397599270772,0.5071749521349741,0.4941584255007084,0.47816148434532485,0.5373222219375716,0.4290418888662209,0.4789885470233959,0.5860083835351878,Циклотим,Циклотим_028,True,moderate_a0.85,1,0.18253580460193786
0.46692162471537985,0.47548669394857396,0.5873463716787471,0.5735812203505567,0.492709243942239,0.48308261725759943,0.5518243637181609,0.3665430733308421,0.47935984012403887,0.7777589402075881,Циклотим,Циклотим_028,True,moderate_a0.85,2,0.18253580460193786
0.4415485386825966,0.5574229314205791,0.5749912400979192,0.5741536761339557,0.4670479405456295,0.5156359546069036,0.7317811028270731,0.28819797904496364,0.4660063508299604,0.8865567673408191,Циклотим,Циклотим_028,True,moderate_a0.85,3,0.18253580460193786
0.5217100912889215,0.5757791597414206,0.5515811227282699,0.5324929132036208,0.5555153892580417,0.49821587479216795,0.84851470445558,0.16785577662567075,0.48339743857709544,1.0,Циклотим,Циклотим_028,True,moderate_a0.85,4,0.18253580460193786
0.5989008376769822,0.6632632386219991,0.652326029169471,0.4715359231271545,0.6745837333580796,0.5155242640412867,0.8279830281636654,0.17312549996619617,0.5145847415577304,1.0,Циклотим,Циклотим_028,True,moderate_a0.85,5,0.18253580460193786
0.5291918555938057,0.7195744851810612,0.6418020441568112,0.5567665673837225,0.7374157231714948,0.5147315732932282,0.9884823594433916,0.11580149539707899,0.5036312190889385,1.0,Циклотим,Циклотим_028,True,moderate_a0.85,6,0.18253580460193786
0.5615582576355613,0.6835564070424107,0.7127821004014445,0.6028793469248812,0.714973939243627,0.4991906766421583,0.9037725588795451,0.08579037915674195,0.506208236256956,1.0,Циклотим,Циклотим_028,True,moderate_a0.85,7,0.18253580460193786
0.5471503207451617,0.6725359265707678,0.7154470652682723,0.599233080439597,0.7144831850114369,0.5278321820868256,0.8801684320880169,0.1034110207472619,0.49129474094547404,1.0,Циклотим,Циклотим_028,False,moderate_a0.85,0,0.18253580460193786
0.5192959127708087,0.5200549443896886,0.5317152604433897,0.47027311492385865,0.5306434914781307,0.49245063710398884,0.5417820561162443,0.48585533116439444,0.4767587126619892,0.5310663330959732,Циклотим,Циклотим_029,True,moderate_a0.6,1,0.3037219148544801
0.5110966066141247,0.5067326737283231,0.5333857224835284,0.546120729674737,0.5266450725384483,0.501978453435344,0.5506297654426268,0.4136908170208579,0.48243382365448423,0.698629772404169,Циклотим,Циклотим_029,True,moderate_a0.6,2,0.3037219148544801
0.5325262299523056,0.5883639711978789,0.58215588739455,0.5165470880192409,0.5256941302089764,0.5209831890480666,0.6849032092150741,0.2688384474887525,0.4831144255839787,0.7458532068537551,Циклотим,Циклотим_029,True,moderate_a0.6,3,0.3037219148544801
0.594143793938265,0.649950805793479,0.5628409873247462,0.5786373769158903,0.44458998576631237,0.5733658236709885,0.7535920222780065,0.20559033797462206,0.6268867839427024,0.7629228942939664,Циклотим,Циклотим_029,True,moderate_a0.6,4,0.3037219148544801
0.5426652620115433,0.6312886194591548,0.6078253564913468,0.6381307694709184,0.7077435083093281,0.5271246945419452,0.7600901882478075,0.20553496061668206,0.6394233898199645,0.9006778244494205,Циклотим,Циклотим_029,True,moderate_a0.6,5,0.3037219148544801
0.6440916364104904,0.6087801205752091,0.6640513405311248,0.6531473393935717,0.6450532055337634,0.6083509372749369,0.8706021185796722,0.18587314930680432,0.6675318014026064,0.8986368987220884,Циклотим,Циклотим_029,True,moderate_a0.6,6,0.3037219148544801
0.7170597907864956,0.6533560298936921,0.6876144477231648,0.6763642110284988,0.7138260966180102,0.5888435844231533,0.8815665902326425,0.17791117805906045,0.7035054347092448,0.862953615775068,Циклотим,Циклотим_029,True,moderate_a0.6,7,0.3037219148544801
0.7058701576878772,0.682303136443149,0.6646274969061174,0.6776261987741486,0.6845827788187292,0.579783645053484,0.9108465869948299,0.20545022504073981,0.6745810506599598,0.85410593722824,Циклотим,Циклотим_029,False,moderate_a0.6,0,0.3037219148544801
0.5002997294110726,0.49429766912856216,0.49632236226690324,0.5268476533436592,0.47816591162389926,0.49657992585592226,0.5676667169716031,0.4252839427896007,0.5168513993273856,0.5948338045843338,Циклотим,Циклотим_030,True,moderate_a0.75,1,0.2772964095933382
0.5196647616085717,0.511384168263288,0.5019320927132181,0.5268871973147431,0.4613464358269022,0.4961135198856662,0.5785218212049713,0.3609749246948814,0.5126027184883578,0.7448763617855139,Циклотим,Циклотим_030,True,moderate_a0.75,2,0.2772964095933382
0.5603736866929162,0.5456271791432606,0.6448324686108516,0.5471057266152997,0.46180560808587123,0.5257764519177082,0.7154806333119473,0.10410684186127389,0.5310473181604732,0.9373226593128263,Циклотим,Циклотим_030,True,moderate_a0.75,3,0.2772964095933382
0.5416749006118452,0.6085061895417888,0.5206088340754813,0.5559757880114035,0.4030902414328822,0.5775035300591265,0.8846753127731906,0.1297588833478717,0.5608515767285619,0.9833892092451145,Циклотим,Циклотим_030,True,moderate_a0.75,4,0.2772964095933382
0.5110775034758435,0.6998337356253705,0.5279570967255063,0.638586405467004,0.5803892461342899,0.6295587629968424,0.9248148926791885,0.13477285737966224,0.5544938486805043,0.9967737148383637,Циклотим,Циклотим_030,True,moderate_a0.75,5,0.2772964095933382
0.5578606796352146,0.7787100719240135,0.6314427321490903,0.6625355946544865,0.5935728184483489,0.5656919428059302,0.8610375562242265,0.1713778775334915,0.5586873715866684,1.0,Циклотим,Циклотим_030,True,moderate_a0.75,6,0.2772964095933382
0.667031269417509,0.7962106460343995,0.721104264681214,0.6418838187441592,0.6407799954863451,0.6049522757225605,0.8847635730933608,0.17456097678580867,0.5364850601393424,0.9804018656990668,Циклотим,Циклотим_030,True,moderate_a0.75,7,0.2772964095933382
0.641971580324693,0.814819228014792,0.7206317753611735,0.6230256407338238,0.6530715584248787,0.5784528694160728,0.8604453198526396,0.19961575188874553,0.5104647383463853,0.9963992447733838,Циклотим,Циклотим_030,False,moderate_a0.75,0,0.2772964095933382
0.5338720030813696,0.5064947767397032,0.5648745323646666,0.5010458964012845,0.5050293206860553,0.5210417150657857,0.5375686200724471,0.46587254577051523,0.5194803988006607,0.5872004318257298,Циклотим,Циклотим_031,True,moderate_a0.85,1,0.2184777785361001
0.5114679408855568,0.49469806437968783,0.5732983112625543,0.5280035318149414,0.49980109421918995,0.5153364280103175,0.5369803068697759,0.417510202877143,0.497963654211378,0.719582548232872,Циклотим,Циклотим_031,True,moderate_a0.85,2,0.2184777785361001
0.5407398115618991,0.5233714007737774,0.6787748348532097,0.5349040226071108,0.48014555418909,0.5435134748172826,0.6552374779045338,0.14995540931856693,0.45253061682801116,0.9380794568188402,Циклотим,Циклотим_031,True,moderate_a0.85,3,0.2184777785361001
0.5273582559854473,0.5641275036665441,0.6560322273988191,0.5197438794167141,0.5804051822664691,0.5444193614594223,0.8346756764791436,0.07979194695472222,0.49864801569641326,0.9870644489545668,Циклотим,Циклотим_031,True,moderate_a0.85,4,0.2184777785361001
0.5138499429342254,0.6522398904203565,0.6869859626045571,0.5892917104310434,0.6573180942098514,0.6353031223477129,0.856338024271132,0.1715828094784439,0.5196421284398459,0.9928459204025737,Циклотим,Циклотим_031,True,moderate_a0.85,5,0.2184777785361001
0.6052547733940937,0.6893719843794667,0.6952063615432137,0.641700772656699,0.7170070346448815,0.6249492255551742,0.8886023775032909,0.18545398864505072,0.49307889288247386,0.9526632132674046,Циклотим,Циклотим_031,True,moderate_a0.85,6,0.2184777785361001
0.6855357612118055,0.7000812675734956,0.6769389401133654,0.6279699358808353,0.7006127291494629,0.6187483950827501,0.9591452100601207,0.1256568533885208,0.5124145275772959,0.9869349592004095,Циклотим,Циклотим_031,True,moderate_a0.85,7,0.2184777785361001
0.6939461261683347,0.7218675443080346,0.6475318108043802,0.6248693117205023,0.6883130169534571,0.6096496369438079,0.9604112960451959,0.09588290721854381,0.5059724335125169,0.9863456530946053,Циклотим,Циклотим_031,False,moderate_a0.85,0,0.2184777785361001
0.5415788157174212,0.5288315053923208,0.48971101663303873,0.45292615669016384,0.5084048228723492,0.5203848769504086,0.5093334446242557,0.46253002492833356,0.4747261610277495,0.5598236170330344,Циклотим,Циклотим_032,True,moderate_a0.6,1,0.3253908668391056
0.5379679039597899,0.5599505044269543,0.4785017440032247,0.46766215752177903,0.49979560129621076,0.5356860854745381,0.48472937799897353,0.37264968857257075,0.4938043307332855,0.7234173346817733,Циклотим,Циклотим_032,True,moderate_a0.6,2,0.3253908668391056
0.5775824362058465,0.6798432059179489,0.51199114999091,0.4548768842184116,0.49541198577958706,0.5417266986495876,0.563624542051103,0.18303647701978992,0.49848147883469096,0.7621693137953112,Циклотим,Циклотим_032,True,moderate_a0.6,3,0.3253908668391056
0.5500011517690939,0.6986242283890574,0.5072997685618311,0.5698274719094178,0.4981261927534685,0.5646621901201339,0.698690952783253,0.13957927570005113,0.5180714500404267,0.8891879319097555,Циклотим,Циклотим_032,True,moderate_a0.6,4,0.3253908668391056
0.7280067801589928,0.7125485798582087,0.5922712590140935,0.6479236836799372,0.6233651062361435,0.6000252978354228,0.6513248689188773,0.19759563143452846,0.45796676980654666,0.8387882348447653,Циклотим,Циклотим_032,True,moderate_a0.6,5,0.3253908668391056
0.6679298854654274,0.6949439376858241,0.5908573770193059,0.7106337460835436,0.731279823043379,0.6011588611873202,0.7867359555977664,0.2783967731783574,0.4952766362083909,0.7362560182605434,Циклотим,Циклотим_032,True,moderate_a0.6,6,0.3253908668391056
0.705646755880496,0.6620227826465018,0.6142821660407687,0.6699313551495919,0.7194547060667785,0.6370396724679778,0.8708501395306598,0.263361816347831,0.512678411201862,0.8104268751829696,Циклотим,Циклотим_032,True,moderate_a0.6,7,0.3253908668391056
0.7324940056704583,0.6793855640072374,0.6014209094821604,0.6967530086733347,0.7163212060924327,0.6612879812235953,0.8915113854691484,0.24507670717490612,0.49696635228229363,0.8147631902631797,Циклотим,Циклотим_032,False,moderate_a0.6,0,0.3253908668391056
0.473151539720538,0.49570723085092067,0.5331126164754353,0.5099298763736544,0.5212132342641884,0.4589035364407806,0.5308132590165445,0.41434754072335134,0.4893547227760039,0.6307763743224168,Циклотим,Циклотим_033,True,moderate_a0.75,1,0.34707282892501645
0.5114373135407695,0.473596729140203,0.5068020181225612,0.5662418675721559,0.5382342590641539,0.4720418605926847,0.5212181999745616,0.3640451488572849,0.4644820174041949,0.7839292094632949,Циклотим,Циклотим_033,True,moderate_a0.75,2,0.34707282892501645
0.5761058906717345,0.5797487057926516,0.5957382580519636,0.540755310805533,0.5550459919140814,0.5100311004938004,0.6519361922114602,0.2570504617896026,0.48010230793399983,0.8762727805705417,Циклотим,Циклотим_033,True,moderate_a0.75,3,0.34707282892501645
0.6070715789503857,0.6604940130291338,0.4843675980181582,0.4785719559397791,0.4888331650357112,0.5453013389419129,0.8339855799770372,0.24912708552927215,0.5728571485702527,0.9697502020660518,Циклотим,Циклотим_033,True,moderate_a0.75,4,0.34707282892501645
0.6110792890029104,0.7683723086419624,0.49633478846793117,0.5014808519604156,0.6296092224121987,0.5905133972125161,0.7807501363984056,0.2837398383041225,0.5795408051618952,1.0,Циклотим,Циклотим_033,True,moderate_a0.75,5,0.34707282892501645
0.581020762459862,0.7422473495962083,0.4756964077833293,0.5027792169780098,0.6211569396144033,0.7123851405348255,0.977786899801308,0.3663910354714395,0.6187988523840954,0.9413856862650336,Циклотим,Циклотим_033,True,moderate_a0.75,6,0.34707282892501645
0.5867166531886279,0.7098901023989486,0.6271714871841159,0.6483603640177558,0.6989871276795416,0.7274016451152509,0.926817397784023,0.3383797016043614,0.6139962360611751,0.9086960133512125,Циклотим,Циклотим_033,True,moderate_a0.75,7,0.34707282892501645
0.6156056549753558,0.6888426436127827,0.6312325225110602,0.6738759053709671,0.6942151618780125,0.7301911134500016,0.9411577348966048,0.3581282393770321,0.6377506862013274,0.908827004199082,Циклотим,Циклотим_033,False,moderate_a0.75,0,0.34707282892501645
0.5109749559966114,0.5278884355045722,0.5259658401024464,0.5216809495242145,0.5231406412099865,0.518437245190204,0.5442978651385073,0.46094566512026597,0.5007825501548517,0.588391772556442,Циклотим,Циклотим_034,True,moderate_a0.85,1,0.14638770750002525
0.503879294559917,0.5118305807456867,0.5497075664383921,0.5760190685743041,0.49896017137409304,0.5261714451489751,0.5137225497351351,0.3903996659682589,0.4811088666152687,0.7518105738286139,Циклотим,Циклотим_034,True,moderate_a0.85,2,0.14638770750002525
0.4583844234729013,0.5200142481847969,0.6345574501213593,0.5550184971443037,0.6044389827249906,0.5502909928856202,0.6095759035247879,0.24170942185989613,0.5335984825570571,0.872294229526355,Циклотим,Циклотим_034,True,moderate_a0.85,3,0.14638770750002525
0.5260950987234445,0.48432004109257665,0.5940778986188526,0.5179046896792446,0.5939100780629066,0.5964729893450328,0.7770695301872128,0.10602611849496171,0.6163591781444132,1.0,Циклотим,Циклотим_034,True,moderate_a0.85,4,0.14638770750002525
0.5231954985296958,0.61501947833315,0.590692683996236,0.5308959251715989,0.7031047072885246,0.544301513094983,0.8127605505384983,0.18579386371772186,0.6310636267481288,0.9804555750119018,Циклотим,Циклотим_034,True,moderate_a0.85,5,0.14638770750002525
0.5606895890867163,0.6814315412308464,0.6715467414155185,0.5456684330721305,0.634365210105916,0.6421562167079815,0.8113948187396551,0.12824306183926765,0.6559530417885275,1.0,Циклотим,Циклотим_034,True,moderate_a0.85,6,0.14638770750002525
0.6363552617940107,0.6700935855781486,0.7330075450950753,0.5868018288001594,0.7293746655048483,0.6655817618252851,0.851569346833527,0.0709217252714149,0.6637177014052881,0.9697671222023222,Циклотим,Циклотим_034,True,moderate_a0.85,7,0.14638770750002525
0.6079309129892448,0.6714627838734532,0.7567006677774996,0.5749398259632245,0.7048057571243448,0.6553662519894721,0.8745800243171845,0.05131251598409007,0.6661620865102774,0.9462984459763615,Циклотим,Циклотим_034,False,moderate_a0.85,0,0.14638770750002525
0.5208378626280137,0.5482057248677765,0.5009756535731362,0.5131793889842726,0.47152118582136376,0.5305075954043171,0.5367404829903141,0.44855269274164133,0.5262968627740588,0.5516492698667169,Циклотим,Циклотим_035,True,moderate_a0.6,1,0.34275809061102147
0.4772400628518784,0.6427002733952845,0.4908054548257047,0.5911493141927349,0.4604380253887661,0.5939360475400619,0.542656234640916,0.4305490150871858,0.548838087414191,0.6373416671876587,Циклотим,Циклотим_035,True,moderate_a0.6,2,0.34275809061102147
0.592102341085021,0.6393154195751679,0.718837592636473,0.5944333874941078,0.4562841112841032,0.5869012989214284,0.5644060901067259,0.2917742890738986,0.5590185770596576,0.7050180175467063,Циклотим,Циклотим_035,True,moderate_a0.6,3,0.34275809061102147
0.5776020734194203,0.6276235226310172,0.6649641021187372,0.5323281924290589,0.5538112449740699,0.6138063652992741,0.7394541775705711,0.2815796044094564,0.5568456606338935,0.894302706821741,Циклотим,Циклотим_035,True,moderate_a0.6,4,0.34275809061102147
0.6678880954580649,0.6128544949894362,0.7576175497398325,0.565107656616839,0.7083140231314149,0.6429350519890205,0.6483820197613817,0.36620391112862943,0.5393285154562172,0.9524719432626662,Циклотим,Циклотим_035,True,moderate_a0.6,5,0.34275809061102147
0.581513939566899,0.6881859633315226,0.7462577589277897,0.5595358760236778,0.6451378144899452,0.7408584388507264,0.8660281804765977,0.29033845423843574,0.520589683771975,1.0,Циклотим,Циклотим_035,True,moderate_a0.6,6,0.34275809061102147
0.6412853212622559,0.6946171187786015,0.7687188473703134,0.6418909618017715,0.6444013089252228,0.7367640378666444,0.8432514191519378,0.28329051632347557,0.5150640276839931,1.0,Циклотим,Циклотим_035,True,moderate_a0.6,7,0.34275809061102147
0.6453627680464972,0.7225038845700574,0.7654410945632436,0.6414572032350094,0.6420828115804295,0.707110479092282,0.8524390093530881,0.27223644062698826,0.48727429456812327,0.9756056934141542,Циклотим,Циклотим_035,False,moderate_a0.6,0,0.34275809061102147
0.5148356409640913,0.52695147259075,0.4875032583144265,0.483181113876152,0.47849763006097634,0.49850749860428095,0.5351569880691601,0.4477088409522148,0.48551128580106484,0.5409912442029874,Циклотим,Циклотим_036,True,mixed,1,0.3228891874249181
0.513299293756004,0.4839101998078066,0.48546527034007925,0.5655400628933336,0.45349603285767864,0.47959515806491165,0.5284383487011881,0.40319254626054174,0.47174693570698784,0.633847124137578,Циклотим,Циклотим_036,True,mixed,2,0.3228891874249181
0.5409018706600854,0.5163111492521956,0.4845859713116395,0.5856540372376738,0.41981868986422527,0.5215912826385137,0.7318255586224971,0.20700555421731026,0.45479263444017254,0.8913427666198606,Циклотим,Циклотим_036,True,mixed,3,0.3228891874249181
0.4131914907571942,0.49398502412300305,0.423167739859865,0.6986680236955798,0.6224458604798796,0.49368734912130546,0.7642762734571931,0.29963701579409985,0.5757196519508949,0.8481940710928522,Циклотим,Циклотим_036,True,mixed,4,0.3228891874249181
0.46748520631046064,0.5613185876933353,0.4218482101241482,0.7320408298625775,0.7944299488099983,0.4753731145573462,0.8088515110352154,0.29469191063157135,0.5909883499588142,1.0,Циклотим,Циклотим_036,True,mixed,5,0.3228891874249181
0.49957096507525944,0.60037530403154,0.48232119977339644,0.749766931530386,0.7259857021146842,0.6126199238305816,0.8317990916193576,0.20768035927173142,0.587419691305056,1.0,Циклотим,Циклотим_036,True,mixed,6,0.3228891874249181
0.5718180617318135,0.6007898194317721,0.5466659661537308,0.8418316559571114,0.8007482291252299,0.61409004568375,0.8332810382477575,0.15051129401098765,0.5482993050106124,0.9546078612896024,Циклотим,Циклотим_036,True,mixed,7,0.3228891874249181
0.5687613139787703,0.6259832045353039,0.5397626803205311,0.845030444064837,0.8125081294183816,0.6425943960934517,0.8313381762531391,0.16020277036555347,0.5697312592528652,0.9441264944262525,Циклотим,Циклотим_036,False,mixed,0,0.3228891874249181
0.546310510281213,0.5429030276847143,0.49748478420394365,0.4825440526797741,0.4882613475724187,0.5703607299608717,0.4875995141395053,0.47461699232725646,0.458879265522874,0.5080874591934069,Циклотим,Циклотим_037,True,mixed,1,0.24976210396164236
0.5448532999778863,0.622679972905162,0.47781629583705637,0.46724840402213763,0.5119666137530607,0.5369085678079056,0.5253412598908449,0.40638510211048856,0.45421697642117864,0.6992122840406667,Циклотим,Циклотим_037,True,mixed,2,0.24976210396164236
0.49325302747889294,0.6452046363161001,0.48015774677960477,0.47316927459072555,0.5762677965551681,0.5702089722935313,0.6768125151754292,0.3057389066627505,0.46680695105527537,0.8673299512487175,Циклотим,Циклотим_037,True,mixed,3,0.24976210396164236
0.4787825903747954,0.6338208079548965,0.5252247525288075,0.593044906122489,0.5779269090975656,0.5840158425952869,0.7993500268197488,0.23684485516353973,0.49350134095212417,0.9512014492429157,Циклотим,Циклотим_037,True,mixed,4,0.24976210396164236
0.5606955860886523,0.8341608064302329,0.6528475174170886,0.5594560576684033,0.4576762180631843,0.6605335058548609,0.7720122955740374,0.30256231712825593,0.521698681007844,1.0,Циклотим,Циклотим_037,True,mixed,5,0.24976210396164236
0.6207128554702311,0.8777479367114185,0.7423991048636912,0.5440271185116029,0.36236367924007923,0.7888818247630267,0.7756513416411902,0.2268880370609915,0.5241520963153736,1.0,Циклотим,Циклотим_037,True,mixed,6,0.24976210396164236
0.7176537329959325,0.8932962897547653,0.7719925521601889,0.5308686810041556,0.4078639487591067,0.7696299091593123,0.9156721509916657,0.1765443465379464,0.5335142473037329,0.9889959278546901,Циклотим,Циклотим_037,True,mixed,7,0.24976210396164236
0.7304286403274319,0.90053420144211,0.7450768694463258,0.5565359067014501,0.3832825763087288,0.7724698996115525,0.9149027857689852,0.15843675516108513,0.529859941271482,0.9814205619358868,Циклотим,Циклотим_037,False,mixed,0,0.24976210396164236
0.48357196377231937,0.5343820104306422,0.5203434651687165,0.5232093874958048,0.552074409937525,0.48698380332925395,0.5189306319550406,0.4585202052950795,0.45739400778252276,0.5260188279073561,Циклотим,Циклотим_038,True,mixed,1,0.38712526533860253
0.5028278551771251,0.4934242272349735,0.5381967500069827,0.6684333275227279,0.5650903813116585,0.47499018689290334,0.514446743068186,0.43918217482305283,0.4263753762736011,0.6256481324088419,Циклотим,Циклотим_038,True,mixed,2,0.38712526533860253
0.49944511862275554,0.6087667814463253,0.48056538176040203,0.6875354934219952,0.5350415823647441,0.4464007368363518,0.6880136627414053,0.3596925063448516,0.4460201764228532,0.7832472983933061,Циклотим,Циклотим_038,True,mixed,3,0.38712526533860253
0.3855201763425523,0.6154836131406334,0.3778038278272019,0.782585277759103,0.6210291468614869,0.3763963330263672,0.7936388208298545,0.466368034121703,0.5985182678463676,0.774466109470938,Циклотим,Циклотим_038,True,mixed,4,0.38712526533860253
0.42402684052494277,0.7335525059866026,0.4683594765085395,0.8359710009060487,0.6647482554798925,0.46219718492946016,0.7458778001394459,0.476303021960736,0.5732305143709079,0.8846266965129914,Циклотим,Циклотим_038,True,mixed,5,0.38712526533860253
0.3629122438304752,0.791375095564487,0.49199501718008465,0.8927639675604488,0.7444691027673986,0.45438291663023705,0.8525095307145444,0.42014996881194544,0.5925823445800585,0.9186572323018206,Циклотим,Циклотим_038,True,mixed,6,0.38712526533860253
0.4866890104764034,0.8020327257532781,0.4812294448774231,0.8651176360863742,0.7494395752491116,0.43679784248482834,0.9067691904607457,0.3953602478863291,0.5530106746199229,0.9073480303050788,Циклотим,Циклотим_038,True,mixed,7,0.38712526533860253
0.5062409777753024,0.8276469684045306,0.48669083884176606,0.8405760232634765,0.7449507238728336,0.4302308402983582,0.9295080816606289,0.41273022550816435,0.5711848701620805,0.9045974962094857,Циклотим,Циклотим_038,False,mixed,0,0.38712526533860253
0.5258393909458238,0.5145402092935998,0.5126884064953025,0.4647365588519934,0.5077813205930276,0.5496369954543104,0.5257577221701242,0.46100259837724084,0.4774943952258991,0.5376600417101944,Циклотим,Циклотим_039,True,mixed,1,0.28711171059216684
0.49168998681875686,0.5033560916446497,0.4945277926876149,0.5385950215520071,0.5463107148867355,0.5341962536349723,0.5767383068327009,0.4101922554594784,0.4669179515741631,0.7111101008283321,Циклотим,Циклотим_039,True,mixed,2,0.28711171059216684
0.48181979261661056,0.6323319065750874,0.41246146498128106,0.548161888807126,0.5411028664354808,0.5712542394129706,0.7259356644267462,0.31333491874765584,0.48209836412699725,0.8694471873905708,Циклотим,Циклотим_039,True,mixed,3,0.28711171059216684
0.6003885442134242,0.6946605426287833,0.32560910515575675,0.5476708653268434,0.48321558152635036,0.5933871722263975,0.8207504750058681,0.18730937423047503,0.5583915621265562,0.9899192574871428,Циклотим,Циклотим_039,True,mixed,4,0.28711171059216684
0.7088560941278569,0.7715612713338845,0.33326243953140067,0.5399219074127188,0.4926286124565792,0.6586994837132618,0.8859152646164041,0.2741151988754867,0.5844291626396982,1.0,Циклотим,Циклотим_039,True,mixed,5,0.28711171059216684
0.8063123636196033,0.8379945747026216,0.4273941961115184,0.49730394678659207,0.44032754237479965,0.7860966155037815,0.9015220568862449,0.20755109036244399,0.5936099149287497,1.0,Циклотим,Циклотим_039,True,mixed,6,0.28711171059216684
0.6974035978641498,0.8334468556912539,0.38356620128063756,0.6135943665557533,0.5468482096605255,0.771212961150831,0.9314102427217315,0.16347451104980068,0.5900515125304716,0.9507131642392042,Циклотим,Циклотим_039,True,mixed,7,0.28711171059216684
0.6869148946635634,0.8231549200270888,0.40675670067119074,0.6318031904659229,0.5489170460873999,0.7581782342215578,0.9247522357934431,0.17262994203760282,0.6128592304585518,0.9319395885789838,Циклотим,Циклотим_039,False,mixed,0,0.28711171059216684
0.5076474974934347,0.5039391466004128,0.52457304222362,0.4637775020839164,0.5143467042287537,0.50737986817396,0.5333401164689915,0.44605793438518176,0.5169110352115154,0.5671964042365588,Демонстративный,Демонстративный_000,True,extreme,1,0.328366656833067
0.53023454426554,0.5408798910215726,0.516233646990015,0.4664811420722333,0.4894192906550101,0.5108354471902316,0.5539736593450038,0.3862942409154279,0.5115126333860245,0.7613660257202007,Демонстративный,Демонстративный_000,True,extreme,2,0.328366656833067
0.5611011727990388,0.6072945968530321,0.4196027651667996,0.4765297602479141,0.47297483866020157,0.4987986043094485,0.6771395343748191,0.4060904578349962,0.5939651577025812,0.8207465530065471,Демонстративный,Демонстративный_000,True,extreme,3,0.328366656833067
0.6791540735672053,0.596642157172106,0.37530026268724415,0.42585673801181734,0.4694986520545799,0.4942364135951497,0.8767124073952828,0.2583337409911154,0.6809037619617693,1.0,Демонстративный,Демонстративный_000,True,extreme,4,0.328366656833067
0.663884138108426,0.6071189223694395,0.38004668102481526,0.46489408057867515,0.6407746821055805,0.48646622357873714,0.9210407296180928,0.321214065545643,0.7233546823168571,0.9995054680053012,Демонстративный,Демонстративный_000,True,extreme,5,0.328366656833067
0.5892902646477314,0.6419311142824223,0.3250955543949844,0.48420885247378526,0.5891820979432897,0.5659143853422455,1.0,0.31653861522615856,0.6981978515723912,1.0,Демонстративный,Демонстративный_000,True,extreme,6,0.328366656833067
0.6719599900723554,0.6276517661853531,0.1661470574135089,0.45847326816006656,0.6126480979319779,0.5512245455122923,1.0,0.31081090088036306,0.7244694370173367,0.9839553258928614,Демонстративный,Демонстративный_000,True,extreme,7,0.328366656833067
0.6737698233276896,0.6294455623831982,0.17786108022878586,0.4819965639052265,0.6397683831151889,0.5450442670104831,0.9702986371669096,0.3211590085338507,0.7110307843563531,1.0,Демонстративный,Демонстративный_000,False,extreme,0,0.328366656833067
0.5213520785419833,0.5014541612757332,0.5212056346341181,0.5720967234287749,0.48273932357788063,0.4835546762363726,0.5438568268477941,0.5134621712750049,0.5144793057580369,0.5628508559404591,Демонстративный,Демонстративный_001,True,extreme,1,0.4603091585983624
0.5368857002652692,0.539653503405037,0.5292669615480927,0.5715264976934011,0.5094994433137697,0.5180500332278057,0.5403235979482631,0.509403755441963,0.49490796159118117,0.7446417914540926,Демонстративный,Демонстративный_001,True,extreme,2,0.4603091585983624
0.45378268027325935,0.5617376224211069,0.5353693752293036,0.5665523013650294,0.5629081347088911,0.5187793543323586,0.6641016149764982,0.40521984111316844,0.557628766772266,0.9213537135276875,Демонстративный,Демонстративный_001,True,extreme,3,0.4603091585983624
0.5007284017098446,0.6090750973338186,0.423449437447221,0.4829009038133765,0.5682742823195501,0.4962197903684601,0.91089326804129,0.38135951491497416,0.6546061111798247,1.0,Демонстративный,Демонстративный_001,True,extreme,4,0.4603091585983624
0.49004751448362455,0.6713103686556662,0.4322515321962047,0.4561644964892797,0.738335965432643,0.4537528037342632,0.9141736807845701,0.4931703584859287,0.6388711847386989,0.9945384932564209,Демонстративный,Демонстративный_001,True,extreme,5,0.4603091585983624
0.4311268779999891,0.6778514824967548,0.3612277266594757,0.4510221259864555,0.7060153134444082,0.555710604850171,1.0,0.47364180777067266,0.6487286415951591,1.0,Демонстративный,Демонстративный_001,True,extreme,6,0.4603091585983624
0.366320648145442,0.6705133760609225,0.14754393177064923,0.5142675262859688,0.7415676075810402,0.5796245911335175,1.0,0.47124194531859,0.6738938687226701,0.9613547713968559,Демонстративный,Демонстративный_001,True,extreme,7,0.4603091585983624
0.3658357683695814,0.6512993673504935,0.1257214549336174,0.5063487590313569,0.7463760448252038,0.5574706971906619,1.0,0.4913767204306231,0.6541245368263339,0.9529019860385579,Демонстративный,Демонстративный_001,False,extreme,0,0.4603091585983624
0.4858913778319423,0.461275933940196,0.49665652635272683,0.4811461591881566,0.49668172611179245,0.5053969484337039,0.5344063116954387,0.5099152070563522,0.4614864351026413,0.5777889636659541,Демонстративный,Демонстративный_002,True,extreme,1,0.3132301335020266
0.5414621420297575,0.5252259003872052,0.4780993542452648,0.4643222687445944,0.537102192261071,0.519132321521325,0.5575098328520758,0.462736389016098,0.4665911083328216,0.7358258392921493,Демонстративный,Демонстративный_002,True,extreme,2,0.3132301335020266
0.537004302095285,0.5408895098762739,0.41365162525822813,0.4605787067617992,0.5538672885806584,0.5130864579296791,0.6632162439324126,0.3258064962954303,0.5208520394505028,0.9204782872670856,Демонстративный,Демонстративный_002,True,extreme,3,0.3132301335020266
0.43425578327046377,0.5541314781180443,0.27882307341187584,0.46501323754586227,0.5355680958296613,0.5285067655123751,0.84107297123265,0.3759403518001061,0.6717896136852038,0.9941168399816425,Демонстративный,Демонстративный_002,True,extreme,4,0.3132301335020266
0.5316355971226635,0.5549916654332517,0.27286381856044534,0.40842399181326206,0.6493170725871342,0.5269585860247709,0.9102974936375761,0.5053962748157472,0.6940830269651929,1.0,Демонстративный,Демонстративный_002,True,extreme,5,0.3132301335020266
0.5288748834385996,0.5429163695414095,0.19711458165863358,0.4188157839172969,0.6597401944318828,0.5835793771109657,1.0,0.5091664364938554,0.7064119890744331,1.0,Демонстративный,Демонстративный_002,True,extreme,6,0.3132301335020266
0.5826211380572167,0.5158350206328168,0.04155551078074518,0.3693504788046043,0.6256394151555986,0.6018117293463963,1.0,0.5121409044523156,0.7055114706049461,0.9975926959832394,Демонстративный,Демонстративный_002,True,extreme,7,0.3132301335020266
0.5670698193551313,0.5165489182520281,0.053835963008942174,0.3965266456957477,0.6376071873396777,0.6049813234827859,1.0,0.5307876041199252,0.6755487652190546,1.0,Демонстративный,Демонстративный_002,False,extreme,0,0.3132301335020266
0.4928219476263537,0.5102307978063636,0.4729478105686216,0.5018010738345983,0.5110966068510022,0.5201260620677212,0.5325457070446177,0.4459098659454196,0.45919446913508444,0.6043018090066974,Демонстративный,Демонстративный_003,True,extreme,1,0.34397971397850063
0.5091441441806421,0.4958534263314048,0.49150378924951593,0.5798661625300171,0.4892004972464028,0.5124932875881854,0.5251959393704426,0.4154928445331184,0.45637998428241405,0.7467402872331668,Демонстративный,Демонстративный_003,True,extreme,2,0.34397971397850063
0.49810729940020004,0.4659215984188839,0.38976738128030597,0.557905035403145,0.4458899622490377,0.5091059892023194,0.6852749595765946,0.3384795499865945,0.5095573247568768,0.9059137493046012,Демонстративный,Демонстративный_003,True,extreme,3,0.34397971397850063
0.4989503026533179,0.44372532437477963,0.2702932638095721,0.5108092426225376,0.4261743949329537,0.5156459172943327,0.9593399006652523,0.343580181285296,0.5656902827873075,1.0,Демонстративный,Демонстративный_003,True,extreme,4,0.34397971397850063
0.5522694793195686,0.4929589446417813,0.293376534242899,0.5788204070550358,0.6241444915350437,0.5198094715663591,1.0,0.34419455847869374,0.5921481612619416,1.0,Демонстративный,Демонстративный_003,True,extreme,5,0.34397971397850063
0.47126472314978063,0.4771531169297952,0.20990130936053564,0.5837000552000451,0.5591966931742497,0.6239350588319822,1.0,0.3323616906836142,0.6327064693587023,1.0,Демонстративный,Демонстративный_003,True,extreme,6,0.34397971397850063
0.5226649344344458,0.4775628266951887,0.14671224985503475,0.5742071523821298,0.5373947350840627,0.6023812787485219,1.0,0.34704528851805266,0.6608146662815624,1.0,Демонстративный,Демонстративный_003,True,extreme,7,0.34397971397850063
0.5004160798196493,0.449941758056986,0.12997254676184933,0.5843308944314719,0.5537574623758106,0.6042669758790372,0.9853736466704781,0.32932538290540686,0.652131422129932,0.9704847344663898,Демонстративный,Демонстративный_003,False,extreme,0,0.34397971397850063
0.47893813058121104,0.47384135914622144,0.5547409083510859,0.5257211656002067,0.5370145911289912,0.5136043098837323,0.5334203248047874,0.42307357253500993,0.5229695044831244,0.5713943413702534,Демонстративный,Демонстративный_004,True,extreme,1,0.4606937837111495
0.48013861602651237,0.5166441517348732,0.5333074481444174,0.5398142275411639,0.5158021030377533,0.4977589983577163,0.5212589111537864,0.438378643267618,0.5187261311433988,0.7334553857774538,Демонстративный,Демонстративный_004,True,extreme,2,0.4606937837111495
0.47841449935630476,0.5253778929277085,0.4316694301518216,0.5362667101540828,0.48072483224474893,0.4862096301968618,0.675189936292345,0.35584855957707606,0.5605116984200718,0.9249808018940068,Демонстративный,Демонстративный_004,True,extreme,3,0.4606937837111495
0.3915681005722997,0.5382988654904146,0.32255424303359015,0.5558559542219634,0.48085284823192537,0.48981376785490893,0.8090239457434758,0.4146638285985011,0.6660513978616308,0.9891688686740625,Демонстративный,Демонстративный_004,True,extreme,4,0.4606937837111495
0.4894336548510891,0.620179727812847,0.29148971485799746,0.6112462377611592,0.4950168493665384,0.5585403310009432,0.8585475180607605,0.46272756476714916,0.6293353886422586,0.9877796963273029,Демонстративный,Демонстративный_004,True,extreme,5,0.4606937837111495
0.4887109124598335,0.6125535726615253,0.20063112907830888,0.6387146404046515,0.5042983086805557,0.6064169325791222,1.0,0.5389909629335241,0.6292800995761662,0.9811251170979941,Демонстративный,Демонстративный_004,True,extreme,6,0.4606937837111495
0.5818387868052856,0.6050267176597505,0.09970211738350977,0.5861695638310321,0.5306712421961899,0.5866441885104369,1.0,0.5210042363676244,0.6097756475579243,0.9768190833183926,Демонстративный,Демонстративный_004,True,extreme,7,0.4606937837111495
0.5735166446223308,0.6101463922574433,0.1128154249705475,0.563544333387328,0.5054140589618853,0.5647142477342783,1.0,0.5409370491266903,0.6088071522091076,0.9557689747119685,Демонстративный,Демонстративный_004,False,extreme,0,0.4606937837111495
0.49710500895660875,0.47827190595650726,0.5040087616760176,0.4954820540203731,0.4966350898854142,0.5052164295529312,0.534930956465244,0.4603746692433968,0.4872097328967682,0.5719206123368549,Демонстративный,Демонстративный_005,True,extreme,1,0.3703318723787064
0.49668533129856424,0.4963952320275559,0.48295244462981857,0.5491485817750583,0.49088068339770136,0.4842580428425426,0.49954112196093964,0.3828561701911074,0.46985233597797643,0.7644156558563763,Демонстративный,Демонстративный_005,True,extreme,2,0.3703318723787064
0.5108392091275513,0.5120442172345167,0.3926621584644898,0.5471830157041319,0.4693388641394004,0.48557721243272084,0.6182772165634608,0.23883567761597146,0.5185217042384009,0.9883445776648129,Демонстративный,Демонстративный_005,True,extreme,3,0.3703318723787064
0.4367656258896504,0.5039404169039288,0.2891627400400305,0.56494692625661,0.44975952351716186,0.5443802581560472,0.802666977879637,0.2930225231440936,0.6440489768138328,1.0,Демонстративный,Демонстративный_005,True,extreme,4,0.3703318723787064
0.4330399485970395,0.4912614331664633,0.2930186333856894,0.5652848733524685,0.6451419020483724,0.5207358642857502,0.8432717620483733,0.33288634683827195,0.6617675809600831,1.0,Демонстративный,Демонстративный_005,True,extreme,5,0.3703318723787064
0.3853017608958364,0.5102810599022721,0.21022092403508738,0.5717872924399615,0.558933610127628,0.5976192495603375,1.0,0.3429908575241264,0.6721055029757853,0.9714768878851648,Демонстративный,Демонстративный_005,True,extreme,6,0.3703318723787064
0.4823692666619422,0.5260980993826935,0.16343184521569812,0.6264250758103472,0.5607676365969431,0.5991812062454795,1.0,0.36225508008293783,0.6989649879016216,0.9919323790562208,Демонстративный,Демонстративный_005,True,extreme,7,0.3703318723787064
0.4643946867790127,0.5119258162858267,0.17462667363580966,0.618549532529595,0.5892227833918442,0.573451261517479,1.0,0.3733820856461382,0.7071620158529417,1.0,Демонстративный,Демонстративный_005,False,extreme,0,0.3703318723787064
0.4968913159459636,0.49620685445272555,0.48771335189291165,0.48574844148360175,0.5325347575325923,0.5007554019251835,0.5049681943435897,0.4544632103002104,0.4864878826278521,0.583817450316079,Демонстративный,Демонстративный_006,True,extreme,1,0.30983668622234556
0.5116478066683101,0.5690005782905246,0.4889323011546711,0.5119861752338896,0.5254824934149172,0.4844007055410092,0.4975343719603573,0.3576747334646061,0.5105429734200743,0.747572181525161,Демонстративный,Демонстративный_006,True,extreme,2,0.30983668622234556
0.5312811806195469,0.6529301777663776,0.36811435305248075,0.5011507899611848,0.4857238360795426,0.4994504274998547,0.6077709518070579,0.36708926134899805,0.590212618529158,0.8214564469713276,Демонстративный,Демонстративный_006,True,extreme,3,0.30983668622234556
0.5182810303522203,0.6725078596688041,0.23866845937995163,0.4510405091494123,0.4770791496963593,0.5142444929279525,0.8319140554536313,0.3281097655647097,0.6650870181244027,0.9773041153959369,Демонстративный,Демонстративный_006,True,extreme,4,0.30983668622234556
0.5737577701217902,0.5893149442555106,0.28524421339765593,0.5432498812925806,0.6454352377922586,0.45827415460808546,0.8593194246602194,0.3634408376442426,0.6560243623079912,1.0,Демонстративный,Демонстративный_006,True,extreme,5,0.30983668622234556
0.48036034862560467,0.6117245179461439,0.2416127602773646,0.5430263933948686,0.5721866492270351,0.5594906450825403,1.0,0.3536734169455656,0.669854752066667,0.9839093257326983,Демонстративный,Демонстративный_006,True,extreme,6,0.30983668622234556
0.5424601901165231,0.6077686634341966,0.07633845940556172,0.4957741847788012,0.5875394004765642,0.551260335117272,1.0,0.3824901957815944,0.6549697575485486,0.9969700809464389,Демонстративный,Демонстративный_006,True,extreme,7,0.30983668622234556
0.5232736051147159,0.6207532732075931,0.08848035321577313,0.4892944087546238,0.573232906492983,0.5485167977415533,1.0,0.37980790436575945,0.669932125108648,1.0,Демонстративный,Демонстративный_006,False,extreme,0,0.30983668622234556
0.4892512882316115,0.4818963627516109,0.5320660888419614,0.5176471302207055,0.5096366438088306,0.48166191979986667,0.5601899538119116,0.4725204157022483,0.5305611171949963,0.5778363686838165,Демонстративный,Демонстративный_007,True,extreme,1,0.4982450654068094
0.4992766929632121,0.5927947499355752,0.5286349881894726,0.5374498142245577,0.5419944184655892,0.5430222605089362,0.5665314873528035,0.46418953777678695,0.5078945410682247,0.598276440768104,Демонстративный,Демонстративный_007,True,extreme,2,0.4982450654068094
0.5339203928627203,0.5994186256186467,0.5215250894842868,0.5038625088835402,0.5377153618473368,0.511907157440361,0.7529836746686402,0.2987219322725865,0.4925451194664536,0.870000067578219,Демонстративный,Демонстративный_007,True,extreme,3,0.4982450654068094
0.5468289839055366,0.5897717330064799,0.40158738232755264,0.528136141901374,0.6803168447987937,0.4528130950125578,0.9618914159649448,0.3028057087636102,0.5985236865552174,0.9548462881230423,Демонстративный,Демонстративный_007,True,extreme,4,0.4982450654068094
0.597584487353445,0.6496747908234175,0.38235919982910993,0.5381762832401213,0.6918633169308881,0.49048572643179306,1.0,0.374372823814753,0.5575026767045489,1.0,Демонстративный,Демонстративный_007,True,extreme,5,0.4982450654068094
0.5116403904972574,0.6529512783191249,0.27462200528005276,0.6373459359730231,0.7197156841520406,0.45242795799545327,1.0,0.3658569758669306,0.5517358906955784,0.9391005773528546,Демонстративный,Демонстративный_007,True,extreme,6,0.4982450654068094
0.6117597239004409,0.6431556736761613,0.1441136477714925,0.552944477599542,0.7164733200243081,0.44704779183765947,1.0,0.3958411974633607,0.5513033728818169,0.9240780657233062,Демонстративный,Демонстративный_007,True,extreme,7,0.4982450654068094
0.5906531352791498,0.6197368889245997,0.16027915312910584,0.569994186733222,0.7081510542491052,0.44917168761675463,1.0,0.3877175379969653,0.5227090447776124,0.9233209170825109,Демонстративный,Демонстративный_007,False,extreme,0,0.4982450654068094
0.4965009912247936,0.49752827110716596,0.5171424775205568,0.5383071730778111,0.45632668814836214,0.542278134684512,0.5563493879746509,0.43582512102250737,0.472908104445997,0.5687116770464025,Демонстративный,Демонстративный_008,True,extreme,1,0.32399643707451425
0.5216684587630245,0.4807442421040245,0.4770539396939068,0.607627453662328,0.443885282656504,0.53040946935564,0.5559406475974629,0.3865873601060878,0.5171155944148264,0.725614226716251,Демонстративный,Демонстративный_008,True,extreme,2,0.32399643707451425
0.537814252617837,0.5937120123596332,0.42578827068687247,0.619122636422292,0.4181337209884615,0.5412453000138681,0.6950983386704899,0.29167858939677654,0.5514630990837625,0.8877478524175052,Демонстративный,Демонстративный_008,True,extreme,3,0.32399643707451425
0.557439736225565,0.6193655649631887,0.35228116161053624,0.571822640281259,0.42418648263625974,0.5586792760063106,0.9760297383799845,0.2445520026239214,0.599600608550977,1.0,Демонстративный,Демонстративный_008,True,extreme,4,0.32399643707451425
0.6160577529986037,0.5927565631155276,0.3244682655453994,0.518971932378941,0.7046071532073721,0.5111245946547477,0.9818881690106306,0.309328365561328,0.5870214808584275,1.0,Демонстративный,Демонстративный_008,True,extreme,5,0.32399643707451425
0.6352138995416196,0.575906827003133,0.2791226402466772,0.4929924372602223,0.7315408738566004,0.5669821373771704,1.0,0.35349318463277707,0.6052890425630149,1.0,Демонстративный,Демонстративный_008,True,extreme,6,0.32399643707451425
0.690637471483459,0.5861226352394018,0.08979167698348155,0.41337130230301633,0.7064973336576555,0.5710062144632599,1.0,0.3662049356416578,0.5795622536176395,0.9805880260850275,Демонстративный,Демонстративный_008,True,extreme,7,0.32399643707451425
0.6700601557242094,0.5663836909718707,0.06881521488722966,0.42136917464161516,0.6940640548184265,0.5670785693926054,1.0,0.3622896428916735,0.6021193737289691,1.0,Демонстративный,Демонстративный_008,False,extreme,0,0.32399643707451425
0.48100245849199313,0.4807658492918354,0.4973146395184332,0.5209386583516314,0.480678419762241,0.5117763328451316,0.5528644261820957,0.42414358541175,0.5083128654360513,0.5950279009326366,Демонстративный,Демонстративный_009,True,extreme,1,0.38350430893289367
0.5197269241764433,0.49738420789456095,0.521539670544161,0.5380583389101169,0.49298972998672524,0.49598613686240167,0.5515418601792795,0.4210154142048947,0.5375101173353788,0.7840772464358648,Демонстративный,Демонстративный_009,True,extreme,2,0.38350430893289367
0.4175355027744425,0.4997399152022535,0.44350132197099046,0.5609294094993025,0.5690429546136071,0.4842102435765749,0.6336028095863175,0.38214649805884376,0.6547638245607621,0.914479574399347,Демонстративный,Демонстративный_009,True,extreme,3,0.38350430893289367
0.4111906061651923,0.4906627393665572,0.3037987828262967,0.4746136033445555,0.5515651453739767,0.47397191549923784,0.8585564119927419,0.3681298140887132,0.7202607769669012,1.0,Демонстративный,Демонстративный_009,True,extreme,4,0.38350430893289367
0.42181878053069877,0.5748935423640463,0.27805134560024547,0.5093608209553009,0.5984767691918222,0.4983275887968451,0.8677742471297926,0.36403511177680786,0.7265587303006094,1.0,Демонстративный,Демонстративный_009,True,extreme,5,0.38350430893289367
0.3510235932361126,0.5646135777414404,0.2196589692135309,0.5138893294013692,0.6356907323499338,0.4406207662770007,1.0,0.4441324888415289,0.7066575616724226,0.98284436588499,Демонстративный,Демонстративный_009,True,extreme,6,0.38350430893289367
0.4431864073880757,0.5538176972922839,0.055811777454487635,0.503564500700338,0.6409671973334058,0.4624539041066445,1.0,0.4716029235170354,0.686523577470764,0.9999280943990202,Демонстративный,Демонстративный_009,True,extreme,7,0.38350430893289367
0.4246732779318122,0.5824266165556276,0.06778916217207812,0.5094959646760072,0.6395438750114203,0.47227455673217095,1.0,0.47569179221880653,0.6648480939418578,1.0,Демонстративный,Демонстративный_009,False,extreme,0,0.38350430893289367
0.4574167800080788,0.5098317902749234,0.47838276040590455,0.5285758157749383,0.5498779188310562,0.48275270093447586,0.5414789793165653,0.49987016663080924,0.5004239052007713,0.5777658495646348,Демонстративный,Демонстративный_010,True,extreme,1,0.43315273986930314
0.46491224289985883,0.6865833769919814,0.5033216607111426,0.5022672503364646,0.5648103626231837,0.5728948440870762,0.5670829506173162,0.4762407425180162,0.5127575290524561,0.6450297265206668,Демонстративный,Демонстративный_010,True,extreme,2,0.43315273986930314
0.3952695602421807,0.7088119020822299,0.5084931917416774,0.5096555189093442,0.6466818016255789,0.5679595563085561,0.7052467062479998,0.3930850558511488,0.5665826995544767,0.8456369735118212,Демонстративный,Демонстративный_010,True,extreme,3,0.43315273986930314
0.43004629315208714,0.6695104515141465,0.4039420768628925,0.467344691442859,0.6431124202861718,0.5574475245503244,0.9171412979741684,0.3532795821057776,0.613244727585683,0.9803578998130518,Демонстративный,Демонстративный_010,True,extreme,4,0.43315273986930314
0.4951474414822316,0.6722185115748898,0.3880809789688931,0.5261151038305514,0.7466589720985883,0.5908192240806286,0.8851015737421312,0.38078621038369714,0.6334584186248597,1.0,Демонстративный,Демонстративный_010,True,extreme,5,0.43315273986930314
0.4289205704490065,0.6673822751129326,0.3103127334348168,0.5930097537339298,0.7617011235720802,0.5703091462425653,1.0,0.3711835444330103,0.6018039874683228,0.9236390248859168,Демонстративный,Демонстративный_010,True,extreme,6,0.43315273986930314
0.4970555703118126,0.6977225775918494,0.11903493383563803,0.5357041490111408,0.7830585680641309,0.57782701301094,1.0,0.3543674744800557,0.6103585949571594,0.9298394327191053,Демонстративный,Демонстративный_010,True,extreme,7,0.43315273986930314
0.4859827973192746,0.6989039941211745,0.09186126075436452,0.5360982173612906,0.7866446105808442,0.5909826952371583,0.9872943700906432,0.32924066096027743,0.6188062512433214,0.9335858962022109,Демонстративный,Демонстративный_010,False,extreme,0,0.43315273986930314
0.47176723192426284,0.5059598342127328,0.5047735783068722,0.5138962381606921,0.4875824440076619,0.4872615078933698,0.5570704452934916,0.4682014668821259,0.5126358149344382,0.5880873458884189,Демонстративный,Демонстративный_011,True,extreme,1,0.42322196422433744
0.46738549241137817,0.559858358369325,0.47183500648696686,0.4967730570575579,0.495765318150573,0.5072030600880868,0.5690430788505044,0.48664932797578675,0.501458172480775,0.7146521906965905,Демонстративный,Демонстративный_011,True,extreme,2,0.42322196422433744
0.45167876382433175,0.5435458751891356,0.45902325715466075,0.4968316306822746,0.4423413415227522,0.48782555738178024,0.7856765567784721,0.33583291542882543,0.5062463377026752,0.9879476616494312,Демонстративный,Демонстративный_011,True,extreme,3,0.42322196422433744
0.5590484788978719,0.5384524908464393,0.40912370178309454,0.44841729334307107,0.44286678408865005,0.4805555916585404,0.917019005610331,0.20289657032349334,0.6212128541596946,0.9960227063489856,Демонстративный,Демонстративный_011,True,extreme,4,0.42322196422433744
0.5162811133586004,0.5004004116684712,0.42753872484225375,0.42210080873295375,0.7105195922400709,0.44357292530048564,0.8731048362802915,0.2530938020675423,0.5961758702858725,1.0,Демонстративный,Демонстративный_011,True,extreme,5,0.42322196422433744
0.4320927593385666,0.48541619932409624,0.43500738206434886,0.3996147322003244,0.6946599511552158,0.5587377197105065,1.0,0.40621146969383054,0.6046363123891152,0.9213956219564791,Демонстративный,Демонстративный_011,True,extreme,6,0.42322196422433744
0.4981431929841319,0.4893732069757298,0.3065577829148747,0.3820433563912715,0.6893419774994767,0.5506395150741236,1.0,0.35312262272203604,0.5938107494322165,0.9964663126101613,Демонстративный,Демонстративный_011,True,extreme,7,0.42322196422433744
0.49208918861987594,0.46360718733472567,0.3214617506840443,0.36027503953435885,0.6721697608325717,0.575640273920887,1.0,0.3302112200748355,0.6062574296195801,0.9839899417187661,Демонстративный,Демонстративный_011,False,extreme,0,0.42322196422433744
0.5307126517413829,0.4811934436263452,0.5144860772049262,0.4935171242331871,0.5002478274931356,0.5499392333547721,0.4944500650039618,0.47865163810871847,0.46872570959471993,0.5629514233551177,Демонстративный,Демонстративный_012,True,extreme,1,0.4989283312253116
0.538023204698925,0.5537844639965055,0.5303405167571116,0.5271702963829504,0.47660025846720966,0.5536801414874083,0.4990865140375908,0.407571055921183,0.46100815351077484,0.7363485171391067,Демонстративный,Демонстративный_012,True,extreme,2,0.4989283312253116
0.5364620978317358,0.5320025880943914,0.5528019768834289,0.55164397011255,0.45308664456546016,0.5798804688378152,0.7156615657425648,0.2556902008443529,0.45380106945116844,1.0,Демонстративный,Демонстративный_012,True,extreme,3,0.4989283312253116
0.4404150775497844,0.5064497266030673,0.39446933850357063,0.5771997066389076,0.4692479727646301,0.5699962838636475,0.9165190489005478,0.31809994389207064,0.5506559997463317,0.9945276199320924,Демонстративный,Демонстративный_012,True,extreme,4,0.4989283312253116
0.42104377113636887,0.4836833501170225,0.39389899999777667,0.5746947477872042,0.6272676917735047,0.4674498103498023,0.9430361864026824,0.3906191435449197,0.572754445512889,1.0,Демонстративный,Демонстративный_012,True,extreme,5,0.4989283312253116
0.3903136724383165,0.49356544636595584,0.3421239691167579,0.5726158845236206,0.545448197583915,0.5803172034216121,1.0,0.36322659077072517,0.6104317288420034,0.9996927751879854,Демонстративный,Демонстративный_012,True,extreme,6,0.4989283312253116
0.31488668308767137,0.5146047604233623,0.14914379754779294,0.6497241460012446,0.5162353153325068,0.5872769787986606,1.0,0.3618567469127498,0.6098989145603486,0.9920184414509826,Демонстративный,Демонстративный_012,True,extreme,7,0.4989283312253116
0.3208745656008829,0.4966308879413502,0.16578245789699417,0.6594855728904979,0.4968543073825466,0.6151717962429735,0.9899015237754091,0.37931706377349333,0.6332920136620133,1.0,Демонстративный,Демонстративный_012,False,extreme,0,0.4989283312253116
0.49486138421208825,0.4846037185797784,0.5519542362873207,0.48164090956081984,0.5656766796409237,0.4619429661971661,0.49389032023562335,0.45875167235921066,0.48010664132236985,0.5512791643511911,Демонстративный,Демонстративный_013,True,extreme,1,0.5050690437149863
0.5218635733917938,0.5052834534113346,0.5817592254613021,0.5709544324288788,0.5555010020008861,0.4724658599684918,0.5058631496795332,0.39982179093456677,0.4743936637870978,0.7481751776699838,Демонстративный,Демонстративный_013,True,extreme,2,0.5050690437149863
0.5382441801227952,0.6137394498160496,0.4724165096836019,0.5429365307472238,0.5688440035786917,0.4246179303038242,0.6360528807018678,0.39675878431614103,0.543095444267407,0.8323457094105179,Демонстративный,Демонстративный_013,True,extreme,3,0.5050690437149863
0.5356274268837302,0.6432699143848619,0.367825093208002,0.491686604751317,0.5744891983188162,0.41706959003620797,0.9020507204985084,0.36902182352419577,0.5924168470216276,1.0,Демонстративный,Демонстративный_013,True,extreme,4,0.5050690437149863
0.4999399072842003,0.6368266810184732,0.4077866602722394,0.5633447515075859,0.8992506357853852,0.38774587658254356,0.9636583031098479,0.40055483520838564,0.6291201063894362,1.0,Демонстративный,Демонстративный_013,True,extreme,5,0.5050690437149863
0.4312849885414553,0.6336488676874983,0.35748708907318894,0.546777439959179,0.8349289260748086,0.4979798328209768,1.0,0.3950477174599455,0.6277875431473189,0.9844035668053216,Демонстративный,Демонстративный_013,True,extreme,6,0.5050690437149863
0.48799460164053954,0.6286735607326711,0.2241346651809285,0.5075567266806331,0.8302360572198882,0.4707563924883151,1.0,0.41346990268834816,0.6175490099426958,0.9898062336817575,Демонстративный,Демонстративный_013,True,extreme,7,0.5050690437149863
0.47092211067411527,0.6245726938967235,0.25285569897517635,0.5052895958155795,0.8239136072262901,0.4521453923353801,1.0,0.4364282818246943,0.6290647243772776,0.9694676178055304,Демонстративный,Демонстративный_013,False,extreme,0,0.5050690437149863
0.47416183408892143,0.4921091993194332,0.5167873365882655,0.49935870270307126,0.5391624986184755,0.4931605618292974,0.5994409771477264,0.49955534811609076,0.4955093916077505,0.5551406022125663,Демонстративный,Демонстративный_014,True,extreme,1,0.35632163909757536
0.48539829411635993,0.513440111250068,0.5094955251382433,0.4760564219351495,0.5366137094047349,0.49897345700966317,0.5956292486134532,0.46354237163988843,0.4845915018832431,0.7364182440997815,Демонстративный,Демонстративный_014,True,extreme,2,0.35632163909757536
0.47466264825978915,0.5133602426710044,0.45086611516070774,0.486792968879678,0.5405763533758025,0.46362275833231,0.7425362255996891,0.3652389012345744,0.5205863950890881,0.9512024244565958,Демонстративный,Демонстративный_014,True,extreme,3,0.35632163909757536
0.42816217449592564,0.5328542934696348,0.30648867042759487,0.48355465938934983,0.542291694019624,0.5062917692131707,0.9251246155812909,0.40718540517509577,0.617750014399595,0.9812032503426432,Демонстративный,Демонстративный_014,True,extreme,4,0.35632163909757536
0.4753543908757381,0.5618913006801253,0.29553641072377934,0.43012435125821735,0.5647655340014701,0.5645417872909696,0.9832691229211873,0.5039895762405949,0.6282936790357999,1.0,Демонстративный,Демонстративный_014,True,extreme,5,0.35632163909757536
0.4321556640883354,0.6238041026306984,0.3120139140919696,0.422508607845251,0.5035089606413894,0.630047433109069,1.0,0.4316231956563221,0.6384567990095255,1.0,Демонстративный,Демонстративный_014,True,extreme,6,0.35632163909757536
0.5090677669209359,0.6021238258706632,0.14926146305792443,0.3959291022821806,0.49320726943060766,0.6274099834241654,1.0,0.44493772572835777,0.6632419504370517,0.958923540005795,Демонстративный,Демонстративный_014,True,extreme,7,0.35632163909757536
0.5102221554792182,0.620693033582257,0.16022854214461438,0.3901605254356407,0.505429298092302,0.6346779841868975,1.0,0.42161125337955463,0.6583926845770712,0.9519619218878168,Демонстративный,Демонстративный_014,False,extreme,0,0.35632163909757536
0.4965944165769194,0.5141531953811191,0.529292841490451,0.4773141464991955,0.5133950946529665,0.5282299248294541,0.5160509766228337,0.3970545078681431,0.5262371212702988,0.6166187753493594,Демонстративный,Демонстративный_015,True,extreme,1,0.4043289077549014
0.47557429578601457,0.5662330731421679,0.4876530304900154,0.461337800110572,0.500362230678938,0.5429240901279596,0.532294978810962,0.3369527932344594,0.5194299761649748,0.7784324072648897,Демонстративный,Демонстративный_015,True,extreme,2,0.4043289077549014
0.4981067425994486,0.557012295220648,0.416847549917351,0.44731559282148387,0.48079956923235995,0.5625220262276572,0.6857589138139942,0.23593391873789352,0.5803287187282095,0.9958516178951862,Демонстративный,Демонстративный_015,True,extreme,3,0.4043289077549014
0.47052114282912794,0.565704208540771,0.33263410615600475,0.4038395456594987,0.5359842109417439,0.566484715232477,0.8312010997260081,0.2512025121293544,0.5623139258199809,1.0,Демонстративный,Демонстративный_015,True,extreme,4,0.4043289077549014
0.4665490884815672,0.6637919974987523,0.31621210814621603,0.3877475883721014,0.6640093119263298,0.5881263314985923,0.9197172445638157,0.26146274172094114,0.5580672849938381,0.9942190909919233,Демонстративный,Демонстративный_015,True,extreme,5,0.4043289077549014
0.4798193753937172,0.6667556897210667,0.2274549928398889,0.37773945607093923,0.6944912911971596,0.6454188893067455,1.0,0.3077728715145881,0.5583512212976303,0.9886687554713419,Демонстративный,Демонстративный_015,True,extreme,6,0.4043289077549014
0.5560765586447364,0.6980698251421219,0.06158627539726165,0.33093823089910235,0.6728597969962082,0.6417686350087527,1.0,0.3099230797595772,0.5591406945866526,0.9865282501323679,Демонстративный,Демонстративный_015,True,extreme,7,0.4043289077549014
0.5324455546108035,0.7083302384692405,0.07834100351622542,0.3200483032644056,0.6721434276458746,0.622139453218837,0.9722803874385157,0.27999971884384145,0.5557628114594936,1.0,Демонстративный,Демонстративный_015,False,extreme,0,0.4043289077549014
0.4630713883498788,0.5384839939113056,0.5271238013947143,0.49197297430507053,0.489008438028065,0.48115438617657147,0.5440683358746833,0.4548350617055094,0.5072292810034988,0.6149189818745291,Демонстративный,Демонстративный_016,True,extreme,1,0.5454274560990228
0.4564885317919361,0.5362889865872413,0.5078899985170819,0.5808202732112733,0.4806488174750006,0.4773787525473303,0.5706310050800651,0.44417274333256285,0.5071713556782675,0.6833728620071002,Демонстративный,Демонстративный_016,True,extreme,2,0.5454274560990228
0.4393961095838858,0.5375763854096888,0.5040260821105829,0.6099272901758933,0.4668038007033064,0.45645380917019773,0.7711343287230601,0.3204436393269219,0.4773272647161224,0.9819476492643073,Демонстративный,Демонстративный_016,True,extreme,3,0.5454274560990228
0.42395479996673285,0.5632812202914551,0.4018378082437836,0.5642431583669442,0.5233975278771555,0.4556763701864154,0.8945269507183237,0.27045824513461897,0.4382470140586794,1.0,Демонстративный,Демонстративный_016,True,extreme,4,0.5454274560990228
0.4937702274461848,0.5541431520909195,0.41969312887576316,0.5475536157600214,0.6105056691522488,0.4294708918709377,0.9671001458946316,0.40982935997709974,0.4341657107215598,1.0,Демонстративный,Демонстративный_016,True,extreme,5,0.5454274560990228
0.4267046915080859,0.5144005165705958,0.34537995637986035,0.5539781137030445,0.5493998721737221,0.5466570042645692,1.0,0.4147956917151533,0.4522357197140126,0.9934813175751745,Демонстративный,Демонстративный_016,True,extreme,6,0.5454274560990228
0.4858734100170763,0.5376358507107579,0.20356412676617203,0.5141293625905943,0.576563395769318,0.5529892897029659,1.0,0.4384749435432055,0.43182659939822715,0.9958975269589649,Демонстративный,Демонстративный_016,True,extreme,7,0.5454274560990228
0.4801854093748494,0.5117337318460596,0.22638143919360354,0.5075588425365506,0.5742760559290065,0.5371380780944102,1.0,0.4164708253991022,0.41787492304990836,1.0,Демонстративный,Демонстративный_016,False,extreme,0,0.5454274560990228
0.4915823058116205,0.48824008306151495,0.5132808143592281,0.506228581439846,0.541006531224737,0.527536788884198,0.5472920224079699,0.4432302622375315,0.49739103036151666,0.5672187710871002,Демонстративный,Демонстративный_017,True,extreme,1,0.5724901504464833
0.496944939179048,0.4410086637830841,0.5038909233454341,0.5509255321416876,0.5354329756279359,0.5309848856884654,0.5023110156238026,0.373575447547649,0.4762037050201345,0.6843725754554311,Демонстративный,Демонстративный_017,True,extreme,2,0.5724901504464833
0.48587823612023184,0.47224311771720034,0.5043879499107613,0.5292123219842542,0.5039319251163674,0.5175338947352367,0.6935023461737073,0.21665804048484394,0.4558859341792369,0.9462351731481891,Демонстративный,Демонстративный_017,True,extreme,3,0.5724901504464833
0.6070508216157535,0.4511143529767714,0.436835133609769,0.46523895251329117,0.4961386522725339,0.5368924165063438,0.8557328711593534,0.08554344405921543,0.5053127071460971,1.0,Демонстративный,Демонстративный_017,True,extreme,4,0.5724901504464833
0.5619127748562933,0.6035961497106468,0.3966431313603838,0.444733293091356,0.6376542774051128,0.5596624857129736,0.9102881580901251,0.09334523477661102,0.4461465276224034,1.0,Демонстративный,Демонстративный_017,True,extreme,5,0.5724901504464833
0.5006307376534676,0.6013792726570305,0.3222078060029985,0.4344026858738242,0.6980382883306933,0.5023927689744412,1.0,0.1433592149620735,0.4561975180464936,0.9868723102666832,Демонстративный,Демонстративный_017,True,extreme,6,0.5724901504464833
0.5996137550646059,0.5642306077265837,0.27938166020376787,0.4214317398334567,0.7498942754371437,0.5012531592560112,0.9858278789841093,0.13495056303077063,0.4652477838872846,0.9346804616175922,Демонстративный,Демонстративный_017,True,extreme,7,0.5724901504464833
0.6190939427158124,0.5866047940820677,0.29889251786303084,0.4313970375763192,0.7506358655077349,0.5015241692492471,1.0,0.1295668166543585,0.457132757408486,0.9381315458769973,Демонстративный,Демонстративный_017,False,extreme,0,0.5724901504464833
0.4799736468936104,0.5055877191099217,0.48162600207033457,0.5213066282343571,0.5737924402388832,0.47850865825268707,0.5366761326456662,0.47394663345282184,0.5111493057681318,0.5701643231555774,Демонстративный,Демонстративный_018,True,extreme,1,0.4814713362449124
0.4664954025464169,0.5457086152023676,0.4891836701116485,0.5089729133987564,0.5623324441228308,0.4571979381210227,0.5470111445002739,0.4089040875626667,0.4876814260427255,0.7154306536909689,Демонстративный,Демонстративный_018,True,extreme,2,0.4814713362449124
0.4498251137216096,0.6664348129837094,0.4508880576306753,0.5129364010817062,0.5290508033923419,0.439331641115893,0.7128892367246563,0.3299768925941103,0.5015815500370814,0.8755562965206587,Демонстративный,Демонстративный_018,True,extreme,3,0.4814713362449124
0.427404908630438,0.6622193670410815,0.39597887155831957,0.47222920364076343,0.6603658419705372,0.4359613131200855,0.8800350629396937,0.30859363413322477,0.5156983994129924,1.0,Демонстративный,Демонстративный_018,True,extreme,4,0.4814713362449124
0.4987510538602643,0.6395997060108931,0.3990145737875168,0.5241638901604119,0.8187267746425012,0.4059907077176188,0.9691068767234982,0.38130435707440363,0.5388237013926171,1.0,Демонстративный,Демонстративный_018,True,extreme,5,0.4814713362449124
0.5761665212143232,0.5955248231300775,0.40886451856769535,0.5001495858690727,0.7652159871695942,0.5172264446879368,1.0,0.3513141597295253,0.5589799600581913,1.0,Демонстративный,Демонстративный_018,True,extreme,6,0.4814713362449124
0.6409319613097718,0.6139254970697622,0.21422463175003956,0.43834823277910245,0.7581890161224971,0.5196469932687171,1.0,0.38943045089698974,0.5524944873378845,0.9867904587903863,Демонстративный,Демонстративный_018,True,extreme,7,0.4814713362449124
0.6492316759199916,0.609471368556702,0.23525373381140186,0.46788528220263853,0.7628999886746644,0.4940117532418353,1.0,0.40888766787627273,0.5525712266306233,0.9707043470349602,Демонстративный,Демонстративный_018,False,extreme,0,0.4814713362449124
0.5093187278186191,0.4546915036535894,0.4857763274472241,0.5345603042681678,0.5398859684718225,0.49565177085640083,0.5600530807504235,0.5134194402171951,0.46421961216329816,0.547571873321668,Демонстративный,Демонстративный_019,True,extreme,1,0.37154481330908523
0.5188761747735964,0.5001928203383282,0.46389571857519685,0.5273528840720854,0.5509186884434084,0.5017350884162853,0.5762061105610004,0.4734006737881146,0.5008703640059833,0.7135332015661876,Демонстративный,Демонстративный_019,True,extreme,2,0.37154481330908523
0.4992017211963109,0.48113337066504885,0.42906424250593955,0.534456155581182,0.5509164698863251,0.4633470181606307,0.7412438487264734,0.38151153062589177,0.5477794639214519,0.9257220963522678,Демонстративный,Демонстративный_019,True,extreme,3,0.37154481330908523
0.5099867018673044,0.48053076893825186,0.33641379256540715,0.504093840025563,0.5672363520328394,0.4590395299722871,0.9699446868115127,0.38381730559052807,0.623010211303494,1.0,Демонстративный,Демонстративный_019,True,extreme,4,0.37154481330908523
0.49965948236257607,0.5597571158885173,0.31170855418478166,0.4737882709452956,0.6081665266660354,0.46959551728464627,1.0,0.464334068079219,0.5975497503304443,1.0,Демонстративный,Демонстративный_019,True,extreme,5,0.37154481330908523
0.42933995570440586,0.5949416002341716,0.33067235497709013,0.43931300263179995,0.5536494092768215,0.6086132412765439,0.996090087418838,0.4274979665464829,0.5887105287864861,1.0,Демонстративный,Демонстративный_019,True,extreme,6,0.37154481330908523
0.49009515885037047,0.5757608876946644,0.1415540389398381,0.34592046017347466,0.5816397480173107,0.6139127118714561,1.0,0.39867155271816573,0.56948569827342,0.98304955457675,Демонстративный,Демонстративный_019,True,extreme,7,0.37154481330908523
0.5146110274843568,0.5552225990830961,0.151471558875217,0.32326941701624945,0.5762464132936675,0.6365980594356733,0.9851902491529388,0.3966614218291994,0.5637957273080029,0.9992351470222468,Демонстративный,Демонстративный_019,False,extreme,0,0.37154481330908523
0.49920751594074625,0.5176062935830884,0.5141928717580484,0.5173961923449454,0.5019460537248255,0.4927244381733577,0.5487358323596352,0.46958360557515166,0.46766875930267837,0.5350841960936507,Демонстративный,Демонстративный_020,True,extreme,1,0.4349840258045112
0.5029732261233549,0.6302172977248712,0.5391373838844021,0.571851531309733,0.5138476912902994,0.5806210654195575,0.589561510121503,0.4769127950641444,0.4569898119656964,0.5947193947171245,Демонстративный,Демонстративный_020,True,extreme,2,0.4349840258045112
0.4775591039291416,0.6159725203912968,0.5513418923882635,0.5899751604215896,0.46774397917205845,0.5840215587096823,0.8010145245014225,0.3217050498880891,0.46420496176790094,0.8231461178182651,Демонстративный,Демонстративный_020,True,extreme,3,0.4349840258045112
0.4884131584141708,0.6144876904479831,0.4072255687905528,0.5502036177927414,0.5483393434261117,0.5045582967810692,0.9575511924234711,0.3712894900011577,0.5269041000100216,0.8980458147555805,Демонстративный,Демонстративный_020,True,extreme,4,0.4349840258045112
0.548112024294103,0.5589968882403727,0.4042806804551421,0.5650311799188747,0.6722726123439445,0.5277420072196555,0.993434978101669,0.40015628061649255,0.5281590008831456,1.0,Демонстративный,Демонстративный_020,True,extreme,5,0.4349840258045112
0.5738080674703524,0.5734701983113965,0.3747397249037426,0.5472880543817468,0.687377630428383,0.5931377199694533,1.0,0.44093539351677336,0.5562588746310014,1.0,Демонстративный,Демонстративный_020,True,extreme,6,0.4349840258045112
0.6355676107855408,0.5590054601435732,0.2705081933465682,0.44704454085936174,0.6825072606709622,0.5870989098896281,1.0,0.43054994222112086,0.5501158521111269,0.9813354494691384,Демонстративный,Демонстративный_020,True,extreme,7,0.4349840258045112
0.616000759707275,0.5427178658077775,0.24620294803839088,0.46726776446559204,0.6779961812391068,0.6001923103931548,0.9848139493566164,0.4552014115323707,0.5773556722592587,0.9690693898405899,Демонстративный,Демонстративный_020,False,extreme,0,0.4349840258045112
0.5031323864976517,0.5278282703292528,0.5534520440563514,0.5351843545402533,0.46815884574886174,0.5173580102987887,0.5324154438660154,0.4519762337960856,0.5133589031584093,0.560906248027589,Демонстративный,Демонстративный_021,True,extreme,1,0.47086957353264725
0.521505586678824,0.5871837120413914,0.5723053386957049,0.5468807776315273,0.47480286983352404,0.5166671404795629,0.5084601380769044,0.39460402107951087,0.505904666678389,0.7033386025870976,Демонстративный,Демонстративный_021,True,extreme,2,0.47086957353264725
0.5086484741772661,0.6180497894717265,0.5093057804868503,0.5534932482667144,0.5027039084235518,0.5057741379138552,0.6622965137303859,0.2830539028207456,0.5562079965983441,0.9360079735653988,Демонстративный,Демонстративный_021,True,extreme,3,0.47086957353264725
0.5412260079740584,0.628057022806068,0.37321385276060104,0.4959024542443305,0.5218533236128235,0.4866101185818998,0.7705951212202181,0.3716642327307886,0.6111728958307325,0.9742515150703899,Демонстративный,Демонстративный_021,True,extreme,4,0.47086957353264725
0.6509513567237412,0.573591355992773,0.4007454188027981,0.5969397939143174,0.6362821005482288,0.5479690303185576,0.8498623398934287,0.43515896867551046,0.5622539362598904,1.0,Демонстративный,Демонстративный_021,True,extreme,5,0.47086957353264725
0.5568010195273146,0.5807532834271398,0.343496563433215,0.609502465527318,0.7056421738489546,0.4797770809764428,1.0,0.5029909899940799,0.5206453034896523,0.994726224660493,Демонстративный,Демонстративный_021,True,extreme,6,0.47086957353264725
0.6639927975585468,0.5806736230525423,0.1665458060440448,0.5363827708212551,0.7379523338776288,0.5161384154753308,1.0,0.46547360706290064,0.5504233485474315,0.996534618439958,Демонстративный,Демонстративный_021,True,extreme,7,0.47086957353264725
0.6353771887806348,0.6036018926472088,0.1445600363221153,0.5559495630885949,0.7079736760779591,0.5049370688508531,1.0,0.4493256557930227,0.540690314150138,1.0,Демонстративный,Демонстративный_021,False,extreme,0,0.47086957353264725
0.4946151205290065,0.5097154001567499,0.49132934256976063,0.5035693539259977,0.5217859678222486,0.5114662548331653,0.5492887408705021,0.47694504986046704,0.5085929278298805,0.5795848040252046,Демонстративный,Демонстративный_022,True,extreme,1,0.47695608081619534
0.4895449085346966,0.5430048548005374,0.49360074182895874,0.4971767445878448,0.5272685584698297,0.49765983047571516,0.5139797555753655,0.41259525768655125,0.49401216788428814,0.7638481042863993,Демонстративный,Демонстративный_022,True,extreme,2,0.47695608081619534
0.49974807232009616,0.607679429442458,0.44047839330013944,0.47952192081365885,0.5089904842361536,0.47562962099435413,0.7242435755951768,0.31531594139092234,0.4544923240646243,0.8965368233876004,Демонстративный,Демонстративный_022,True,extreme,3,0.47695608081619534
0.43906298249471226,0.5768791117553137,0.32998552395128755,0.5078256659161003,0.4991062145005975,0.527513063058304,0.883774241476976,0.3310584171969111,0.5720673644592781,0.9593349751070054,Демонстративный,Демонстративный_022,True,extreme,4,0.47695608081619534
0.3986317188848708,0.6655620836073286,0.36070362690145524,0.5359139494841932,0.681806819766373,0.5664671242505355,0.9365718848490489,0.35318923777253625,0.550258853748251,1.0,Демонстративный,Демонстративный_022,True,extreme,5,0.47695608081619534
0.35613870775371714,0.6414500653609111,0.28321948285194015,0.5220278485212075,0.6255124233189759,0.6484988554534723,1.0,0.3657107784925979,0.563254857383492,0.9702399265814599,Демонстративный,Демонстративный_022,True,extreme,6,0.47695608081619534
0.4121088388514587,0.6586544948239094,0.11426361075125716,0.49350147368308783,0.6491901073572571,0.6728698636138202,1.0,0.398228583491768,0.5256530336474515,0.9667639122642696,Демонстративный,Демонстративный_022,True,extreme,7,0.47695608081619534
0.399813346177042,0.6796261852593937,0.11887623207877127,0.5198346973895688,0.6631104985818271,0.644486902642202,0.970781967848604,0.4017819145637721,0.545640222992216,0.9553915431199644,Демонстративный,Демонстративный_022,False,extreme,0,0.47695608081619534
0.4641320593732272,0.5208700287596756,0.5599013745482707,0.5017219978301469,0.49526991819053945,0.4956602022545154,0.5542003023512808,0.3997301135039651,0.49886081305264096,0.5977831219434308,Демонстративный,Демонстративный_023,True,extreme,1,0.3846867705937672
0.47093920449841403,0.5921512420877132,0.5593647282118666,0.48849136321395875,0.48203496971131515,0.5085531398526135,0.5245990787425829,0.32816202562977215,0.5112941814822459,0.7578758328323181,Демонстративный,Демонстративный_023,True,extreme,2,0.3846867705937672
0.44362066084393675,0.6651194673096049,0.4254637565491816,0.46449971905399184,0.5124845913806796,0.5018351291397547,0.6217854429837684,0.35587443861108425,0.5147188253584127,0.8370750523394878,Демонстративный,Демонстративный_023,True,extreme,3,0.3846867705937672
0.4497894564127122,0.6726403216466091,0.3111833810191798,0.4171275489075392,0.5166394713407507,0.49625847283822616,0.8555107615499538,0.3450059245443441,0.5907561492621058,1.0,Демонстративный,Демонстративный_023,True,extreme,4,0.3846867705937672
0.5315926370321696,0.599510339646337,0.28682617759678775,0.4743111539051788,0.6663764430173822,0.4610366475008467,0.8756274159694389,0.37916493834517867,0.571893211228649,1.0,Демонстративный,Демонстративный_023,True,extreme,5,0.3846867705937672
0.47140758950857203,0.6097873893243015,0.23534972242200208,0.4610444133530233,0.623004562247639,0.5773025118765863,1.0,0.38058261015031547,0.5640410305720257,0.9860612634283435,Демонстративный,Демонстративный_023,True,extreme,6,0.3846867705937672
0.5335930145706594,0.6015583152080992,0.0907355377403222,0.4081222384764865,0.6368178665841209,0.56629768069087,1.0,0.4000342422511974,0.5777416571322131,0.9701009323380448,Демонстративный,Демонстративный_023,True,extreme,7,0.3846867705937672
0.5124296223369185,0.6131752946602499,0.0872322180817154,0.4191245993968936,0.6621296140601789,0.5871515780093605,0.9898029923317774,0.4181277346106075,0.5517162206951781,0.9745413728890211,Демонстративный,Демонстративный_023,False,extreme,0,0.3846867705937672
0.4637229664716503,0.5073021950885357,0.4980467990206743,0.543866179806089,0.5450707518338804,0.48950719133896603,0.49872868559891526,0.4732048931229268,0.4688779280735682,0.5331464696787097,Демонстративный,Демонстративный_024,True,extreme,1,0.40505667762758263
0.4546639587058306,0.557778031244845,0.46513132122745066,0.5203665714983214,0.5295623003742476,0.49665647898987775,0.48703294826931887,0.4737475996316062,0.5087552848401015,0.7131993611449138,Демонстративный,Демонстративный_024,True,extreme,2,0.40505667762758263
0.47950719349893617,0.5425730430979135,0.4567011121037871,0.5269508920660498,0.4964484771091858,0.4887369589721286,0.7117725522075222,0.26249881995096075,0.4746523282126673,0.9794847471747267,Демонстративный,Демонстративный_024,True,extreme,3,0.40505667762758263
0.47804494282099635,0.5046421770402973,0.3037759209558843,0.48758088463503096,0.4854273883018043,0.49457272836128546,0.9838431417115663,0.24807981843204913,0.5534767103158218,1.0,Демонстративный,Демонстративный_024,True,extreme,4,0.40505667762758263
0.5321558971451607,0.4536922987833333,0.33275164003707025,0.43160275165608636,0.6879312496664113,0.4892480678904413,0.9682521782411038,0.35207769551708823,0.5479876398713971,1.0,Демонстративный,Демонстративный_024,True,extreme,5,0.40505667762758263
0.4345524010601166,0.4608344599162245,0.24349252935495846,0.40844414539826013,0.6151112537942856,0.6185209973332139,1.0,0.370063092460364,0.5211378656886849,1.0,Демонстративный,Демонстративный_024,True,extreme,6,0.40505667762758263
0.45612518749020764,0.4364447047145441,0.21526891668105527,0.4433288373677789,0.6393014400862251,0.6270513103386178,0.9174159921582656,0.3389534083143992,0.5520450274674881,0.9768581071614808,Демонстративный,Демонстративный_024,True,extreme,7,0.40505667762758263
0.45840955694649044,0.4297077655564753,0.22345898655736132,0.4655316942351094,0.6416809938291875,0.6342119849456487,0.9319864733298288,0.3354523846550316,0.5762078705691394,0.9545627855001705,Демонстративный,Демонстративный_024,False,extreme,0,0.40505667762758263
0.4968223150505653,0.5499653804409183,0.5722917808820245,0.48585132427859234,0.4877330506013789,0.5303175059000964,0.5486362889111248,0.4410458714293971,0.48785867259995236,0.5839859868661023,Демонстративный,Демонстративный_025,True,extreme,1,0.38149226156146104
0.4906745297718734,0.6127182837992207,0.610797621678862,0.47094225341808915,0.4580612726155125,0.5248144486579072,0.5884704499659761,0.4356942185617261,0.49113030759455156,0.7740744450046518,Демонстративный,Демонстративный_025,True,extreme,2,0.38149226156146104
0.49189970879768474,0.6126685316757959,0.5399962351007745,0.45279473557797295,0.4420205665712413,0.5236482284380424,0.7355685501518096,0.3586014603395567,0.5492938983598169,1.0,Демонстративный,Демонстративный_025,True,extreme,3,0.38149226156146104
0.4681138624285958,0.628457911450803,0.3990305462102478,0.4253233002803092,0.45004474573619013,0.5006038999092827,1.0,0.3306359136270128,0.643720252429463,1.0,Демонстративный,Демонстративный_025,True,extreme,4,0.38149226156146104
0.5378840094956743,0.6442863579371702,0.4082510404283407,0.47577883046983227,0.6824188355727708,0.4394315082025745,1.0,0.3778640119446951,0.6471462895597578,0.978765810415391,Демонстративный,Демонстративный_025,True,extreme,5,0.38149226156146104
0.4914881343383411,0.6407587118389659,0.3305008550053214,0.47472349722791546,0.5975135278758026,0.5483039766572372,1.0,0.3888017628435372,0.6263768303140875,0.9712300274807939,Демонстративный,Демонстративный_025,True,extreme,6,0.38149226156146104
0.5541124623437635,0.6711749512516058,0.13383504143104868,0.402141509733744,0.578165604948471,0.530821105364364,1.0,0.3932348331921054,0.5994553014037229,0.9629176248834915,Демонстративный,Демонстративный_025,True,extreme,7,0.38149226156146104
0.5602876743352386,0.6936942761615746,0.12443298541414095,0.40761110195204925,0.5853490451642519,0.5047776689814406,0.981665664832935,0.39376712556024374,0.6224645432994234,0.9733563150776137,Демонстративный,Демонстративный_025,False,extreme,0,0.38149226156146104
0.5184214959425859,0.4583904289240459,0.512289469988642,0.5074401744446858,0.5069519603426671,0.48378082208733303,0.5249380641886026,0.44113968772697454,0.48993821898150636,0.5779432843833521,Демонстративный,Демонстративный_026,True,moderate_a0.6,1,0.4903449375821772
0.5551679171217884,0.4872123809577755,0.5146860832526077,0.5755171888916553,0.5173408873679652,0.5190576317303428,0.5178161780959024,0.5098385716200303,0.5111119955610347,0.6347314009026274,Демонстративный,Демонстративный_026,True,moderate_a0.6,2,0.4903449375821772
0.4865007675897811,0.47113013262475545,0.4775987623254903,0.6062212531975911,0.6376595912506863,0.49858743972904596,0.6335521200483651,0.49682779728355964,0.5783019872830342,0.7529707785765813,Демонстративный,Демонстративный_026,True,moderate_a0.6,3,0.4903449375821772
0.4882330913547535,0.563716656631832,0.40456916848335883,0.6025330884540313,0.6518897111799469,0.5297896976901171,0.745314956851741,0.47703519501839214,0.5831400009788753,0.8600131138037984,Демонстративный,Демонстративный_026,True,moderate_a0.6,4,0.4903449375821772
0.5717623212647772,0.7014610315091622,0.3986884868690074,0.6190819853680776,0.6519126969760457,0.5929231633071371,0.7509965796059032,0.5334754219183078,0.5933877614087545,0.9456972698203899,Демонстративный,Демонстративный_026,True,moderate_a0.6,5,0.4903449375821772
0.5302953465346556,0.7166628597932216,0.3213660943506054,0.6770121681733464,0.6898082132214928,0.592416185769566,0.9734817831914769,0.5324451005581669,0.5922583286086593,0.8766878077136635,Демонстративный,Демонстративный_026,True,moderate_a0.6,6,0.4903449375821772
0.5971156698156944,0.769357830339907,0.16288614622325764,0.5907182455263852,0.6795111864142218,0.5679872027062789,1.0,0.5294506412265961,0.600614100563588,0.8822170259835881,Демонстративный,Демонстративный_026,True,moderate_a0.6,7,0.4903449375821772
0.5848311662582488,0.7878568480994353,0.13615168564803118,0.6048553018789233,0.7030688349876272,0.559612006570406,1.0,0.541253646920037,0.5801306050955967,0.8626825644468228,Демонстративный,Демонстративный_026,False,moderate_a0.6,0,0.4903449375821772
0.49754473326562837,0.49884361620733186,0.4652127926819639,0.5457277112996628,0.5182796122023382,0.4453175777828175,0.5237398768054344,0.47401358616390743,0.46996981133067883,0.5486500630732452,Демонстративный,Демонстративный_027,True,moderate_a0.75,1,0.2359088511822081
0.5035996834925328,0.656165856486254,0.4501376554523458,0.5524567398234853,0.4974507273881278,0.4739841290779251,0.5439476594841145,0.44109505159705115,0.4804324580869046,0.6450716167431824,Демонстративный,Демонстративный_027,True,moderate_a0.75,2,0.2359088511822081
0.5097937968718238,0.653855228926166,0.3806632607691706,0.5088020100018931,0.4790733480791554,0.45143767754015174,0.6977570930943046,0.33768872871648165,0.5576180899930984,0.851407737058371,Демонстративный,Демонстративный_027,True,moderate_a0.75,3,0.2359088511822081
0.4597236742927019,0.6238103712491491,0.2439692097670012,0.43796122533183424,0.47067064134974607,0.47514531968223406,0.9192890974770923,0.3286217051583812,0.6308575762753674,1.0,Демонстративный,Демонстративный_027,True,moderate_a0.75,4,0.2359088511822081
0.4505577120737675,0.6249097465973579,0.25854705688855595,0.4542887927347363,0.5685165974241365,0.5817284937292139,0.936871317268375,0.45547622817937733,0.6472548516137243,0.9592233298090799,Демонстративный,Демонстративный_027,True,moderate_a0.75,5,0.2359088511822081
0.4160556338695128,0.581276178327079,0.1868242625089188,0.5109793239964117,0.5851277824583301,0.5699150457669642,1.0,0.44020409766967034,0.6563053349790074,0.893541664277522,Демонстративный,Демонстративный_027,True,moderate_a0.75,6,0.2359088511822081
0.615584801363644,0.5956731893436782,0.2089945902408885,0.45756381544539726,0.5842648309187749,0.522108081481094,0.9143574147272026,0.46733042181765494,0.6644018101626257,0.9344303552771273,Демонстративный,Демонстративный_027,True,moderate_a0.75,7,0.2359088511822081
0.6202702225609891,0.5870016914556357,0.2078879725997637,0.4579604019107539,0.5826506837820538,0.5359487241849152,0.9265168073024923,0.46051843891634764,0.6818292765350986,0.9314611898548137,Демонстративный,Демонстративный_027,False,moderate_a0.75,0,0.2359088511822081
0.5027206092366396,0.4857387036558263,0.539848521717112,0.4802623112678685,0.47684821299684,0.49343270556622687,0.5366674451833807,0.4156470003569338,0.5033170714953188,0.5886394510569719,Демонстративный,Демонстративный_028,True,moderate_a0.85,1,0.34282987919431396
0.5306939853905227,0.5183843286974457,0.5423067653022219,0.562383668095454,0.508758470416519,0.520137926632579,0.5422017074813066,0.3645019614773029,0.5002480477288872,0.7958067265060067,Демонстративный,Демонстративный_028,True,moderate_a0.85,2,0.34282987919431396
0.5045481603778461,0.6189805799595016,0.42983778463146083,0.5824992565676701,0.5094579420662245,0.5193493507316219,0.6494467427020485,0.36414073265814134,0.5413691204880698,0.8573841432013951,Демонстративный,Демонстративный_028,True,moderate_a0.85,3,0.34282987919431396
0.5560073169470932,0.609313100603221,0.2631409744444764,0.5517359249606624,0.5171538867112317,0.5465395839845513,0.8627484069276987,0.36858271187318703,0.584083178775918,1.0,Демонстративный,Демонстративный_028,True,moderate_a0.85,4,0.34282987919431396
0.6272228548779083,0.5436692738808068,0.2949907548644565,0.49761843034016795,0.7158988976164491,0.5575506842049653,0.888123484314405,0.5384426187385677,0.5736809473315425,1.0,Демонстративный,Демонстративный_028,True,moderate_a0.85,5,0.34282987919431396
0.5308388565588006,0.5617668121907933,0.21716624087732492,0.528592811893067,0.665288431349411,0.6546568057946851,1.0,0.5163545738000388,0.5802746729525529,1.0,Демонстративный,Демонстративный_028,True,moderate_a0.85,6,0.34282987919431396
0.5597870040049334,0.5691091699765366,0.12413099368480537,0.5192842478291037,0.6889556039550939,0.6607019954424511,1.0,0.4406000936864317,0.5720338543252136,0.9944688431066523,Демонстративный,Демонстративный_028,True,moderate_a0.85,7,0.34282987919431396
0.5433397123480681,0.5788013053958122,0.12247183995367927,0.5410118094887436,0.6722466112801173,0.6510405373266659,0.9866387633516563,0.4595564150805609,0.590275466583715,0.9749107271451439,Демонстративный,Демонстративный_028,False,moderate_a0.85,0,0.34282987919431396
0.45926353114759433,0.5249480941049927,0.5043421454709915,0.5159261561635768,0.48703478671980055,0.5288652280656952,0.5131531064068252,0.4943458493454395,0.52825559048598,0.5556843501867048,Демонстративный,Демонстративный_029,True,moderate_a0.6,1,0.36343321800252926
0.48452008936857704,0.5229077638765062,0.45084161710018833,0.5109931189668083,0.4966347511490272,0.5558984129680246,0.48781206592831833,0.4386458542923756,0.529770029570793,0.6430348532815812,Демонстративный,Демонстративный_029,True,moderate_a0.6,2,0.36343321800252926
0.39453018147469315,0.5341028670684121,0.3969288022371015,0.5364611073658156,0.6167650300521714,0.56756638826394,0.5697647492561995,0.42661546014595786,0.6184576089603437,0.7970894377268675,Демонстративный,Демонстративный_029,True,moderate_a0.6,3,0.36343321800252926
0.4378794905173032,0.5411274722442242,0.3044494940398217,0.4533043408471224,0.5544671732565579,0.589662798037983,0.7650282808151339,0.3972341654223042,0.7230435149628389,0.951219274765231,Демонстративный,Демонстративный_029,True,moderate_a0.6,4,0.36343321800252926
0.5133837582634876,0.5301992716315215,0.27476424688257045,0.5054293091979295,0.6170179874421341,0.6189615891817672,0.7890199990661891,0.47139671686945833,0.7336857337127232,1.0,Демонстративный,Демонстративный_029,True,moderate_a0.6,5,0.36343321800252926
0.5049694770830042,0.5803731623223063,0.26199457522835684,0.48552206357298205,0.6560631230973084,0.700462557600199,0.8455269914542175,0.4519002767610705,0.772878562838153,1.0,Демонстративный,Демонстративный_029,True,moderate_a0.6,6,0.36343321800252926
0.5648169734716787,0.5869106396629816,0.18223063709155796,0.49985313076716176,0.6867369116891691,0.7053060019630424,0.9628229265206908,0.4370186074912797,0.7776065698736342,0.9878796830913967,Демонстративный,Демонстративный_029,True,moderate_a0.6,7,0.36343321800252926
0.5475451468596475,0.6048497602308912,0.17307062306987414,0.4929659173793427,0.7144614641281739,0.724760175411396,0.9648350669083606,0.46625521292327793,0.7646327508452749,0.9603483293387751,Демонстративный,Демонстративный_029,False,moderate_a0.6,0,0.36343321800252926
0.4976475688024941,0.500884670309135,0.4808845774833952,0.5076969419537797,0.5088761005221208,0.47347613107420283,0.5569503818081285,0.44575467498835153,0.5242412185325237,0.5214100192113723,Демонстративный,Демонстративный_030,True,moderate_a0.75,1,0.4452137991598848
0.48144700069598884,0.5477016648335372,0.4896338780104507,0.516942348943388,0.49112497896761614,0.5064229965500677,0.543335919891696,0.3922255506800073,0.4961413488684342,0.6900795764355152,Демонстративный,Демонстративный_030,True,moderate_a0.75,2,0.4452137991598848
0.3912474766695627,0.6494918995089302,0.4278463931818889,0.540855533124271,0.5380178646586782,0.5059680042378301,0.6680644036785334,0.3424239878973881,0.5512209283931371,0.7374685895815274,Демонстративный,Демонстративный_030,True,moderate_a0.75,3,0.4452137991598848
0.3772404923775598,0.6496113861117755,0.3117438374678296,0.5501809733813658,0.6278052906200439,0.42878608087300135,0.8803743375355191,0.3971728284203739,0.613671605179411,0.7948384587767564,Демонстративный,Демонстративный_030,True,moderate_a0.75,4,0.4452137991598848
0.44663531764409614,0.6252578254303494,0.3567260309838503,0.6400610811502999,0.7406376250386391,0.46539841201066506,0.9342638596093423,0.4114524608807072,0.5541015571680101,0.9960712832527486,Демонстративный,Демонстративный_030,True,moderate_a0.75,5,0.4452137991598848
0.35742187053348673,0.6205565856227827,0.26612462019367894,0.619218046245692,0.6623442118085491,0.5784289306243217,1.0,0.44662372589949517,0.543741623152967,0.9860380576643863,Демонстративный,Демонстративный_030,True,moderate_a0.75,6,0.4452137991598848
0.49903659737380307,0.6293521059559446,0.27062379735268405,0.5855554962882844,0.6465697320193138,0.5711595216473202,0.9230828990271277,0.4406728128990704,0.5175772882066716,0.999959312826431,Демонстративный,Демонстративный_030,True,moderate_a0.75,7,0.4452137991598848
0.4886284185587297,0.6525226780707526,0.2924968983184752,0.6111667325744041,0.6738753862684864,0.5520421804382771,0.8948082443937159,0.4458986061759672,0.5299270657235322,1.0,Демонстративный,Демонстративный_030,False,moderate_a0.75,0,0.4452137991598848
0.5030424788505592,0.4999592847022381,0.5217308722214664,0.5041305482294101,0.5069187162589185,0.5264789464317289,0.5441149706329818,0.4487425882929148,0.5074010230872233,0.5564292210493296,Демонстративный,Демонстративный_031,True,moderate_a0.85,1,0.3646312300559715
0.4890898805069844,0.49723572741517036,0.5481559535434534,0.5944693164981465,0.5024726615284115,0.5396440340213005,0.5336303246960921,0.36788114763000646,0.49240363428114264,0.708678580547114,Демонстративный,Демонстративный_031,True,moderate_a0.85,2,0.3646312300559715
0.4011407790462941,0.5586415708228933,0.446355528774704,0.6274429821925853,0.5686555555600561,0.5235807714505482,0.6153043435960217,0.4687639861605331,0.5984305343433498,0.6732296710975946,Демонстративный,Демонстративный_031,True,moderate_a0.85,3,0.3646312300559715
0.5085140257716928,0.5398728667635898,0.40540300159834736,0.5730688877088321,0.583989993204381,0.5102102987161491,0.8194842298641355,0.3338191941930044,0.6736851077911225,0.8832071085706942,Демонстративный,Демонстративный_031,True,moderate_a0.85,4,0.3646312300559715
0.5994877107252998,0.6763966734441331,0.41349278431730535,0.5604018737183484,0.6112836781786288,0.5752499482223637,0.7904205863927697,0.5041614639887942,0.6138652465000093,0.9254308670929707,Демонстративный,Демонстративный_031,True,moderate_a0.85,5,0.3646312300559715
0.5265953335766612,0.6788346162326334,0.3479089682606905,0.564167520000841,0.5446484089867105,0.6637670819783068,1.0,0.48315171245475,0.6505212711265212,0.9453985804661209,Демонстративный,Демонстративный_031,True,moderate_a0.85,6,0.3646312300559715
0.611384941434276,0.7068505924345456,0.17105769490168493,0.5089868101518511,0.540444062228371,0.6242657853326873,1.0,0.4921341088444934,0.6671686951100361,0.9270179949419618,Демонстративный,Демонстративный_031,True,moderate_a0.85,7,0.3646312300559715
0.6185451452099319,0.6914885312525352,0.15914453377213642,0.486490619266823,0.5541990934950312,0.6258015225531822,0.9738001629972702,0.5201248918617919,0.6642605305505499,0.9199972413800441,Демонстративный,Демонстративный_031,False,moderate_a0.85,0,0.3646312300559715
0.4737301505211201,0.5036751475473119,0.5048533618637926,0.4836247027032696,0.4949947936805871,0.49042995063643025,0.5483117593810402,0.46470498662335685,0.4804120621903196,0.5758328397276327,Демонстративный,Демонстративный_032,True,moderate_a0.6,1,0.40248239909357486
0.47628886403994247,0.50283071928686,0.4993110492425258,0.5722868609285675,0.4936981927364366,0.4970690421109682,0.5472933707253934,0.3902391817501452,0.49646286302990267,0.7431772007288275,Демонстративный,Демонстративный_032,True,moderate_a0.6,2,0.40248239909357486
0.4972881437270073,0.6106703318939987,0.35662003840906065,0.572217383609828,0.527568417176526,0.4735055162351062,0.6673079931391939,0.36558212762713904,0.5735931270212242,0.8093941646341377,Демонстративный,Демонстративный_032,True,moderate_a0.6,3,0.40248239909357486
0.5000118017301438,0.5956416291200703,0.2373283771022724,0.5105422572397529,0.5346768032811403,0.4884089128182577,0.9145400362558456,0.33295106812649045,0.6224565278942664,0.942038544139946,Демонстративный,Демонстративный_032,True,moderate_a0.6,4,0.40248239909357486
0.634111625524676,0.558913406060892,0.3447671927493522,0.5418766052652499,0.6268821376358289,0.5596563644047667,0.8952402547463275,0.3792471112943576,0.6066170815431031,1.0,Демонстративный,Демонстративный_032,True,moderate_a0.6,5,0.40248239909357486
0.5793864928528238,0.5192226456715996,0.2730429897036638,0.581020465904213,0.559440246194308,0.6633866513295834,1.0,0.4035127701141372,0.6279894511546191,0.9903939568249539,Демонстративный,Демонстративный_032,True,moderate_a0.6,6,0.40248239909357486
0.6291641394727542,0.47343483091307237,0.12111515154331592,0.554529969697902,0.5283462368939073,0.6659201255265338,1.0,0.440952851282773,0.5890499030722992,1.0,Демонстративный,Демонстративный_032,True,moderate_a0.6,7,0.40248239909357486
0.6484772877411922,0.48297394032759106,0.09370344895477961,0.5668145974126073,0.5566373054441422,0.6819502931825968,1.0,0.41721843569613826,0.5696860353472932,1.0,Демонстративный,Демонстративный_032,False,moderate_a0.6,0,0.40248239909357486
0.48555210533606397,0.5071754900062085,0.48119153255656916,0.5171646200081765,0.4907447008233823,0.5321025516666545,0.5659119419101171,0.4285062792841348,0.4947175519419613,0.547170164061732,Демонстративный,Демонстративный_033,True,moderate_a0.75,1,0.22432839612331035
0.4974101204171922,0.5471620433837602,0.4649795840907182,0.5546079968316715,0.5097366313606411,0.5609839175159189,0.5709888531947597,0.42976229203349725,0.49620049973702723,0.7332553066324482,Демонстративный,Демонстративный_033,True,moderate_a0.75,2,0.22432839612331035
0.5062016723169067,0.5451623885851705,0.3789533699579089,0.5287964205829029,0.5034667784942902,0.5802622601044634,0.7054301564671548,0.3257004895258089,0.5641926863483122,0.9446845894000261,Демонстративный,Демонстративный_033,True,moderate_a0.75,3,0.22432839612331035
0.5274252213888886,0.5165984942742885,0.2509927719576598,0.4465682320578346,0.49010897259052355,0.6156422702082446,0.9382338780721224,0.3139875215177342,0.6485871880408697,1.0,Демонстративный,Демонстративный_033,True,moderate_a0.75,4,0.22432839612331035
0.553259454947216,0.5739154092797271,0.2614648228297756,0.4301940695751524,0.637734819312635,0.6056643997434192,0.9256858245258949,0.3676772964483248,0.6277935440209663,1.0,Демонстративный,Демонстративный_033,True,moderate_a0.75,5,0.22432839612331035
0.4937359968700181,0.593411937011767,0.17049034695207055,0.4918458038030382,0.7241156829040344,0.6118079639325466,1.0,0.3581331218391555,0.6347729320965401,0.956435770799165,Демонстративный,Демонстративный_033,True,moderate_a0.75,6,0.22432839612331035
0.6451610186056584,0.5734909203727832,0.15293132725197617,0.48265118799970264,0.6983163424852724,0.6139455163213268,0.9318091069695108,0.33203924006201874,0.6701210974855868,0.9534719179758154,Демонстративный,Демонстративный_033,True,moderate_a0.75,7,0.22432839612331035
0.6383111580140718,0.5921264207699568,0.14706581239798205,0.46208927705339053,0.6867004402167154,0.5867233339747513,0.9048817521001873,0.31919463073010057,0.6730511077349642,0.9488858400377902,Демонстративный,Демонстративный_033,False,moderate_a0.75,0,0.22432839612331035
0.4818317555041915,0.5451711727849904,0.4947925912761975,0.4941534401494,0.46823726633162127,0.5483429864444312,0.5119428510474923,0.4797464948405733,0.5113836584375846,0.5479740766280006,Демонстративный,Демонстративный_034,True,moderate_a0.85,1,0.3480956896970928
0.49925829728981375,0.5451384638017676,0.5352346625885198,0.51701418749033,0.45424284332892867,0.5592248752858939,0.5136278517833882,0.4211027694158136,0.5284401116951443,0.6908900980653763,Демонстративный,Демонстративный_034,True,moderate_a0.85,2,0.3480956896970928
0.5328197747050603,0.5617512213231586,0.46494707277331543,0.5260576112928761,0.4839500639900252,0.5914622819769626,0.6701864263786799,0.3499672334013269,0.6075778730763042,0.8618754881843789,Демонстративный,Демонстративный_034,True,moderate_a0.85,3,0.3480956896970928
0.5568229759772388,0.5281324798794816,0.31631721737907503,0.5313563806749603,0.6020682146528491,0.5501679141538635,0.8979886704218993,0.4242035738369719,0.6568001464632717,0.93161905367495,Демонстративный,Демонстративный_034,True,moderate_a0.85,4,0.3480956896970928
0.5843055093244833,0.6592092632723162,0.28395235566208993,0.49001918232797487,0.6747556751859384,0.5936074784573083,0.8880061479141423,0.4813714020162888,0.6704377117937081,1.0,Демонстративный,Демонстративный_034,True,moderate_a0.85,5,0.3480956896970928
0.502323740191504,0.6506638403839166,0.21889781415305015,0.4734487017425253,0.5729682754958977,0.6773338455388773,1.0,0.46278814489122544,0.649105655815068,0.9820686411533758,Демонстративный,Демонстративный_034,True,moderate_a0.85,6,0.3480956896970928
0.4121988777965481,0.6423990206210229,0.10011913908955748,0.5420828896852643,0.5688222190360268,0.691183676120727,1.0,0.43174180946802987,0.6608680778262139,1.0,Демонстративный,Демонстративный_034,True,moderate_a0.85,7,0.3480956896970928
0.39244919162856173,0.6168483277730714,0.10902527131736656,0.5553738015736303,0.5757990453976334,0.6623052326185543,0.9803749997044672,0.4073130894292681,0.6589901801589563,1.0,Демонстративный,Демонстративный_034,False,moderate_a0.85,0,0.3480956896970928
0.4920704217977961,0.502480753467098,0.5111244780828673,0.506807798671257,0.48791455437350617,0.5013805556046591,0.5214969258244804,0.5005896694956923,0.529940743145154,0.5790686088433067,Демонстративный,Демонстративный_035,True,moderate_a0.6,1,0.3566118702033605
0.5019994127697546,0.5681016112265181,0.5091220281333617,0.5161102649587068,0.4664551839303522,0.5137831855957495,0.517834009529968,0.5067609153700459,0.5427652677131456,0.7481169598847929,Демонстративный,Демонстративный_035,True,moderate_a0.6,2,0.3566118702033605
0.41701407274897906,0.5728380862211876,0.5179899780218239,0.4852327408535846,0.5506118606736836,0.47669267219649525,0.6616636684676693,0.4089212556865305,0.5828091590308125,0.9512913347189677,Демонстративный,Демонстративный_035,True,moderate_a0.6,3,0.3566118702033605
0.4219208410118786,0.5958627904236634,0.40648130274475985,0.4598300000176668,0.5809311891625875,0.4891959449584953,0.869237393704292,0.4090783891169137,0.6759853670142211,0.9973588875905538,Демонстративный,Демонстративный_035,True,moderate_a0.6,4,0.3566118702033605
0.4539880154861869,0.6650001995964424,0.38389080092640077,0.4847585817735685,0.537448377774288,0.5839696597855075,0.851770314792199,0.4637298540291634,0.6669261614927994,0.9940768124000762,Демонстративный,Демонстративный_035,True,moderate_a0.6,5,0.3566118702033605
0.4646393496288788,0.6345501765626971,0.2816241414767857,0.5134916283322428,0.5743003066196806,0.6189639374443264,1.0,0.4826820683925835,0.6729352391630952,1.0,Демонстративный,Демонстративный_035,True,moderate_a0.6,6,0.3566118702033605
0.5451122692520762,0.6398173449754548,0.29817677242551516,0.5103696426984039,0.5926730131883118,0.6440689464746807,1.0,0.46132250735740377,0.6765939368146152,1.0,Демонстративный,Демонстративный_035,True,moderate_a0.6,7,0.3566118702033605
0.5345346209520813,0.6169343135554859,0.3038533167486819,0.5110780101659559,0.5688112353537415,0.6155294537032622,1.0,0.45731127758189294,0.703583704448918,1.0,Демонстративный,Демонстративный_035,False,moderate_a0.6,0,0.3566118702033605
0.47549998775553587,0.4977444881838506,0.5316987425222611,0.49380452340762715,0.5360399395335025,0.5147258339050825,0.5307855561945921,0.44543867350735356,0.4828915887069523,0.53496086044264,Демонстративный,Демонстративный_036,True,mixed,1,0.3352629261647146
0.503663349742386,0.4661813264384189,0.5408340377276487,0.585219802445393,0.5435316278495864,0.5317559706848447,0.5574580725120242,0.3779608607175403,0.48841690181422515,0.6228812191037489,Демонстративный,Демонстративный_036,True,mixed,2,0.3352629261647146
0.5291446048049252,0.5634062715227626,0.4969990168148437,0.6299009268165283,0.5090933705428327,0.5057896269762142,0.722907548580354,0.2920673208867473,0.5010101523266027,0.731256546565886,Демонстративный,Демонстративный_036,True,mixed,3,0.3352629261647146
0.522889095018515,0.5306708463801532,0.36534534485039405,0.6058124545363799,0.5160640747332726,0.5148217052665023,0.954148694799409,0.29241726175770166,0.5559977712044173,0.8986294624368347,Демонстративный,Демонстративный_036,True,mixed,4,0.3352629261647146
0.5557782159455931,0.6844440022760606,0.35845330559621913,0.6344376081941743,0.5659193322978558,0.6331768052709006,0.9441870347830014,0.37744844284915274,0.5587469675696276,0.9634245518239075,Демонстративный,Демонстративный_036,True,mixed,5,0.3352629261647146
0.4970469724204966,0.6938959036908756,0.28511978966045676,0.6471615806898573,0.4692409081962523,0.7459158992738916,1.0,0.3381111951330259,0.5430484415909518,0.9612099449566283,Демонстративный,Демонстративный_036,True,mixed,6,0.3352629261647146
0.607995353138324,0.7129328779055243,0.284699028422407,0.5905742561915783,0.47659564585806263,0.7441102961944378,1.0,0.3584848971939141,0.5171295633245973,0.9584258275375455,Демонстративный,Демонстративный_036,True,mixed,7,0.3352629261647146
0.5833498148100407,0.7086538845770213,0.29394386306337794,0.5752590193911283,0.4527791963265473,0.76469318741119,0.9853045884848994,0.33179267744258784,0.5220132723976472,0.9403376081812782,Демонстративный,Демонстративный_036,False,mixed,0,0.3352629261647146
0.49349895358616536,0.45975612745821376,0.5208166163435883,0.5405346906734273,0.534891229779813,0.5014345890353776,0.5267324583313381,0.42741188647836353,0.492810021764797,0.5672237371136473,Демонстративный,Демонстративный_037,True,mixed,1,0.5856563165825587
0.49600119441419144,0.4213884006966292,0.5447859765799611,0.6853995612995666,0.5182570850157585,0.49971211475998956,0.5199474368571465,0.4035115320477638,0.46699040877403203,0.6175817257183855,Демонстративный,Демонстративный_037,True,mixed,2,0.5856563165825587
0.4999873163429705,0.4038261047813574,0.5502415946252244,0.6638027459868453,0.6110194085056297,0.3979463506412711,0.6269301652218476,0.42671148560710825,0.44921073047117666,0.7698813480553065,Демонстративный,Демонстративный_037,True,mixed,3,0.5856563165825587
0.4986356015154988,0.4668368223809844,0.4515858922149574,0.664066600608582,0.6383805695950361,0.4280135065120886,0.7248165818382366,0.4262895314840625,0.42236703291129085,0.8577296315437457,Демонстративный,Демонстративный_037,True,mixed,4,0.5856563165825587
0.4694884782425788,0.4770798890461146,0.4644439776486389,0.7013135566658476,0.8416474210375388,0.49366792339001464,0.7350716870666051,0.4976506670745421,0.4294812020870785,1.0,Демонстративный,Демонстративный_037,True,mixed,5,0.5856563165825587
0.37669969012287186,0.4575335670966357,0.44435463105022593,0.7175191457271833,0.8352213518293432,0.5649672191300015,0.92114904931877,0.5771171625386706,0.43527215060358393,0.9233533020478842,Демонстративный,Демонстративный_037,True,mixed,6,0.5856563165825587
0.3067640429753579,0.4542897958219701,0.28508180917302284,0.8055595493740553,0.8652033047025778,0.5743506393803839,1.0,0.5940393593187918,0.4676972373379334,0.8998722155269386,Демонстративный,Демонстративный_037,True,mixed,7,0.5856563165825587
0.3151684433902944,0.4318208227230801,0.28185240639632114,0.8215173189096378,0.8551713377503047,0.5834693552090152,1.0,0.5785801227074516,0.4645879172545166,0.928685443349884,Демонстративный,Демонстративный_037,False,mixed,0,0.5856563165825587
0.5011480445459346,0.47112778458470733,0.566256165478576,0.4767680208439104,0.5381922792955652,0.5162933812302863,0.5165977673412947,0.43838290967868027,0.507743329503139,0.5807110848628213,Демонстративный,Демонстративный_038,True,mixed,1,0.4397949620770652
0.48781384714747383,0.5951476501034806,0.5576236189029626,0.5226348421790639,0.5251816981800996,0.6221348273857373,0.4788472603982043,0.436052750965517,0.5195123487470967,0.6657877201861607,Демонстративный,Демонстративный_038,True,mixed,2,0.4397949620770652
0.471144232643949,0.7120459671560454,0.4427776883065399,0.49632047902217674,0.5235382661697985,0.6105301217894177,0.6131301179868525,0.42480171181675014,0.5485179197205686,0.7213786325781718,Демонстративный,Демонстративный_038,True,mixed,3,0.4397949620770652
0.49340203289985646,0.736830499602574,0.3918611363209464,0.5478025960749053,0.5554049035186189,0.5906003361309293,0.6945763435878732,0.4022613465843996,0.6874289146121076,0.8614258159163426,Демонстративный,Демонстративный_038,True,mixed,4,0.4397949620770652
0.5836866036717343,0.8390750723720918,0.3646551861284276,0.5641733708195207,0.572683832759338,0.7286275252825438,0.7319067540763272,0.5239939011806412,0.6815512157158752,0.9248142867659143,Демонстративный,Демонстративный_038,True,mixed,5,0.4397949620770652
0.49298924847754694,0.8339597565506519,0.291272885099523,0.572031701235497,0.5006610113982308,0.8066412669542306,0.9876847574418194,0.5177218931797662,0.7110634753162635,0.9196238821572135,Демонстративный,Демонстративный_038,True,mixed,6,0.4397949620770652
0.5479687829696037,0.8350298154255902,0.21690518274384696,0.5247732233764268,0.5152784511759668,0.859636117495371,1.0,0.46551352622203634,0.6864566592734527,0.9949058209571486,Демонстративный,Демонстративный_038,True,mixed,7,0.4397949620770652
0.5532442349025989,0.8380668972744378,0.21355564089191126,0.5094820518469979,0.5348480187728887,0.8519071822981314,1.0,0.4660842787245715,0.6828548769392118,0.9933625756953047,Демонстративный,Демонстративный_038,False,mixed,0,0.4397949620770652
0.5144137660499608,0.47765788336503406,0.493847589941198,0.5217656774645235,0.5292733715087258,0.5739723029520938,0.5726449250473468,0.42428440409516227,0.4951121736808731,0.59195441137707,Демонстративный,Демонстративный_039,True,mixed,1,0.563788835648565
0.5017350048588173,0.6164563721846452,0.5079546700464831,0.5343088186045645,0.5289861697231318,0.6417702705683259,0.5816901724105781,0.3957260287011618,0.4780514300176945,0.6528546530425314,Демонстративный,Демонстративный_039,True,mixed,2,0.563788835648565
0.5126155736920731,0.7314737489103647,0.3557033105021939,0.5213751440162969,0.558985664460844,0.6436971790148042,0.7186599310545466,0.4106416774844138,0.5356298274739526,0.7235862256018022,Демонстративный,Демонстративный_039,True,mixed,3,0.563788835648565
0.4562754563282707,0.7456838631427407,0.21164450174286303,0.564865449356637,0.5419736926307678,0.6431874321777077,0.9234467821911826,0.4934361170390563,0.6130569516188636,0.791786936002228,Демонстративный,Демонстративный_039,True,mixed,4,0.563788835648565
0.5360821974920207,0.9064409652700072,0.182630621664844,0.5550708837944611,0.5148242652481565,0.7354650186016067,0.9078159854039949,0.5144784612928622,0.5440837737143175,0.9392133886864664,Демонстративный,Демонстративный_039,True,mixed,5,0.563788835648565
0.43800425642507895,0.965696563470058,0.21210388460214014,0.5608081230816636,0.43185763228462803,0.8353607162231845,0.9877675253723927,0.4772773465762836,0.5377762741651189,1.0,Демонстративный,Демонстративный_039,True,mixed,6,0.563788835648565
0.40961814054431595,0.9792804589070159,0.049153964891207685,0.637061120220455,0.4281125163707809,0.81264862540492,1.0,0.451263220100234,0.5155347226548535,0.9617152737563779,Демонстративный,Демонстративный_039,True,mixed,7,0.563788835648565
0.4261334641383638,1.0,0.035892869929076726,0.632031295721321,0.41503191361467584,0.8283250473254604,0.9985968379993909,0.4544441254825861,0.5381438806725373,0.9545223724302113,Демонстративный,Демонстративный_039,False,mixed,0,0.563788835648565
0.4948554525960228,0.511197092396827,0.4949185084649823,0.5287162893704864,0.5822861078501496,0.404177719073486,0.4990916069449174,0.5053053624197604,0.5085715208209012,0.4954683290503391,Неуравновешенный,Неуравновешенный_000,True,extreme,1,0.3291433072750016
0.3862779965818873,0.4567262014598379,0.5165858879672588,0.6023433692222122,0.5794720952682867,0.3916917563832999,0.5065069958834226,0.6175267959317674,0.528684599129084,0.4550691592585767,Неуравновешенный,Неуравновешенный_000,True,extreme,2,0.3291433072750016
0.3390605324199103,0.5674513149690594,0.44546197855363623,0.5837897052229581,0.685246481087883,0.2878558674685649,0.4825116578885969,0.8650534960142818,0.5586165229807111,0.42724223455737276,Неуравновешенный,Неуравновешенный_000,True,extreme,3,0.3291433072750016
0.2801532711696423,0.5743145507570789,0.3080026577963218,0.644750080137725,0.7776756773516763,0.20230642763439513,0.5761128216427603,1.0,0.6663601788292486,0.4361923672482288,Неуравновешенный,Неуравновешенный_000,True,extreme,4,0.3291433072750016
0.241797227112307,0.5955411129252332,0.3635676136489868,0.6987010283089956,0.983161498276927,0.2881741614098538,0.5611574271104127,0.9965295482358383,0.6849116682622088,0.5439735927571105,Неуравновешенный,Неуравновешенный_000,True,extreme,5,0.3291433072750016
0.15860572934835135,0.6152095692210824,0.2814584711746083,0.770350587076916,1.0,0.2796887442290861,0.8185221758914305,1.0,0.6861158253152949,0.4973230214299115,Неуравновешенный,Неуравновешенный_000,True,extreme,6,0.3291433072750016
0.20788327022213685,0.6117715259427804,0.06883733374222042,0.6937248513533504,0.9711458080624575,0.2797833168608642,1.0,0.9900611371274671,0.6751471832250758,0.45827165516487,Неуравновешенный,Неуравновешенный_000,True,extreme,7,0.3291433072750016
0.19452793763564635,0.6141996422222484,0.04464860847125124,0.7087664048627187,0.9757909525526184,0.26737272055266476,1.0,0.9744145472744526,0.7034017296042158,0.4397417492566269,Неуравновешенный,Неуравновешенный_000,False,extreme,0,0.3291433072750016
0.4967738195316969,0.5056691723679428,0.47630933867746733,0.49646130357746077,0.5615191870878791,0.4795798205956539,0.5272738720460215,0.5218872347689152,0.531496451250512,0.5203550399006579,Неуравновешенный,Неуравновешенный_001,True,extreme,1,0.39535059389407734
0.4400047919339078,0.4153561088223678,0.4721476196218864,0.5604611313014839,0.5556206702978503,0.47865908746479446,0.5381758039293437,0.6769160654864202,0.4819446724050977,0.5024997774132799,Неуравновешенный,Неуравновешенный_001,True,extreme,2,0.39535059389407734
0.3681041030408907,0.4848344178195697,0.34473739948105164,0.5698660099144066,0.6351080915958509,0.48231769829362464,0.6325451063091749,0.7962470460722231,0.6157385095640958,0.47085474414285083,Неуравновешенный,Неуравновешенный_001,True,extreme,3,0.39535059389407734
0.30870206322001037,0.4806662819763603,0.21618425861940513,0.6865004966767978,0.7166568260499726,0.43252064054737394,0.7461193250664004,0.8435262957324091,0.7418377936008955,0.4562273888862124,Неуравновешенный,Неуравновешенный_001,True,extreme,4,0.39535059389407734
0.3241870693682532,0.5609862205353362,0.2390138477258132,0.6452267939562966,0.9139001247935699,0.3666955706540256,0.7836405944174466,0.9382940002883532,0.7585284174152161,0.686215263071241,Неуравновешенный,Неуравновешенный_001,True,extreme,5,0.39535059389407734
0.2601667270890967,0.5439466572361085,0.16894259941551515,0.7152958357402884,1.0,0.36655180603187976,1.0,0.9571371564773485,0.7553873201157332,0.6311025152856969,Неуравновешенный,Неуравновешенный_001,True,extreme,6,0.39535059389407734
0.2955344004882774,0.5547197311875466,0.1391602383457296,0.7916676390190797,1.0,0.36690810244565,0.921279441687667,0.9759192893695304,0.7690851044573045,0.6806000737843915,Неуравновешенный,Неуравновешенный_001,True,extreme,7,0.39535059389407734
0.3110608132521165,0.539453841962259,0.11693187713737165,0.8196562102827026,0.9828335980276324,0.3478833512632664,0.8931729891264569,0.9767684623807659,0.7725325531446099,0.6592493688697543,Неуравновешенный,Неуравновешенный_001,False,extreme,0,0.39535059389407734
0.5002811811894119,0.4785509001726928,0.4839408325254679,0.5183818821393347,0.5515544416086186,0.4524509942222115,0.5425331989390059,0.4855497239273327,0.47985482353991216,0.5401221871579807,Неуравновешенный,Неуравновешенный_002,True,extreme,1,0.41307069889445674
0.4266107625341118,0.45394065811763584,0.481677903212403,0.6141702901759112,0.5692993297046989,0.441353563480341,0.5400584162411789,0.606941250840039,0.4876663033634033,0.5627368075952914,Неуравновешенный,Неуравновешенный_002,True,extreme,2,0.41307069889445674
0.3313877689805258,0.5479744658433836,0.3593374955359876,0.6314097088183767,0.664202342002224,0.4403721807985695,0.6319077281675545,0.6602112323850383,0.5490030003696327,0.5186971988960519,Неуравновешенный,Неуравновешенный_002,True,extreme,3,0.41307069889445674
0.23190722092010901,0.5374113558428371,0.2764603044510024,0.6918322484389918,0.7965329794265814,0.37567522208387505,0.7298609347914837,0.7632421653075484,0.6838527965603238,0.5141741774654066,Неуравновешенный,Неуравновешенный_002,True,extreme,4,0.41307069889445674
0.284049940527078,0.5181319794398097,0.3402950039027997,0.729568534014828,0.9220610629027105,0.36630152003954947,0.7549296872021283,0.8824468359989013,0.6936969192777299,0.6161763812366201,Неуравновешенный,Неуравновешенный_002,True,extreme,5,0.41307069889445674
0.21094765427976925,0.5027631449016801,0.32048689217184595,0.7103644943725436,1.0,0.32725112414711255,0.8680365577237558,1.0,0.6933028275621562,0.5748180561343693,Неуравновешенный,Неуравновешенный_002,True,extreme,6,0.41307069889445674
0.2609442595118571,0.5362430948868825,0.14671850482758078,0.6233433044329374,0.981986068662942,0.3138762959412418,1.0,1.0,0.6785957585405319,0.5400760963828084,Неуравновешенный,Неуравновешенный_002,True,extreme,7,0.41307069889445674
0.28707298222850874,0.5075811099911497,0.1327467375700254,0.6271098415380325,1.0,0.3026400016561859,1.0,1.0,0.686572907410778,0.5289939294728143,Неуравновешенный,Неуравновешенный_002,False,extreme,0,0.41307069889445674
0.5053330675458704,0.5672114984432548,0.4960873329607018,0.5225526240645632,0.5349050325586625,0.5250567231937798,0.5007763798386661,0.541474496005574,0.4764065350269278,0.48603013185702354,Неуравновешенный,Неуравновешенный_003,True,extreme,1,0.4276253616669599
0.4364496474430515,0.4989710727272527,0.499380711364,0.5607776020769862,0.49661677458944653,0.5057046899424354,0.4880308301945779,0.5964364963353203,0.47327521813764395,0.5083895210006546,Неуравновешенный,Неуравновешенный_003,True,extreme,2,0.4276253616669599
0.37014267006614704,0.5114554421412244,0.42668881968065747,0.5491550209106213,0.7090411909764918,0.40626459787740565,0.46938046566223907,0.7568890978595967,0.5423520330943229,0.5073380991276792,Неуравновешенный,Неуравновешенный_003,True,extreme,3,0.4276253616669599
0.33606742714843074,0.4980880611523573,0.30764343092343793,0.6001888355470838,0.8059484147536086,0.35636057475454824,0.6151627671108111,0.829879631549522,0.6573752808921199,0.4925557369973965,Неуравновешенный,Неуравновешенный_003,True,extreme,4,0.4276253616669599
0.3600853144360426,0.5940743443368645,0.3001720863936198,0.6191377875788708,0.954136348221203,0.40371842805971353,0.6199032461320395,0.8970738094157331,0.6728309216905974,0.5363671737394133,Неуравновешенный,Неуравновешенный_003,True,extreme,5,0.4276253616669599
0.26107132015215107,0.5805379232687788,0.2340689000692978,0.6762241804465822,0.985773736340115,0.4035941227275789,0.8544725741724414,0.8861649415003676,0.6729572948125373,0.5020690976612773,Неуравновешенный,Неуравновешенный_003,True,extreme,6,0.4276253616669599
0.23511439259379477,0.560376541220491,0.0951394927496477,0.7442870285774487,1.0,0.44742495918204583,1.0,0.9188701044879438,0.6510804608009586,0.49244610033633496,Неуравновешенный,Неуравновешенный_003,True,extreme,7,0.4276253616669599
0.21981788102167626,0.5424014421595147,0.09883962635725994,0.7175661827877742,0.986184498416921,0.4521428101896645,1.0,0.9160391792688638,0.6652380936929833,0.5111242606385674,Неуравновешенный,Неуравновешенный_003,False,extreme,0,0.4276253616669599
0.5107754618643874,0.5261031360534413,0.46702090816278385,0.512241482704552,0.5926365417180719,0.4734417366699066,0.5125742458256718,0.5070529806629404,0.5205828399574838,0.4576793171952235,Неуравновешенный,Неуравновешенный_004,True,extreme,1,0.48017856054044167
0.5040562038327925,0.7015336403189484,0.49116353383560146,0.5270108195358701,0.5921978522725849,0.5448115633076912,0.514953820701693,0.5804825006378656,0.4902732924460261,0.5302027279498107,Неуравновешенный,Неуравновешенный_004,True,extreme,2,0.48017856054044167
0.4572444995773464,0.7113253397337249,0.48015516312044537,0.4930157396946822,0.8220793725895175,0.4074223369526467,0.5634324716092579,0.6490983486434473,0.548684778790494,0.6209867564005229,Неуравновешенный,Неуравновешенный_004,True,extreme,3,0.48017856054044167
0.36304475077048654,0.7210818988365709,0.35265742640623265,0.5652799602769837,0.9603348928353176,0.3156424029583143,0.6778795163692397,0.7646729687052906,0.6733471840325211,0.6019452284716904,Неуравновешенный,Неуравновешенный_004,True,extreme,4,0.48017856054044167
0.46300630393424047,0.658236563312584,0.3684488228664808,0.5925140404962472,1.0,0.2694466614922466,0.7051066645674274,0.8843576108399376,0.6981160856403211,0.6389307703926452,Неуравновешенный,Неуравновешенный_004,True,extreme,5,0.48017856054044167
0.3744088253068543,0.6734818132455712,0.2999632696331021,0.6342509484120897,1.0,0.25027145697527964,0.9129913714015712,0.8944086570264126,0.6990847572137354,0.6072344912667207,Неуравновешенный,Неуравновешенный_004,True,extreme,6,0.48017856054044167
0.4210327477634398,0.6841133434623528,0.09367273810703973,0.6169803709607571,0.9817411577003072,0.22289302494128993,1.0,0.8922447849563863,0.6808397407592695,0.6524791324309159,Неуравновешенный,Неуравновешенный_004,True,extreme,7,0.48017856054044167
0.3918709043122055,0.668656061013736,0.09822718340395821,0.6036675575713935,1.0,0.21898929384755803,0.9820281325209091,0.9185481006020334,0.6537622810390469,0.6707992291406409,Неуравновешенный,Неуравновешенный_004,False,extreme,0,0.48017856054044167
0.5092625632360207,0.5019943199936858,0.49411675124271515,0.5145461947272381,0.5414521167699908,0.49090405452176095,0.5496289721518317,0.48766144379035264,0.49641110081864537,0.550539272645446,Неуравновешенный,Неуравновешенный_005,True,extreme,1,0.3896085198999698
0.4174566087645269,0.44455869544004434,0.45695490193790483,0.5584693000446461,0.5553555674629322,0.47806561614448445,0.5390423534131116,0.6264451458698168,0.5041400017431312,0.535246428670731,Неуравновешенный,Неуравновешенный_005,True,extreme,2,0.3896085198999698
0.36476229018817036,0.5383208677569166,0.39369294674004385,0.5533265275485257,0.7015324173256815,0.3840144446236515,0.5420277632154942,0.864949441204558,0.5512302653217724,0.5312069791423082,Неуравновешенный,Неуравновешенный_005,True,extreme,3,0.3896085198999698
0.29724772957776513,0.5298570340649217,0.2779700244094881,0.620822610784104,0.8069343362055758,0.2865135826362563,0.6890789115648064,0.9518348138263643,0.6908323674875758,0.4855508262723418,Неуравновешенный,Неуравновешенный_005,True,extreme,4,0.3896085198999698
0.30306077304539214,0.5137303446141896,0.2722431575522412,0.6528345294131866,1.0,0.3151285677477879,0.6484953666522499,1.0,0.7396001192504941,0.6177071679597351,Неуравновешенный,Неуравновешенный_005,True,extreme,5,0.3896085198999698
0.22295209707909192,0.5332156795354194,0.24861132881448195,0.6262999615027885,1.0,0.3866650917393553,0.8615032598346404,1.0,0.719841374296498,0.5428971866943947,Неуравновешенный,Неуравновешенный_005,True,extreme,6,0.3896085198999698
0.1507511540687768,0.5574565733593276,0.09286025722636672,0.7082001207953801,0.9596728866359147,0.41198486796951445,0.9815201297630297,0.994134473634347,0.7311768479368709,0.5709563146539973,Неуравновешенный,Неуравновешенный_005,True,extreme,7,0.3896085198999698
0.16199501580792788,0.5695389504362903,0.11508412035528247,0.7358405336456447,0.9738443384162835,0.41955288286316056,0.9592208557793208,0.990604084436109,0.7074106579622386,0.5634907015306233,Неуравновешенный,Неуравновешенный_005,False,extreme,0,0.3896085198999698
0.5144326116537381,0.512255861537601,0.5265750942216292,0.5897595453927424,0.5201312592842207,0.4473656153221288,0.4602716708917219,0.49112856345949457,0.4620751663159809,0.5176510501254794,Неуравновешенный,Неуравновешенный_006,True,extreme,1,0.3692899174655641
0.43227742801826863,0.444645464765662,0.511221373610545,0.6258194492629687,0.5241366090940734,0.4589408549958199,0.4347638288088096,0.6007979027488517,0.4775660338930071,0.520607722406122,Неуравновешенный,Неуравновешенный_006,True,extreme,2,0.3692899174655641
0.37099104149602397,0.4535363714610644,0.44398933498652465,0.6281202883297037,0.7512446667136639,0.3446672186101153,0.3985133560299925,0.7881130593774829,0.5900146838369229,0.4973265769727736,Неуравновешенный,Неуравновешенный_006,True,extreme,3,0.3692899174655641
0.3064592569448391,0.43593715600182986,0.34026210166666643,0.6750118824197655,0.8455270029375855,0.2876298418630382,0.5113530714976372,0.887178130043681,0.696675339079033,0.4795120035565382,Неуравновешенный,Неуравновешенный_006,True,extreme,4,0.3692899174655641
0.305809376141834,0.5953076595203703,0.35650377894289353,0.7281586937332218,0.9510119192554503,0.278998600957695,0.5596976809433424,0.9220203321913834,0.7060895695368213,0.5574755967406206,Неуравновешенный,Неуравновешенный_006,True,extreme,5,0.3692899174655641
0.22154613624872,0.6338630411180758,0.2667559822773744,0.6905424670154908,0.881085618859242,0.3698463490102803,0.8595405228567641,0.9455588172370114,0.7382159428005906,0.5957898337265795,Неуравновешенный,Неуравновешенный_006,True,extreme,6,0.3692899174655641
0.14171782401389543,0.6568885405271779,0.086234396427775,0.7730278205877174,0.9264307431511903,0.3654034114356274,1.0,0.9822374044890742,0.7291915291993661,0.5722696143717713,Неуравновешенный,Неуравновешенный_006,True,extreme,7,0.3692899174655641
0.14366477371508357,0.6453211372117043,0.06958468509525575,0.7575046616068354,0.9433767479785716,0.3621380709114944,0.9899286730668556,0.9569167695728994,0.7154605743401843,0.5885549013434178,Неуравновешенный,Неуравновешенный_006,False,extreme,0,0.3692899174655641
0.48459713169539387,0.5220097986575435,0.5158011971259264,0.5684089260680083,0.5746687418318224,0.4325281040447857,0.5142963022993198,0.544498677749868,0.4884334948472168,0.510169033610289,Неуравновешенный,Неуравновешенный_007,True,extreme,1,0.35578289162068516
0.4428002844748139,0.4550339568749456,0.511867454675879,0.6663134668781033,0.597186896130608,0.4404904307262314,0.5056405825627904,0.5706098597597176,0.5059042048886652,0.4981040544928325,Неуравновешенный,Неуравновешенный_007,True,extreme,2,0.35578289162068516
0.34993720267688655,0.45735254946041065,0.43800813572526576,0.6636015543778938,0.8510403225486486,0.3179618882969767,0.46699557366211353,0.7240341527667938,0.6167558422052872,0.4986708476492685,Неуравновешенный,Неуравновешенный_007,True,extreme,3,0.35578289162068516
0.25251370886863284,0.4664314689155032,0.330765950176786,0.6922034597324837,0.9327787725463017,0.2563727702685069,0.5907092911673061,0.7997416367702997,0.7733793097544648,0.5169781272175266,Неуравновешенный,Неуравновешенный_007,True,extreme,4,0.35578289162068516
0.3221146837522243,0.674956231606316,0.34110602925970057,0.6622921965460683,0.889448490183811,0.39546909448617906,0.5904134016609605,0.9190019025731542,0.7748986186277456,0.47084580059807624,Неуравновешенный,Неуравновешенный_007,True,extreme,5,0.35578289162068516
0.2557922587071507,0.6460689894980935,0.256527543584514,0.6559552237934517,0.9338998840432268,0.35622407857633837,0.828774253217188,0.9709143238979338,0.7963365394914084,0.48885149552668006,Неуравновешенный,Неуравновешенный_007,True,extreme,6,0.35578289162068516
0.3519788831606936,0.6529355363265664,0.16930070163179076,0.5972667293771279,0.9403810261463823,0.35769022208030105,1.0,0.9263873090744241,0.8075320520943337,0.5663837695688954,Неуравновешенный,Неуравновешенный_007,True,extreme,7,0.35578289162068516
0.3339312355091387,0.6490984234887303,0.18421159744354948,0.5742142946110461,0.9594444796624837,0.3768645724064335,0.9971134893797947,0.9160339817444305,0.7847325125178024,0.5421972562091636,Неуравновешенный,Неуравновешенный_007,False,extreme,0,0.35578289162068516
0.4931537819813907,0.5166341080455318,0.4723366366837749,0.4822139102774921,0.5763462746073683,0.43156187729014484,0.47448950826489994,0.5132111465351799,0.5004260577432239,0.49930625917042726,Неуравновешенный,Неуравновешенный_008,True,extreme,1,0.31157382396535943
0.43216008046795584,0.5704749112219538,0.428461497849411,0.5648460430337126,0.542056955363453,0.48753852665307684,0.46530550906440193,0.6040757670302033,0.48266020375557767,0.49621892892579256,Неуравновешенный,Неуравновешенный_008,True,extreme,2,0.31157382396535943
0.4040485006403561,0.5400840548404849,0.3584950661553458,0.5817529589578713,0.796577344078556,0.35874852081759534,0.47045509213446923,0.7702978980951405,0.5490528344874859,0.49719508952442115,Неуравновешенный,Неуравновешенный_008,True,extreme,3,0.31157382396535943
0.29344729796043834,0.5446082512678725,0.2206654440836923,0.6684230885125252,0.8978863925102872,0.2778640623455842,0.6372659827954199,0.8481605450812312,0.7093946274391117,0.47117434036525957,Неуравновешенный,Неуравновешенный_008,True,extreme,4,0.31157382396535943
0.24567704100112261,0.6611096443920084,0.2447722143219732,0.6738718332713614,1.0,0.2921986242458384,0.6524300789956262,0.9242373852579506,0.7389558459873496,0.4844812072503417,Неуравновешенный,Неуравновешенный_008,True,extreme,5,0.31157382396535943
0.1871488968923588,0.6289237017733853,0.16655751112014228,0.6737953692389927,1.0,0.26184519385423904,0.9212052700069406,0.9753857600211805,0.7508701141147937,0.4646299690178271,Неуравновешенный,Неуравновешенный_008,True,extreme,6,0.31157382396535943
0.2550795179861823,0.6293387536757188,0.10809200936359727,0.6602410827670125,1.0,0.26455278623247347,0.9844170788634433,0.9720939864455116,0.751147565948565,0.43092203493225906,Неуравновешенный,Неуравновешенный_008,True,extreme,7,0.31157382396535943
0.27623205304610843,0.6102273186100902,0.12758980897915523,0.6372073902412965,0.9925557002888904,0.26127615956310757,1.0,0.9601381476150886,0.7467661581907251,0.45424486083195553,Неуравновешенный,Неуравновешенный_008,False,extreme,0,0.31157382396535943
0.5127528732431843,0.4785074270903895,0.5236551495250301,0.5136641943495549,0.54053947710298,0.4787310652374985,0.5248742835936429,0.4865418712427436,0.5052072351409809,0.4996337447364775,Неуравновешенный,Неуравновешенный_009,True,extreme,1,0.4337381732527282
0.44063671048130076,0.46381903347523057,0.5046240573073647,0.5982221153485328,0.5480324687058301,0.46993127318779526,0.5152992149895599,0.5695650061135815,0.5385339056135109,0.5047845093601762,Неуравновешенный,Неуравновешенный_009,True,extreme,2,0.4337381732527282
0.3878877721578502,0.43629929788371347,0.4472903555712947,0.612317878644444,0.7567878234336692,0.38148993356692595,0.5299808578706501,0.7667105897314845,0.6103003562297832,0.5425699683992411,Неуравновешенный,Неуравновешенный_009,True,extreme,3,0.4337381732527282
0.33487702184085244,0.46354239136516806,0.3625677257554684,0.6887932803805652,0.8701679505800132,0.3644686356867464,0.6457306592231358,0.8279329424922901,0.7228789643498092,0.505306866983611,Неуравновешенный,Неуравновешенный_009,True,extreme,4,0.4337381732527282
0.36359182899775533,0.5781810247748136,0.34706062735118703,0.7130200174299196,1.0,0.4189372987783258,0.6122649773195599,0.8807439135975662,0.7216220333738306,0.5163962502921262,Неуравновешенный,Неуравновешенный_009,True,extreme,5,0.4337381732527282
0.29897328475447604,0.600011969822818,0.32051607570249274,0.7907005360760428,1.0,0.4183163960162318,0.83739565929182,0.9059986868085855,0.7119989202469393,0.46216840523268854,Неуравновешенный,Неуравновешенный_009,True,extreme,6,0.4337381732527282
0.3996256936116066,0.5887723816467829,0.16968244289760914,0.7622911949752974,0.98734051041045,0.45200482174283896,1.0,0.9046622436527882,0.6916353271513124,0.4318000831157779,Неуравновешенный,Неуравновешенный_009,True,extreme,7,0.4337381732527282
0.40211528874055313,0.5850627862126178,0.18404043421018595,0.7754545516533408,0.9663971120043099,0.46943873821064586,1.0,0.9099959675734133,0.7001086376764457,0.41226681376233526,Неуравновешенный,Неуравновешенный_009,False,extreme,0,0.4337381732527282
0.5111153638354878,0.5269547979464395,0.5069146532407371,0.5524084392713787,0.5843319899709841,0.4404014895043174,0.5274229336700669,0.5159897218746111,0.47947637547261807,0.5172176937727123,Неуравновешенный,Неуравновешенный_010,True,extreme,1,0.447099706892993
0.40767037803255995,0.4167460799458906,0.4768900300266529,0.6698533266834691,0.5670844747332096,0.4578435477007783,0.51345575120414,0.6164838715367831,0.4891803198768639,0.5030883622311444,Неуравновешенный,Неуравновешенный_010,True,extreme,2,0.447099706892993
0.3300677094015805,0.4984335735670976,0.3412288244189014,0.6734410612506927,0.6539587037855564,0.4674790843343922,0.5919908085485721,0.6633254026413536,0.589677081355343,0.5275299506899546,Неуравновешенный,Неуравновешенный_010,True,extreme,3,0.447099706892993
0.2479204388064587,0.517279617296477,0.26640627597082145,0.7248943002563172,0.7850037198411146,0.41077808106412533,0.7092404560397134,0.7770686578340988,0.652808334900066,0.5263381774107402,Неуравновешенный,Неуравновешенный_010,True,extreme,4,0.447099706892993
0.35030497248842096,0.5758961117899569,0.24525099350981833,0.8181725741311484,0.8912349961925162,0.4964692930362469,0.7365715613366459,0.8509837816960824,0.6028611095537257,0.5343466653171559,Неуравновешенный,Неуравновешенный_010,True,extreme,5,0.447099706892993
0.38240078492113216,0.5667154068391358,0.1659603313359092,0.848834571125991,1.0,0.3906258655143249,0.8671161754966878,0.9538388315951436,0.639641061963643,0.5553644047364771,Неуравновешенный,Неуравновешенный_010,True,extreme,6,0.447099706892993
0.3095219181882763,0.5839873522288083,0.0,0.8827557290949236,0.996680583140962,0.37241847120665394,0.9820092797170774,0.921846719214002,0.635987757137362,0.5357757484855056,Неуравновешенный,Неуравновешенный_010,True,extreme,7,0.447099706892993
0.2881781682830816,0.5612012600168661,0.02516882171800705,0.8754270903578788,0.9680937031877208,0.35480966358296534,0.9614035150699773,0.9258379478298138,0.6368926789209596,0.5384184701135396,Неуравновешенный,Неуравновешенный_010,False,extreme,0,0.447099706892993
0.49517124274856783,0.529778445614178,0.4914400202952769,0.5103324151048614,0.6034923959660904,0.4501398071901449,0.46886522260269364,0.5339894684740562,0.4796586494371452,0.4659977480145564,Неуравновешенный,Неуравновешенный_011,True,extreme,1,0.445623236877314
0.4397825947057307,0.6255326159067907,0.48006077821548965,0.5099969304863294,0.587669252277328,0.5307353217990033,0.4525215047832823,0.6763507576012681,0.4990720897078618,0.47587736858204216,Неуравновешенный,Неуравновешенный_011,True,extreme,2,0.445623236877314
0.381398978186475,0.6131816863029516,0.42315457374307963,0.5059235638958065,0.8332877096804128,0.44719471721811,0.45862943027746894,0.8794263958214013,0.5937935299482295,0.4759675168260729,Неуравновешенный,Неуравновешенный_011,True,extreme,3,0.445623236877314
0.32843914888606457,0.5988387662073242,0.428053016283005,0.6561892170776422,0.8527701582348322,0.44510521612013254,0.5390982061580882,0.8802927036799322,0.6550662462917307,0.4649743766841451,Неуравновешенный,Неуравновешенный_011,True,extreme,4,0.445623236877314
0.3307235342356239,0.6700239319717798,0.43376129340624464,0.6977868278751562,1.0,0.3616430936643854,0.5966342531035694,0.9420778748925922,0.6265146605634089,0.6215010889521525,Неуравновешенный,Неуравновешенный_011,True,extreme,5,0.445623236877314
0.27838787604301607,0.6691326850043243,0.35397413518118603,0.7933990177529368,1.0,0.40644475226280424,0.8201676044750054,0.9511691814788876,0.6374358988885366,0.5566678405639042,Неуравновешенный,Неуравновешенный_011,True,extreme,6,0.445623236877314
0.17816494503192723,0.649556130675166,0.1905396408312374,0.8574713041766844,1.0,0.4077700719617449,0.9096128255635503,0.9290537424022505,0.6453102879128715,0.5684341677307377,Неуравновешенный,Неуравновешенный_011,True,extreme,7,0.445623236877314
0.15067501971906988,0.6551429143874818,0.18453892760948742,0.8360499476187451,1.0,0.40833473208373283,0.907276504059197,0.934596921890658,0.6732040957985359,0.5956685057676299,Неуравновешенный,Неуравновешенный_011,False,extreme,0,0.445623236877314
0.5180428439434215,0.5106561860298109,0.47767650580758547,0.5345488372258513,0.6015710096877731,0.4527783638359883,0.5219564535662953,0.5196991083620423,0.5088822158637553,0.49649291394424777,Неуравновешенный,Неуравновешенный_012,True,extreme,1,0.3461514621532587
0.4391695470472014,0.44674612138814873,0.4819017740533104,0.5960572491928571,0.5873490764146118,0.420243195903005,0.5157898851767506,0.6295052733621962,0.5598642780109464,0.5120623438998956,Неуравновешенный,Неуравновешенный_012,True,extreme,2,0.3461514621532587
0.4063085106088212,0.5452546649911024,0.3261641304677191,0.6190256411589857,0.6943053155321818,0.42225228518875757,0.5788649081925886,0.7423041298832681,0.6424545962694155,0.5158483429407781,Неуравновешенный,Неуравновешенный_012,True,extreme,3,0.3461514621532587
0.3388906113492679,0.5492470347543392,0.15336970775888553,0.6879995908172728,0.806330025069233,0.3560286549201377,0.678374785897689,0.8323641462863759,0.7779489998170808,0.49337382676561553,Неуравновешенный,Неуравновешенный_012,True,extreme,4,0.3461514621532587
0.32695131019080514,0.6544296511346749,0.1683406691746427,0.7587852727517839,0.8567237011382315,0.38222194333668436,0.737139877800543,0.8564292800018489,0.7765160497325171,0.6085561309053296,Неуравновешенный,Неуравновешенный_012,True,extreme,5,0.3461514621532587
0.33980062734062805,0.6719702093680224,0.0927875498345017,0.8313120784197894,0.9828705053711035,0.3610099862568113,0.8315134318689228,0.9153370892281709,0.7858259402892401,0.5452790759890445,Неуравновешенный,Неуравновешенный_012,True,extreme,6,0.3461514621532587
0.4166515943634892,0.6653454682521052,0.006383378124278957,0.8594530203694672,1.0,0.3447028713201964,0.9427074322874994,0.9452521917839748,0.7871549389665725,0.550629791544439,Неуравновешенный,Неуравновешенный_012,True,extreme,7,0.3461514621532587
0.44057429362361045,0.6375539374090006,0.0,0.8566524982767156,1.0,0.31549153539442354,0.9698489629305752,0.9657091208966051,0.7941130283896307,0.5611678121544097,Неуравновешенный,Неуравновешенный_012,False,extreme,0,0.3461514621532587
0.5008344815685367,0.5237008684903169,0.47447069122439184,0.5424662749986071,0.5846813821818441,0.43219492728010916,0.5119824481253845,0.5288865188003288,0.5408322506230822,0.5079419201494397,Неуравновешенный,Неуравновешенный_013,True,extreme,1,0.24435002652513055
0.47342677581291154,0.45722301561842643,0.46440441663349813,0.6104829728746531,0.5872328361856326,0.4231513186398544,0.5254384216184064,0.6123687148028933,0.5548037572636293,0.4752680893152476,Неуравновешенный,Неуравновешенный_013,True,extreme,2,0.24435002652513055
0.40793161779866643,0.5342335385894981,0.30445039696240994,0.6205066695465463,0.673444980225463,0.42971565355927216,0.5616106138113576,0.7088766876526666,0.6705973058468704,0.4774534455695106,Неуравновешенный,Неуравновешенный_013,True,extreme,3,0.24435002652513055
0.30506897480224787,0.5339416523690934,0.17115350007107388,0.6816434907479039,0.8017294328880994,0.35845389538532474,0.6781510336713206,0.8282210998578773,0.8248208247269534,0.4747317835270541,Неуравновешенный,Неуравновешенный_013,True,extreme,4,0.24435002652513055
0.26578300522048826,0.5961038800424059,0.17845991960795166,0.6442217466720378,1.0,0.2619827518661887,0.6964458620028613,0.9593832825857417,0.8171876583943267,0.6201358209752268,Неуравновешенный,Неуравновешенный_013,True,extreme,5,0.24435002652513055
0.21239350431828966,0.6038839132522026,0.06881922652634319,0.7454875949192382,1.0,0.23453273656483015,0.9385120022384059,0.9693385323894181,0.8002583070202269,0.5409232499850832,Неуравновешенный,Неуравновешенный_013,True,extreme,6,0.24435002652513055
0.27499030003978037,0.5938436261040013,0.02737507228422689,0.7402782316039836,1.0,0.2530433807896064,0.9868287376472245,0.979334539541642,0.7849163045977743,0.48666372852220074,Неуравновешенный,Неуравновешенный_013,True,extreme,7,0.24435002652513055
0.28700947433015644,0.6084532971178797,0.00803686923471391,0.7514995447329517,0.9992434789397162,0.25776394578922845,0.9720956168041069,0.9794036662426773,0.8064317069669341,0.5007080512577579,Неуравновешенный,Неуравновешенный_013,False,extreme,0,0.24435002652513055
0.5266956538955129,0.532910864350102,0.5100163992829063,0.5279608079202275,0.6114356907414293,0.4657359808507802,0.5006335610827722,0.5725720333443388,0.493068180449131,0.47935719994608833,Неуравновешенный,Неуравновешенный_014,True,extreme,1,0.3709104987699024
0.46012050808258687,0.48455765390731875,0.5534160799900552,0.5673624124687068,0.5743450728564309,0.46365061360733945,0.5047543742425822,0.6729257142481767,0.4972434741377766,0.5248097906860896,Неуравновешенный,Неуравновешенный_014,True,extreme,2,0.3709104987699024
0.42629293919269895,0.6101437618072821,0.4223361356803192,0.556740996989734,0.6665249153816567,0.438042964676938,0.5908777271193593,0.7204394905979208,0.6130164568288248,0.5161874926538473,Неуравновешенный,Неуравновешенный_014,True,extreme,3,0.3709104987699024
0.3605855932693156,0.5870236958790614,0.28629460648677824,0.5970076531944246,0.7724605557399455,0.38247908378209944,0.7164979332006747,0.8436445455048466,0.7949786628595916,0.5275879664412174,Неуравновешенный,Неуравновешенный_014,True,extreme,4,0.3709104987699024
0.36482630450729675,0.5659557081705251,0.31634642183451234,0.5866619239364973,1.0,0.28873454092070844,0.691631071238036,0.9295811676618692,0.7340285037977153,0.6243584275927672,Неуравновешенный,Неуравновешенный_014,True,extreme,5,0.3709104987699024
0.36656093187346755,0.5576706011027861,0.2599491604455424,0.6754025241229773,0.996501375199511,0.23607192524100465,0.8191500975546981,0.9858873592396581,0.746278713920775,0.572829557640321,Неуравновешенный,Неуравновешенный_014,True,extreme,6,0.3709104987699024
0.2965167077870094,0.5522343570966781,0.11427982994459622,0.7917128509376495,0.9485755729962138,0.21639754799602448,0.9865497514135564,1.0,0.7591936882529017,0.5707438082604783,Неуравновешенный,Неуравновешенный_014,True,extreme,7,0.3709104987699024
0.2992283698385423,0.5313652080030613,0.14328330228499597,0.7771398668066664,0.9746984968129151,0.1930921130917475,0.9593509916156306,1.0,0.7768436427909483,0.5903499253257714,Неуравновешенный,Неуравновешенный_014,False,extreme,0,0.3709104987699024
0.4842251748530493,0.4735244527069014,0.48689353204929897,0.5308563407782174,0.5826173375949802,0.4139354025093352,0.48742798061070847,0.5204579515522012,0.5041400079519546,0.48945026665455854,Неуравновешенный,Неуравновешенный_015,True,extreme,1,0.4713145635368773
0.4299118900627799,0.573301445562803,0.5151043487670701,0.5120201259418735,0.6113858818058832,0.48239678615166637,0.46538432347734443,0.6641531028666989,0.47668674113541387,0.46029693530514393,Неуравновешенный,Неуравновешенный_015,True,extreme,2,0.4713145635368773
0.3337220161657028,0.6822381030068625,0.4014866658140547,0.47607103584416843,0.7252457471046694,0.46909664036457777,0.5393406242859856,0.7584253805469303,0.5335703230100358,0.4953778105268918,Неуравновешенный,Неуравновешенный_015,True,extreme,3,0.4713145635368773
0.349841838918923,0.6839049542946423,0.25813582572885985,0.4573655939033799,0.8317153990978475,0.42149156796926485,0.7358450843070173,0.7713058817974394,0.6237444062047242,0.5618765609100727,Неуравновешенный,Неуравновешенный_015,True,extreme,4,0.4713145635368773
0.3795169767197411,0.5839473221086134,0.2679731008031103,0.5359558427167176,1.0,0.35197950684554,0.6903275291532612,0.9096127551067898,0.6583942357218696,0.6483162310833822,Неуравновешенный,Неуравновешенный_015,True,extreme,5,0.4713145635368773
0.3063616044651528,0.567128884957525,0.1883879688038438,0.5930493137201506,1.0,0.3487421134535108,0.9683336261596692,0.92393205997797,0.645036595288503,0.6050875818506963,Неуравновешенный,Неуравновешенный_015,True,extreme,6,0.4713145635368773
0.3641697609077701,0.590483849474651,0.1118164825508853,0.6111549258399819,1.0,0.3674679555248281,1.0,0.9353822771498211,0.6210899372692213,0.5847966056524695,Неуравновешенный,Неуравновешенный_015,True,extreme,7,0.4713145635368773
0.34138654182093364,0.6163993543421075,0.09145083289953973,0.6083960880926834,0.9727682450118931,0.37777008389975214,0.9870479072567148,0.9283154939015751,0.6002288351188898,0.568370644907136,Неуравновешенный,Неуравновешенный_015,False,extreme,0,0.4713145635368773
0.4919052148278044,0.4909346080387201,0.5136618839817458,0.5605962715095701,0.5633974394821013,0.4408896649835774,0.5188395346703424,0.4680758000333191,0.502998717974895,0.5607861717421107,Неуравновешенный,Неуравновешенный_016,True,extreme,1,0.4401241721229713
0.418292646505936,0.614843434644448,0.5412349991284129,0.5595967621051128,0.5443557790053247,0.49218158944562307,0.5347583927089073,0.6069375756327243,0.5200093019252625,0.5382916058978271,Неуравновешенный,Неуравновешенный_016,True,extreme,2,0.4401241721229713
0.3738262159368169,0.7115828314573863,0.48033606790595407,0.5649527770829704,0.6363252186069409,0.37339755986867307,0.5389629468005886,0.8406151782675673,0.5538376223942032,0.5298088546082969,Неуравновешенный,Неуравновешенный_016,True,extreme,3,0.4401241721229713
0.3039027321898624,0.7081011473435864,0.35506625613031595,0.613903121533261,0.7263046449255884,0.3065165144196384,0.6656678665346747,0.9416125353242962,0.6746227797074855,0.5293973213330703,Неуравновешенный,Неуравновешенный_016,True,extreme,4,0.4401241721229713
0.3594356633316561,0.642820808353134,0.3480324282399832,0.6779259376248558,0.8589999325012008,0.34614967090034665,0.6356193679272671,0.988295377743959,0.6769670927045406,0.5649023209502454,Неуравновешенный,Неуравновешенный_016,True,extreme,5,0.4401241721229713
0.30747150129471473,0.6686796995952244,0.30506221130900046,0.7386835409817682,0.8988107383621006,0.34218671223953584,0.9075147269290713,0.9945532912691003,0.6625715149547233,0.5358001054460758,Неуравновешенный,Неуравновешенный_016,True,extreme,6,0.4401241721229713
0.3688510103415475,0.6739390813232616,0.15606959743754306,0.6923273063301117,0.9139046002690745,0.3617764181105627,1.0,1.0,0.6220157334117792,0.5398401623473181,Неуравновешенный,Неуравновешенный_016,True,extreme,7,0.4401241721229713
0.36259281782606806,0.6867239458948612,0.1392019119206896,0.7052827872075075,0.9146444525588782,0.34098258000657083,1.0,1.0,0.6214015049972101,0.5619177777269548,Неуравновешенный,Неуравновешенный_016,False,extreme,0,0.4401241721229713
0.5063182016757707,0.5016436585806548,0.49722304954279906,0.48440247151102384,0.5616286630506577,0.48957695971799287,0.5210710480417278,0.5414831364916334,0.5179877106538516,0.4955501189849939,Неуравновешенный,Неуравновешенный_017,True,extreme,1,0.2939358753417618
0.5297266088109799,0.4689210328100105,0.5022646387237624,0.5440498677533946,0.5573184277395715,0.47667677490365495,0.5286352937511201,0.5535102079052552,0.508565082409355,0.49736558201684244,Неуравновешенный,Неуравновешенный_017,True,extreme,2,0.2939358753417618
0.4510688169219758,0.5819802243471535,0.3938758411420727,0.5349415857761561,0.6779583450836586,0.48285720332983717,0.5856424000746219,0.6241260784967096,0.6312818877251369,0.5396138581299329,Неуравновешенный,Неуравновешенный_017,True,extreme,3,0.2939358753417618
0.36464580035163696,0.5893126105630939,0.2534136793400322,0.6232280990083948,0.7948476208551958,0.3900105311932514,0.7009695141220375,0.7257734950359443,0.7394225989614102,0.5777465714451222,Неуравновешенный,Неуравновешенный_017,True,extreme,4,0.2939358753417618
0.4191661400755934,0.5970988505313668,0.2148421184981851,0.6754131458793187,1.0,0.4200813408236336,0.7009873956969197,0.8518108529900182,0.7395704679472562,0.6184127717818307,Неуравновешенный,Неуравновешенный_017,True,extreme,5,0.2939358753417618
0.3108630880357175,0.6058360439033487,0.21419603571597995,0.6716492280639389,1.0,0.36975023898465126,0.8237978201583476,1.0,0.7464010348906462,0.5533631169824882,Неуравновешенный,Неуравновешенный_017,True,extreme,6,0.2939358753417618
0.24430476606710105,0.6264099553972471,0.024458861333734122,0.7519626895955228,1.0,0.35806668385435536,0.9117414363380009,0.9998015714879513,0.7377827418922979,0.5211759806243021,Неуравновешенный,Неуравновешенный_017,True,extreme,7,0.2939358753417618
0.25937619325573785,0.600220478542109,0.05424226122640502,0.7500583556756738,0.9754867633544427,0.3443534730319751,0.8865293667068338,0.9825970432626757,0.7599920351316365,0.5334077607694739,Неуравновешенный,Неуравновешенный_017,False,extreme,0,0.2939358753417618
0.4928824848620243,0.5262630172948373,0.5114847038236742,0.5642906130388411,0.5958177394241917,0.429558459953198,0.5064946180241289,0.5283915010476388,0.45969042415878736,0.4798364329322945,Неуравновешенный,Неуравновешенный_018,True,extreme,1,0.4809647483773864
0.5010218030295225,0.4486624501063407,0.5536431888013424,0.6358373687254212,0.5483091861584662,0.4633714548641179,0.5643467541868432,0.6102627844452686,0.44975548374947055,0.4453487226623,Неуравновешенный,Неуравновешенный_018,True,extreme,2,0.4809647483773864
0.4482159265394431,0.45094657950545697,0.46622869324295896,0.6320923991755065,0.797214012393974,0.37786512345089995,0.5412914164051418,0.7977803479010595,0.5489420141581685,0.4688522323699931,Неуравновешенный,Неуравновешенный_018,True,extreme,3,0.4809647483773864
0.4284618286371807,0.4412306447634506,0.37347574597074756,0.7243716895419396,0.9012394393441737,0.3242324221972743,0.6922718147015805,0.9144610539273007,0.6308066944143442,0.4922814668781513,Неуравновешенный,Неуравновешенный_018,True,extreme,4,0.4809647483773864
0.42568691502924644,0.5934858768246714,0.39412014290765696,0.7519158614748771,0.9804241271323189,0.41654283008291065,0.6601193122028476,0.9869760679689773,0.6587898367419772,0.6071185075004585,Неуравновешенный,Неуравновешенный_018,True,extreme,5,0.4809647483773864
0.33734805813357377,0.6089670839330076,0.3332694092266646,0.7613419241335241,1.0,0.3986293097670555,0.9016116140960638,0.9960980097833058,0.6476752151162083,0.609051669686077,Неуравновешенный,Неуравновешенный_018,True,extreme,6,0.4809647483773864
0.39896291314495147,0.6323957320434316,0.2735551125242779,0.7612863877489183,1.0,0.38852520210557917,0.9885651727720702,1.0,0.6319109693317608,0.5851702037273206,Неуравновешенный,Неуравновешенный_018,True,extreme,7,0.4809647483773864
0.37230573554359414,0.661821416199335,0.2640105930516266,0.7521069081491153,0.993279768353503,0.39084364204906236,0.9633943979456384,1.0,0.6247044691064023,0.5611748692447387,Неуравновешенный,Неуравновешенный_018,False,extreme,0,0.4809647483773864
0.49713002026007674,0.4925431393720634,0.47610903682838224,0.5262792552556552,0.5765814976452389,0.4217506405611299,0.4824214887179981,0.5527891879404251,0.5235539058214318,0.5089284344360354,Неуравновешенный,Неуравновешенный_019,True,extreme,1,0.3242358379665961
0.4481086372006635,0.5943574214538209,0.43703897945122766,0.5781482586342334,0.5683035251585316,0.4814769557049093,0.44549279564526384,0.5414202624687924,0.5319644668013306,0.5867951393773523,Неуравновешенный,Неуравновешенный_019,True,extreme,2,0.3242358379665961
0.39929744450333204,0.6357692054703368,0.3296411792213229,0.5957891143894102,0.8214922820753552,0.37558673577787405,0.4698071162884427,0.7115456632543629,0.6157609228029294,0.6247624656978437,Неуравновешенный,Неуравновешенный_019,True,extreme,3,0.3242358379665961
0.3144146195914887,0.6505750259900134,0.20209894346385854,0.668126554762048,0.9002938316957475,0.3333748359808938,0.6170927257534726,0.8054646617991119,0.761924637661311,0.6207385596766222,Неуравновешенный,Неуравновешенный_019,True,extreme,4,0.3242358379665961
0.3966615781128011,0.6404789816440383,0.16739584399446597,0.6899407384507181,1.0,0.3605047875736325,0.5706565104292938,0.8917719286941309,0.7692349820111881,0.6642239584885188,Неуравновешенный,Неуравновешенный_019,True,extreme,5,0.3242358379665961
0.30937773846205524,0.6040877196270428,0.09845430532826022,0.790202034479272,1.0,0.3792653397876772,0.7707090064904032,0.9173425514547286,0.7919324214278709,0.5913240966193076,Неуравновешенный,Неуравновешенный_019,True,extreme,6,0.3242358379665961
0.3905459231931274,0.598472471666304,0.03709246715915725,0.7752891368538914,1.0,0.3606439946163882,0.9105300533052448,0.9431888803805293,0.7895066679690785,0.5632371783394985,Неуравновешенный,Неуравновешенный_019,True,extreme,7,0.3242358379665961
0.3670411652791378,0.5741849780118004,0.022320361009695602,0.7993683802057778,1.0,0.37148668016620384,0.9076571503400366,0.9721052349428335,0.8021715965434472,0.5845075113218199,Неуравновешенный,Неуравновешенный_019,False,extreme,0,0.3242358379665961
0.5010878012953918,0.4732846034099954,0.5101308662302951,0.506236744218711,0.5415441943348248,0.5036824327386434,0.528192487168096,0.492697478501815,0.5081923826671069,0.5625893760927883,Неуравновешенный,Неуравновешенный_020,True,extreme,1,0.4433311881352036
0.387512266340226,0.408668660283552,0.4794070645395405,0.5685263461198043,0.5246903939829306,0.48027646992235906,0.4862169115179297,0.6078822895526217,0.5149768680250941,0.5805501178207266,Неуравновешенный,Неуравновешенный_020,True,extreme,2,0.4433311881352036
0.35648079604993943,0.45599969855106987,0.4034311074470626,0.593214362511142,0.6811171686467525,0.3765514628564474,0.47649448548147805,0.8346846185811807,0.5767274570323198,0.5798005049077455,Неуравновешенный,Неуравновешенный_020,True,extreme,3,0.4433311881352036
0.3210051984804644,0.4386132190400278,0.2802761900302117,0.6556205003064293,0.7800481079237818,0.3151159051137728,0.6038998603468149,0.9389204828839284,0.6999091824774707,0.6031675586233802,Неуравновешенный,Неуравновешенный_020,True,extreme,4,0.4433311881352036
0.32947714082046975,0.5283978613448096,0.258400604802997,0.6817818153385488,0.9424416818085902,0.33485178516047176,0.5883177002398833,1.0,0.6737616696939426,0.5551398685400796,Неуравновешенный,Неуравновешенный_020,True,extreme,5,0.4433311881352036
0.25733000697491154,0.5088824059830157,0.18260468697714632,0.6849578954110227,0.9921550121975995,0.29316949299153755,0.8338081555325875,0.9839768376792586,0.6720393642345501,0.5475561700645283,Неуравновешенный,Неуравновешенный_020,True,extreme,6,0.4433311881352036
0.2035609185422481,0.5384658808776817,0.0,0.8099176857396301,1.0,0.2838234984489088,0.9369278214621739,0.9855805483460512,0.6413044940290584,0.5294001132581849,Неуравновешенный,Неуравновешенный_020,True,extreme,7,0.4433311881352036
0.18437425266436538,0.5675252434473863,0.02618049601314333,0.8292550796813899,0.979450873180064,0.2598468483865925,0.9077381081785806,0.9558242976939476,0.6286085409490061,0.5505613449989949,Неуравновешенный,Неуравновешенный_020,False,extreme,0,0.4433311881352036
0.4955128254363136,0.51858280704633,0.4948205283414243,0.5405079166541914,0.5753349616436743,0.47791171327881626,0.44827041876391976,0.5334165989122854,0.5374593435257511,0.4634865609979169,Неуравновешенный,Неуравновешенный_021,True,extreme,1,0.312402068323591
0.4391780427847888,0.6037370076853767,0.5382271985412151,0.542917751694346,0.5655571648926564,0.5505264229635076,0.449489243519589,0.6026555829688662,0.5462672986258084,0.4708878386367771,Неуравновешенный,Неуравновешенный_021,True,extreme,2,0.312402068323591
0.33030705838994484,0.5898644448683235,0.495232979974573,0.527044700863371,0.8070365732284277,0.43440590359430586,0.4520853961059695,0.7775422040136608,0.6364286216718634,0.49208776827184064,Неуравновешенный,Неуравновешенный_021,True,extreme,3,0.312402068323591
0.32100669599700565,0.5971432819045965,0.36534433203273164,0.5347647876000062,0.8988498498968545,0.3870511671149638,0.7070936556926568,0.8253144823446522,0.7063097660358739,0.5458816201030879,Неуравновешенный,Неуравновешенный_021,True,extreme,4,0.312402068323591
0.40619300974966494,0.5812661348242514,0.3546227160182182,0.5644574675439062,1.0,0.37427103257171523,0.7030639011715423,0.9584732475610435,0.7010626755739546,0.5179149451318253,Неуравновешенный,Неуравновешенный_021,True,extreme,5,0.312402068323591
0.32205017768641947,0.5918139325560287,0.2895533123362414,0.6610035547483107,1.0,0.4081245695787986,0.9495824549491927,0.9655833123965607,0.735355232059333,0.45916690322627074,Неуравновешенный,Неуравновешенный_021,True,extreme,6,0.312402068323591
0.2623609149988056,0.5937445596759002,0.10677215133166768,0.7591857720713382,0.9978964654435595,0.3928296446346146,1.0,0.9536938379715356,0.7340867617334598,0.45949731455979664,Неуравновешенный,Неуравновешенный_021,True,extreme,7,0.312402068323591
0.245844756278963,0.5798079615509529,0.09639868397725579,0.7738638438334969,1.0,0.39171199746956875,0.9779052581111516,0.9379794062628795,0.7513154428749628,0.45362979353974786,Неуравновешенный,Неуравновешенный_021,False,extreme,0,0.312402068323591
0.49744341911859746,0.47160558814499376,0.5111421323235539,0.543880153449851,0.5888304665772635,0.4351305448069802,0.5165992790806514,0.507968739308448,0.5302389146341051,0.5213508623004678,Неуравновешенный,Неуравновешенный_022,True,extreme,1,0.4748986018164621
0.4106576652708659,0.5364815012906153,0.52385370583814,0.5936117255263564,0.6152303175805435,0.48559559757199033,0.4870254563206093,0.5745091746248614,0.5299875148068314,0.5419019386239993,Неуравновешенный,Неуравновешенный_022,True,extreme,2,0.4748986018164621
0.3228227748193593,0.5521206992544299,0.5450072605621633,0.596861538289444,0.8466978169073468,0.388941188519617,0.5481912403183934,0.6612373870287059,0.5693481943075359,0.5811148734992397,Неуравновешенный,Неуравновешенный_022,True,extreme,3,0.4748986018164621
0.2416009483727751,0.6332502625759294,0.39096179249813245,0.6884940207186996,0.8161117083851214,0.4262596040887543,0.6714640550491313,0.711711716712952,0.6916110785645612,0.5802344168415909,Неуравновешенный,Неуравновешенный_022,True,extreme,4,0.4748986018164621
0.31318625353418883,0.6073289894107053,0.3906197243635451,0.7488590115431515,1.0,0.4174478490809991,0.6778786180585903,0.8916265197424595,0.6472888599740525,0.57282254463538,Неуравновешенный,Неуравновешенный_022,True,extreme,5,0.4748986018164621
0.25667459796877196,0.6244815331447596,0.3119464647161485,0.8188795957714262,0.981976993806801,0.40574328845013813,0.9128267607197197,0.9036333857678179,0.6574618007098165,0.4890389128066098,Неуравновешенный,Неуравновешенный_022,True,extreme,6,0.4748986018164621
0.3284629643716903,0.635563357766295,0.21693502916062074,0.7753939948215651,0.951250883442704,0.38475325378479197,1.0,0.8511589438482231,0.6519063450413348,0.5586354975246683,Неуравновешенный,Неуравновешенный_022,True,extreme,7,0.4748986018164621
0.3536322778401983,0.6347838730157069,0.21815748630476747,0.8001570501682517,0.9515890139924382,0.355162668760669,0.9849799823151832,0.872014265260722,0.6435976860710485,0.5820839356457875,Неуравновешенный,Неуравновешенный_022,False,extreme,0,0.4748986018164621
0.5418188594794512,0.5145256566941883,0.4537646152590562,0.5251033809963636,0.5650523854458572,0.42754299500067755,0.5297270918854412,0.49440726679337565,0.542997749712261,0.5379450034819466,Неуравновешенный,Неуравновешенный_023,True,extreme,1,0.40912524821195223
0.5086569013393982,0.5288765982104165,0.4575844805002732,0.565112678650551,0.5690512974696831,0.5235338749669499,0.5109489537693294,0.534951944402591,0.5461230296810599,0.5621706173769296,Неуравновешенный,Неуравновешенный_023,True,extreme,2,0.40912524821195223
0.43686451398624476,0.5061060743593033,0.4010831507917189,0.5575946130049769,0.7959140690349116,0.42316880639279475,0.4988644573234454,0.7049853343862511,0.6499301646068238,0.5946910776361595,Неуравновешенный,Неуравновешенный_023,True,extreme,3,0.40912524821195223
0.36127433251182856,0.5229637030040997,0.2833260927696214,0.6230701060850057,0.901293811069151,0.3380926970637176,0.5913190635204144,0.8064851091935533,0.7722702253813815,0.6177562840418493,Неуравновешенный,Неуравновешенный_023,True,extreme,4,0.40912524821195223
0.3563603740976818,0.5257465970806136,0.31009045900256993,0.6930749227565377,1.0,0.34987156325807595,0.5707329962679974,0.8860861062455141,0.7875566406509861,0.7065520616649645,Неуравновешенный,Неуравновешенный_023,True,extreme,5,0.40912524821195223
0.3124932005670087,0.5374359088962793,0.2747330421323673,0.6974407763620334,1.0,0.4745821696234611,0.774097843365542,0.970667842531581,0.7923854178267942,0.5910989380873659,Неуравновешенный,Неуравновешенный_023,True,extreme,6,0.40912524821195223
0.28614675985976745,0.5409355383571733,0.08334649126465245,0.7650107971074158,0.9823279240247333,0.4540120304229377,0.8733909747648415,0.9988818132597909,0.7838139865898024,0.6326040887732473,Неуравновешенный,Неуравновешенный_023,True,extreme,7,0.40912524821195223
0.27262177077048344,0.5434970473017302,0.1001593957236543,0.7820540892048934,0.9974554802541639,0.46296964337472574,0.8934358949715342,0.9882474745533009,0.7632884889912072,0.6542458470931215,Неуравновешенный,Неуравновешенный_023,False,extreme,0,0.40912524821195223
0.5326995557390303,0.468010901323908,0.47977119739919527,0.5179185862653631,0.5073198276951685,0.4481723078699994,0.5608382760509002,0.5151661091511143,0.5037629157146777,0.5423494416872141,Неуравновешенный,Неуравновешенный_024,True,extreme,1,0.2960834025975398
0.4531567326196264,0.5946227003605031,0.4554577256874784,0.49610463573174385,0.5533585077701627,0.5340086875670735,0.5387453092266116,0.6548643132131237,0.5114481017747631,0.5342332192222173,Неуравновешенный,Неуравновешенный_024,True,extreme,2,0.2960834025975398
0.38086856082084736,0.6556713646039338,0.3730997756441084,0.5121143852401724,0.6719458450532054,0.3985024642796829,0.5068887439985226,0.902536901323573,0.5867164728070539,0.5280713383636552,Неуравновешенный,Неуравновешенный_024,True,extreme,3,0.2960834025975398
0.27927177356161054,0.6881294628371707,0.24191669543221245,0.5753868374406848,0.8369021624781966,0.3158873740893148,0.6123280619257314,0.9870333304755912,0.6953082358263742,0.4831424204492788,Неуравновешенный,Неуравновешенный_024,True,extreme,4,0.2960834025975398
0.34272959733714586,0.7025241149097201,0.2556325634923399,0.5695458755719219,0.9638072809493317,0.32234900344349054,0.6518705076304121,1.0,0.6848434131341177,0.5762501812919878,Неуравновешенный,Неуравновешенный_024,True,extreme,5,0.2960834025975398
0.2850001398122314,0.6961110179679411,0.19003272657614767,0.6542838472323091,0.9940862975553982,0.3064848107081352,0.8690055988383001,0.9931384580674446,0.7101390467894643,0.5161435736898031,Неуравновешенный,Неуравновешенный_024,True,extreme,6,0.2960834025975398
0.22529764502641156,0.6904923199444839,0.0,0.7511967675275263,0.994243081482946,0.3060858308479456,0.9833324203257426,0.9960625079784491,0.7381998165866754,0.5030177820999793,Неуравновешенный,Неуравновешенный_024,True,extreme,7,0.2960834025975398
0.24482730463352337,0.7082666001610456,0.014237947571219704,0.768937560188174,0.9865583567094999,0.33514126922081444,0.9772983738160612,1.0,0.7181564198804995,0.48228636777645206,Неуравновешенный,Неуравновешенный_024,False,extreme,0,0.2960834025975398
0.5251274009051964,0.5162559294362111,0.49452063666708795,0.5321944191768044,0.5667096078045153,0.5061508933438386,0.5201650798014141,0.49995989151683823,0.5028874738539012,0.5140732898719049,Неуравновешенный,Неуравновешенный_025,True,extreme,1,0.3459242693325839
0.4725379449411261,0.4511577762082494,0.48215027253461157,0.6225726871477033,0.5881788177607812,0.48992299355905566,0.5086398447520256,0.61632823662003,0.5236209649618438,0.49607362398316107,Неуравновешенный,Неуравновешенный_025,True,extreme,2,0.3459242693325839
0.42665742418664115,0.554826130791262,0.33441964024775794,0.5986672605296862,0.6738538503627914,0.46305122087756123,0.6008427237809216,0.686642596838433,0.619650307750378,0.4559007791927412,Неуравновешенный,Неуравновешенный_025,True,extreme,3,0.3459242693325839
0.3458482328752319,0.5506463419639487,0.1825362809341064,0.6841263216363153,0.7726654737434405,0.3891797350295384,0.7292418625040631,0.8070758235959055,0.7391664650090419,0.4502482066780489,Неуравновешенный,Неуравновешенный_025,True,extreme,4,0.3459242693325839
0.35907705043583715,0.6296636995833599,0.21080766829639064,0.7030698025111998,0.9378412410935965,0.4397637662097786,0.7281907764095094,0.9220788210319577,0.748074765056233,0.7028453272901389,Неуравновешенный,Неуравновешенный_025,True,extreme,5,0.3459242693325839
0.3691634660511521,0.6427019391107333,0.1277025801801329,0.7313642821642258,0.9823145604483412,0.3943891156384186,0.8020985187231578,0.9530355819402158,0.7465327290698377,0.650205711548279,Неуравновешенный,Неуравновешенный_025,True,extreme,6,0.3459242693325839
0.2976325485552333,0.6375793872432275,0.0,0.8224834272586429,0.9808625996650873,0.37762487687489116,0.9157048195475334,0.9682280108902588,0.7807020926352987,0.6264814567810696,Неуравновешенный,Неуравновешенный_025,True,extreme,7,0.3459242693325839
0.315631849587409,0.6366302349128224,0.00850792050100637,0.8315001256032556,0.9709132218330679,0.36960649717661637,0.9178743584848398,0.9881158582628656,0.7876936716993488,0.6483067036797491,Неуравновешенный,Неуравновешенный_025,False,extreme,0,0.3459242693325839
0.4979288882617752,0.4859255769272319,0.5004252111971138,0.5290030051270349,0.5528317769397666,0.4782040807153783,0.5471877862222786,0.48129417669576724,0.5014909810831399,0.5054341110274223,Неуравновешенный,Неуравновешенный_026,True,moderate_a0.6,1,0.32849533258929065
0.40062983675081404,0.5585159691671651,0.532617234013016,0.5368250583556651,0.5544445611118365,0.5892455875815843,0.5297221096794379,0.5936989003237575,0.49092222124127155,0.5292669896353667,Неуравновешенный,Неуравновешенный_026,True,moderate_a0.6,2,0.32849533258929065
0.33976151369623653,0.581110306151985,0.46155160516349775,0.550751577803157,0.7641947670756479,0.46017841179889396,0.5154999580143578,0.7209200278237423,0.5784691937360414,0.5121221704331717,Неуравновешенный,Неуравновешенный_026,True,moderate_a0.6,3,0.32849533258929065
0.27389490530614236,0.590641814095375,0.3281345195621081,0.654525140337506,0.8809506995518409,0.41722966171764325,0.659626482797278,0.7693398542114901,0.6844328121865425,0.4954982671792731,Неуравновешенный,Неуравновешенный_026,True,moderate_a0.6,4,0.32849533258929065
0.29079910766932954,0.7043935927154775,0.33961289775384795,0.6135339788297235,0.9690944967914165,0.5152483592682813,0.6418335930254531,0.8228462959845692,0.703697463831401,0.5885155390360692,Неуравновешенный,Неуравновешенный_026,True,moderate_a0.6,5,0.32849533258929065
0.2054395644061662,0.6842927198196326,0.25180197977142343,0.5889996003455777,0.989169708569439,0.4981889422304554,0.8686757851912275,0.8993067583782411,0.7227904140883423,0.6172526625921833,Неуравновешенный,Неуравновешенный_026,True,moderate_a0.6,6,0.32849533258929065
0.3833975726046289,0.6908793189777312,0.3501381886216124,0.5897187392874842,0.9587674290060906,0.49943074210963384,0.773608653827375,0.9240957091873597,0.7048922833452306,0.6410422819920629,Неуравновешенный,Неуравновешенный_026,True,moderate_a0.6,7,0.32849533258929065
0.380916073768346,0.7090337592460186,0.3224602107332722,0.5621476767452899,0.9501797478701832,0.4879763631908986,0.7641766148929117,0.8965881831884168,0.6761486453283648,0.6259238094083736,Неуравновешенный,Неуравновешенный_026,False,moderate_a0.6,0,0.32849533258929065
0.49789718327020965,0.5027916049241039,0.5061190375423256,0.5633279937752484,0.6127920073942155,0.4708889864289911,0.4928536811305509,0.5264509579456439,0.49008685564890286,0.4793218594297062,Неуравновешенный,Неуравновешенный_027,True,moderate_a0.75,1,0.40477368641430905
0.44998639369109955,0.4742117572811139,0.507036042628798,0.5981504875817147,0.6241130852125637,0.4793577161871836,0.45493851427613474,0.596721037286642,0.4784611863917821,0.5401751596296055,Неуравновешенный,Неуравновешенный_027,True,moderate_a0.75,2,0.40477368641430905
0.37696086935698264,0.48588625105278643,0.41974162234644535,0.617988227829064,0.8451626215090868,0.3611430949727838,0.4555070932467451,0.793909997894934,0.6012908076370634,0.5662205125963523,Неуравновешенный,Неуравновешенный_027,True,moderate_a0.75,3,0.40477368641430905
0.375448628073158,0.45414902191675444,0.32505798093083005,0.636409526318025,0.9367877811667492,0.28834981989592395,0.6366819573399097,0.8251093399862572,0.6842677934135799,0.6629206175958795,Неуравновешенный,Неуравновешенный_027,True,moderate_a0.75,4,0.40477368641430905
0.4185827295436951,0.5728968233561708,0.3321089558540646,0.6135425877138904,0.9805850192024441,0.33349582891809115,0.6335456076958516,0.9218517166441428,0.6728127300756656,0.6937852894545444,Неуравновешенный,Неуравновешенный_027,True,moderate_a0.75,5,0.40477368641430905
0.3580914439704865,0.528990850340624,0.2637160502061084,0.68338197950206,0.9832361719584999,0.33304690822840494,0.849945803702534,0.9327713545564673,0.6813541846974939,0.646731491170282,Неуравновешенный,Неуравновешенный_027,True,moderate_a0.75,6,0.40477368641430905
0.41659409035522454,0.4973734187444389,0.18947012320456294,0.6695040476896547,1.0,0.332617800719439,0.9289409607433591,0.9360131533550937,0.6582776751055948,0.6327343168138452,Неуравновешенный,Неуравновешенный_027,True,moderate_a0.75,7,0.40477368641430905
0.4316079964334891,0.48182557108423135,0.17318453369451237,0.6815797799954898,1.0,0.31439694626069203,0.9515029260386675,0.9513580327144028,0.6397001477650315,0.6102142191108114,Неуравновешенный,Неуравновешенный_027,False,moderate_a0.75,0,0.40477368641430905
0.5298045893299578,0.5408050606012219,0.5546144616664794,0.5304304200006389,0.49296940477125284,0.5049037250713425,0.4718679400170305,0.5138314996612784,0.5333367223057661,0.5210466600472934,Неуравновешенный,Неуравновешенный_028,True,moderate_a0.85,1,0.3329727074100101
0.5137389457703727,0.663827296161898,0.5448394441009001,0.5404032425790332,0.4953938623135936,0.5551090114559019,0.5069190575806632,0.5050421002343793,0.556046585196799,0.5456509688134806,Неуравновешенный,Неуравновешенный_028,True,moderate_a0.85,2,0.3329727074100101
0.4185878503482559,0.7169166367742702,0.4535118508227571,0.5435566094257979,0.6103283627269096,0.5594192405601104,0.5950560263944105,0.5896908947513679,0.6838644888889328,0.5344969898766683,Неуравновешенный,Неуравновешенный_028,True,moderate_a0.85,3,0.3329727074100101
0.32797908065441805,0.7129117256430643,0.3626801535510255,0.6406712316085332,0.7216597010674641,0.49719100507569997,0.725989522246733,0.692742567698496,0.7904893606492854,0.5588353547431403,Неуравновешенный,Неуравновешенный_028,True,moderate_a0.85,4,0.3329727074100101
0.3802061954475629,0.7452954416784475,0.3969646205332628,0.6125947416451676,0.8658005908657821,0.48248035436956216,0.7113977105413078,0.9262237345927637,0.7936642752457579,0.670817294630924,Неуравновешенный,Неуравновешенный_028,True,moderate_a0.85,5,0.3329727074100101
0.36994439016859876,0.7413258272573392,0.34616259384412223,0.6877582491975355,0.9940017093605599,0.393106563474564,0.8352704170218299,0.945743075697264,0.806583926472589,0.6632330799665924,Неуравновешенный,Неуравновешенный_028,True,moderate_a0.85,6,0.3329727074100101
0.3102205926686214,0.7407145072182716,0.17134698802811826,0.7805906871800983,0.9753557771492147,0.36568583414745415,0.9846340241403596,0.9152503595116602,0.7903660958664457,0.6689210670185531,Неуравновешенный,Неуравновешенный_028,True,moderate_a0.85,7,0.3329727074100101
0.3035902454114403,0.7601874871616461,0.15992827995434658,0.7676179976635849,0.9698911007020117,0.34626621362489973,0.9773109478927384,0.9157926508180438,0.764473473284252,0.6780819800409661,Неуравновешенный,Неуравновешенный_028,False,moderate_a0.85,0,0.3329727074100101
0.4625748185987803,0.4559701356796597,0.500508206820809,0.510892738133113,0.5330370762038347,0.5059343518744829,0.5436198891021483,0.49426972112672896,0.4947153682229035,0.5409318855791224,Неуравновешенный,Неуравновешенный_029,True,moderate_a0.6,1,0.24966953938753111
0.3914575676285115,0.39448724292637316,0.5292930672238891,0.5882494697256337,0.5506535810524238,0.4830480712387327,0.5187603956256858,0.6275670672995941,0.47438704448792685,0.5061700588862639,Неуравновешенный,Неуравновешенный_029,True,moderate_a0.6,2,0.24966953938753111
0.3336143886250685,0.4788922328515787,0.42076642776567685,0.5792738687859628,0.6429847675024828,0.49999226445356476,0.5630939133790865,0.6745348729471489,0.5776643848475109,0.5215738165886261,Неуравновешенный,Неуравновешенный_029,True,moderate_a0.6,3,0.24966953938753111
0.21908753177431364,0.4450193484796509,0.3768248291932433,0.6782111096005387,0.8285804221520345,0.4263041712636784,0.5961071966063811,0.7038751917046387,0.734389289914294,0.4410675912139631,Неуравновешенный,Неуравновешенный_029,True,moderate_a0.6,4,0.24966953938753111
0.32058264274702125,0.5521278023490138,0.4018726594504459,0.6489172918636974,0.8385278672469572,0.49884063804759415,0.58981792452567,0.8286078442473768,0.7805703797064266,0.46892274193324934,Неуравновешенный,Неуравновешенный_029,True,moderate_a0.6,5,0.24966953938753111
0.23599361360220864,0.5288335123835657,0.36233964281363157,0.6436604753498775,0.8752401245035991,0.456223166134016,0.796698501576391,0.899758518955193,0.7767201298881911,0.48554700076492413,Неуравновешенный,Неуравновешенный_029,True,moderate_a0.6,6,0.24966953938753111
0.40688775757412593,0.5739067333302267,0.4479084909050877,0.609741854343249,0.8539129052002228,0.44442868812347647,0.8572297961246305,0.8419882887258406,0.7561193063346351,0.5303260222386098,Неуравновешенный,Неуравновешенный_029,True,moderate_a0.6,7,0.24966953938753111
0.39652502231400266,0.6023450177889904,0.42407368366403836,0.622051445494887,0.8478590377857854,0.4408403583815558,0.8334797624552417,0.8494915471303551,0.7512197368917884,0.5290652766623154,Неуравновешенный,Неуравновешенный_029,False,moderate_a0.6,0,0.24966953938753111
0.49099669214426916,0.5338279358920169,0.46585919809440623,0.519197206806222,0.5529267979739559,0.4391828223418477,0.5263017587845871,0.5737941379616164,0.5089170346525366,0.5003301308260758,Неуравновешенный,Неуравновешенный_030,True,moderate_a0.75,1,0.34133480430889196
0.425371920692236,0.49424731676073613,0.48086328549972446,0.567917440692049,0.5503799299242501,0.4267629792403942,0.5190768836966727,0.5924136115491533,0.4987313394243716,0.5129539723752417,Неуравновешенный,Неуравновешенный_030,True,moderate_a0.75,2,0.34133480430889196
0.37064404045644467,0.6246013297900127,0.3403383758881269,0.6013908466808106,0.6754202263556359,0.44742740525376595,0.5957639359367107,0.6693178324938923,0.5712276485868147,0.4942815883929716,Неуравновешенный,Неуравновешенный_030,True,moderate_a0.75,3,0.34133480430889196
0.33093778099645543,0.5968975924733024,0.18774959659619717,0.6926919859666478,0.7739442068426896,0.4103976941280777,0.7392720291409213,0.8005481108521939,0.7045104227326614,0.4901872783902878,Неуравновешенный,Неуравновешенный_030,True,moderate_a0.75,4,0.34133480430889196
0.3185961123388803,0.598350979041304,0.1840147303699948,0.7581668969109312,1.0,0.3906232048675934,0.7208236594935798,0.9179522761917966,0.6860967974328448,0.5617019897743561,Неуравновешенный,Неуравновешенный_030,True,moderate_a0.75,5,0.34133480430889196
0.20569714714492499,0.5776673942629963,0.13497780619807542,0.7766686211820913,0.9321262508772429,0.49750424587771425,1.0,0.9344614833759288,0.7314238056217227,0.5287630753312896,Неуравновешенный,Неуравновешенный_030,True,moderate_a0.75,6,0.34133480430889196
0.344619690764373,0.5721758535291326,0.14749003054936768,0.7589315094542542,0.924306454055152,0.5157842936868743,1.0,0.9251434690985993,0.7068156968092382,0.5103630497068014,Неуравновешенный,Неуравновешенный_030,True,moderate_a0.75,7,0.34133480430889196
0.35251159459197995,0.5991595481054469,0.16506759902023083,0.7298466295878678,0.939371590299969,0.5449939577457308,0.9820897386631781,0.9474619373800015,0.6853536694940141,0.5115074770998645,Неуравновешенный,Неуравновешенный_030,False,moderate_a0.75,0,0.34133480430889196
0.4981316965801943,0.5056302731382768,0.5187396277186622,0.5432284246333191,0.5785230370948605,0.4576288799899103,0.5106388189769121,0.533891460658674,0.5181448641119556,0.5157339806245762,Неуравновешенный,Неуравновешенный_031,True,moderate_a0.85,1,0.392680593850939
0.4153246295801455,0.5510191093635761,0.5270949987678675,0.6412155140095611,0.5909277659475117,0.5404797676803893,0.4651433720219301,0.6103404442020236,0.4921340850389022,0.536975021441483,Неуравновешенный,Неуравновешенный_031,True,moderate_a0.85,2,0.392680593850939
0.33839558702491324,0.5739400105364499,0.42901980306896575,0.6352592667241198,0.791732860675701,0.42378074884165867,0.47631771676981466,0.7609205990926089,0.597335178732222,0.5593090389744898,Неуравновешенный,Неуравновешенный_031,True,moderate_a0.85,3,0.392680593850939
0.2722234448952343,0.581036217990805,0.2861506761371797,0.7159609320392474,0.9262654869667263,0.3632137175285261,0.6220992222065379,0.8804622957508121,0.7372705090060665,0.5720933902988478,Неуравновешенный,Неуравновешенный_031,True,moderate_a0.85,4,0.392680593850939
0.3341575655681425,0.6328811177033837,0.3122808670923767,0.7839508742095607,1.0,0.33536343947352143,0.6690918627185711,0.968920316144757,0.7495408160993144,0.7537643350331127,Неуравновешенный,Неуравновешенный_031,True,moderate_a0.85,5,0.392680593850939
0.24682257768676838,0.6017769226587308,0.3247949775904635,0.8210796411136764,0.9978642022530976,0.4349725072670295,0.8386335905285058,1.0,0.7681613763617345,0.6883843420655562,Неуравновешенный,Неуравновешенный_031,True,moderate_a0.85,6,0.392680593850939
0.33775157882156226,0.586083748734066,0.19724112278170303,0.766723617589929,0.9856760164570076,0.42151852552428304,1.0,0.9288734181323908,0.7900021550936475,0.7525710601132443,Неуравновешенный,Неуравновешенный_031,True,moderate_a0.85,7,0.392680593850939
0.3300322289914718,0.5814854686972148,0.2196278516190187,0.7381082067167051,0.9800705315965872,0.41024177462807765,0.9784108311373433,0.9139069024757882,0.7630372221577401,0.7291887614551208,Неуравновешенный,Неуравновешенный_031,False,moderate_a0.85,0,0.392680593850939
0.5016294429109851,0.4923776221659989,0.48864239489651645,0.5653738862827133,0.5698191233920993,0.4205406289878787,0.5275637427136156,0.5090099532804496,0.49593491450410937,0.5078234042873885,Неуравновешенный,Неуравновешенный_032,True,moderate_a0.6,1,0.45956258563917146
0.4191565275844629,0.5929775969843568,0.4940228281099286,0.5883577818213831,0.5605482116281235,0.5398189950361628,0.5225915065763312,0.6215328138411743,0.5087043732127569,0.4874642118308285,Неуравновешенный,Неуравновешенный_032,True,moderate_a0.6,2,0.45956258563917146
0.3738834645843524,0.6221486246556397,0.41348603426414615,0.5711623792865153,0.8029879627829591,0.4106576776432853,0.5565463156971512,0.7751432227847443,0.6044542422329492,0.49803073866059283,Неуравновешенный,Неуравновешенный_032,True,moderate_a0.6,3,0.45956258563917146
0.2761545889038582,0.6693685740777013,0.37264973006755364,0.7275368271848343,0.6966370728563036,0.4594100052376868,0.6503366090279478,0.864955082233408,0.6793978464452539,0.489867938935192,Неуравновешенный,Неуравновешенный_032,True,moderate_a0.6,4,0.45956258563917146
0.3764822803890641,0.7466402801500814,0.3344951536122011,0.7844811998393014,0.8582949759473799,0.4121003415652477,0.6989679729276904,0.9410882806537098,0.6678948917071291,0.5640453146685569,Неуравновешенный,Неуравновешенный_032,True,moderate_a0.6,5,0.45956258563917146
0.31185880705343183,0.7243552159239378,0.2919233327221698,0.7989377993509873,0.8161401543911679,0.481978014637471,1.0,0.9458589211303621,0.6662684410542321,0.5338731458814386,Неуравновешенный,Неуравновешенный_032,True,moderate_a0.6,6,0.45956258563917146
0.48500687534926745,0.7376136715258919,0.4003757555134133,0.7865744128774816,0.8077514191842126,0.5111346316537687,0.89904568134279,0.9372023709210608,0.6297563311791105,0.5584630886641612,Неуравновешенный,Неуравновешенный_032,True,moderate_a0.6,7,0.45956258563917146
0.5034381977404292,0.7492723152047435,0.42617014638192446,0.7847238657838197,0.7787679950506409,0.5298619563533853,0.9226800418754343,0.924568818170179,0.6129511104228289,0.5730445272078768,Неуравновешенный,Неуравновешенный_032,False,moderate_a0.6,0,0.45956258563917146
0.5339319861257686,0.49602361176529475,0.49616425169648065,0.4872086471092924,0.6116550390703759,0.4622382804896914,0.4845542926728772,0.548073100142712,0.4664359972946989,0.485053957246935,Неуравновешенный,Неуравновешенный_033,True,moderate_a0.75,1,0.3112625348711361
0.4900131508150586,0.4618493061357965,0.4988512852352475,0.5593060029594247,0.613431774820054,0.4580444647880809,0.49107383510455704,0.6363066474490214,0.46651572220462467,0.47198615701373453,Неуравновешенный,Неуравновешенный_033,True,moderate_a0.75,2,0.3112625348711361
0.4301975951962182,0.6117950473805063,0.3436355977141753,0.5977891886863042,0.6478641678713251,0.44493963505278944,0.5782633819639846,0.7203183153993148,0.4822404898972455,0.48250761014004023,Неуравновешенный,Неуравновешенный_033,True,moderate_a0.75,3,0.3112625348711361
0.34327973375656545,0.6307736726664537,0.26441105102098383,0.7105523521679155,0.8046785414588691,0.4062695927531105,0.5863973216392457,0.7588063878053951,0.6086074877349125,0.4097593917648794,Неуравновешенный,Неуравновешенный_033,True,moderate_a0.75,4,0.3112625348711361
0.34346277096559863,0.6601289644091781,0.28209760337612655,0.6683297343875192,0.9782415950781822,0.30305078573477984,0.5877087920007744,0.8540258267729464,0.6138553375613144,0.626242847322332,Неуравновешенный,Неуравновешенный_033,True,moderate_a0.75,5,0.3112625348711361
0.2795869462194003,0.6566047212083868,0.28783594455127903,0.6766413131401999,0.9815386343813707,0.40697065081021006,0.776784010042266,0.963538959444043,0.6451728670697112,0.5401187488684744,Неуравновешенный,Неуравновешенный_033,True,moderate_a0.75,6,0.3112625348711361
0.344341953356231,0.690218422388086,0.12199726028779637,0.6405914174986114,1.0,0.45533768043074446,0.987281866522057,0.927873187749403,0.6827912902081015,0.584219828716902,Неуравновешенный,Неуравновешенный_033,True,moderate_a0.75,7,0.3112625348711361
0.3708052661967474,0.6682089885827723,0.0992518450391828,0.6401537076700355,1.0,0.47829300443625666,0.9687709770456403,0.9106727414130198,0.7109438346485197,0.5606503832067925,Неуравновешенный,Неуравновешенный_033,False,moderate_a0.75,0,0.3112625348711361
0.5090191275377401,0.4867788349789932,0.5212213751386017,0.49927252816715845,0.5226922965752513,0.5148531961717168,0.5168329737404184,0.4748331907433029,0.5015928939592564,0.5445429430026962,Неуравновешенный,Неуравновешенный_034,True,moderate_a0.85,1,0.45183185160816963
0.44421819346489305,0.4456458035769428,0.5043095559666837,0.5602247452973774,0.5099995212499163,0.4996684907868766,0.496455913554546,0.5754655365293836,0.502500706852131,0.5333598634827331,Неуравновешенный,Неуравновешенный_034,True,moderate_a0.85,2,0.45183185160816963
0.4134451418243214,0.5457121779927351,0.440742953571105,0.5569586013925687,0.6292431646674713,0.3849757205830253,0.5093665593945738,0.8073272224294393,0.5234340370263098,0.528375112802617,Неуравновешенный,Неуравновешенный_034,True,moderate_a0.85,3,0.45183185160816963
0.38621726838716414,0.5498641604115856,0.3087108436249211,0.5307753840844991,0.6379662486410091,0.3710460411703471,0.7611617126838426,0.7658088060085493,0.599546165594062,0.7061436223981391,Неуравновешенный,Неуравновешенный_034,True,moderate_a0.85,4,0.45183185160816963
0.4059318140951436,0.5651882145694682,0.32163964896383435,0.5928992061213344,0.9338473788937862,0.3077496011252072,0.7518931858871551,0.8573274966034243,0.5724302616531672,0.7445719090084522,Неуравновешенный,Неуравновешенный_034,True,moderate_a0.85,5,0.45183185160816963
0.4216659044481925,0.5909374629210127,0.33440682004823563,0.6004135817790424,1.0,0.3617740003184961,0.8044660588575763,1.0,0.5928685271494192,0.6840272095985169,Неуравновешенный,Неуравновешенный_034,True,moderate_a0.85,6,0.45183185160816963
0.3627714309220787,0.6073257482804866,0.19537631275547404,0.6718353515838041,0.9950329759458437,0.3421859880564755,0.9533910221621446,0.9814613028380715,0.610001771110822,0.7230602709981795,Неуравновешенный,Неуравновешенный_034,True,moderate_a0.85,7,0.45183185160816963
0.3336208242294296,0.6305222265913281,0.2233609545959271,0.6878102985403101,0.9814732069586993,0.35589856325939867,0.934497913710462,0.9634460754408815,0.6169252838061279,0.7300093820675673,Неуравновешенный,Неуравновешенный_034,False,moderate_a0.85,0,0.45183185160816963
0.5188253298809683,0.5472143976517682,0.4871540508563527,0.5214242765493914,0.5318443221366224,0.5181865146502842,0.4912678042536029,0.520738993944091,0.46848837753451156,0.5018808690763555,Неуравновешенный,Неуравновешенный_035,True,moderate_a0.6,1,0.32912447272374024
0.49349840958647384,0.5233571157153122,0.5043212659230599,0.5905892709267909,0.5555291999722726,0.4954657553942711,0.4798051070704154,0.5507776133084868,0.45444453953650255,0.48588535021139273,Неуравновешенный,Неуравновешенный_035,True,moderate_a0.6,2,0.32912447272374024
0.4181834992222941,0.5414669240563471,0.4241932759310278,0.5903310313527591,0.7448374761863363,0.4061114640463477,0.467258349949876,0.7721591566502961,0.580477630776374,0.48603386095912204,Неуравновешенный,Неуравновешенный_035,True,moderate_a0.6,3,0.32912447272374024
0.4068201664376575,0.5148157891743113,0.3224243707184013,0.6492352591595919,0.8271559309635478,0.3192319433064969,0.609175827373876,0.8397449498061315,0.7029271003502854,0.5174238322050554,Неуравновешенный,Неуравновешенный_035,True,moderate_a0.6,4,0.32912447272374024
0.43257893196937885,0.7351570975571918,0.3477948389575819,0.6181790767175916,0.8897061514185141,0.44872485049223615,0.5863651157322326,0.9107739892649815,0.6997735681892377,0.5957477825594748,Неуравновешенный,Неуравновешенный_035,True,moderate_a0.6,5,0.32912447272374024
0.376274166703421,0.7517068923995863,0.28749982295186033,0.7109189974367298,0.9421330924168201,0.43901722158976997,0.8493192891595035,0.9005285839234481,0.6790849475392502,0.5542322196343769,Неуравновешенный,Неуравновешенный_035,True,moderate_a0.6,6,0.32912447272374024
0.4454314586429006,0.762254602923217,0.18949705271676093,0.7307052796140456,0.9410807944513854,0.4502668456086614,0.9472768155764105,0.8826448276404062,0.6874645529459014,0.5270893325528213,Неуравновешенный,Неуравновешенный_035,True,moderate_a0.6,7,0.32912447272374024
0.4552901673127477,0.7369990440401165,0.1955327883229736,0.7146638713022676,0.9484169297385977,0.42233269357732367,0.9542149068458718,0.8577321831695713,0.7021532151196345,0.5358687161610854,Неуравновешенный,Неуравновешенный_035,False,moderate_a0.6,0,0.32912447272374024
0.5059799663514911,0.4929452520178962,0.5117062390559953,0.5589239240860036,0.6002321951324081,0.4521978629462771,0.5175858909188262,0.5231127923652391,0.5001678312704244,0.505321724115049,Неуравновешенный,Неуравновешенный_036,True,mixed,1,0.2996036077336382
0.4457437248631201,0.5438837563862042,0.5034761227155894,0.6038268549965405,0.5752177927656437,0.4714704365071792,0.5053349055122175,0.5786382091986038,0.46393222437806847,0.5375786924096142,Неуравновешенный,Неуравновешенный_036,True,mixed,2,0.2996036077336382
0.367194122500017,0.6689593020728123,0.3747021927507933,0.6202624298997299,0.6908642183531716,0.44592253974530904,0.5481607207208461,0.6572614021446745,0.5744822105398008,0.525245038465905,Неуравновешенный,Неуравновешенный_036,True,mixed,3,0.2996036077336382
0.29740799452122707,0.6729286200863446,0.248776199137681,0.6466473305163399,0.7036650716590742,0.42980596939326615,0.726446100490671,0.7576652738884133,0.6899481720890689,0.6142596276148989,Неуравновешенный,Неуравновешенный_036,True,mixed,4,0.2996036077336382
0.26550246091000124,0.7902316704298195,0.2634630270768759,0.6316609537443991,0.741905762005402,0.5420570177344898,0.692677748205803,0.8318929252967857,0.7584215899577086,0.7565653317734061,Неуравновешенный,Неуравновешенный_036,True,mixed,5,0.2996036077336382
0.18690117179617025,0.8310699814298407,0.18368812081789532,0.6703151669063638,0.8083114267100445,0.49076446493205805,0.9532344736889082,0.843537728635278,0.7686018061930378,0.7228858967369124,Неуравновешенный,Неуравновешенный_036,True,mixed,6,0.2996036077336382
0.3481819930849805,0.8212462741477555,0.30492822534201863,0.6550842153485231,0.8588430224742603,0.4787619410752711,0.9586511289411154,0.820544929881199,0.7784105956003867,0.6955969651181084,Неуравновешенный,Неуравновешенный_036,True,mixed,7,0.2996036077336382
0.34237434553120283,0.8126239854371882,0.3168533615362532,0.649434439732284,0.8667071136006186,0.5018693839155722,0.9416574788935367,0.8159250623436384,0.7737180025856898,0.707916112695945,Неуравновешенный,Неуравновешенный_036,False,mixed,0,0.2996036077336382
0.5037781096402585,0.5494251019815579,0.5445708465084987,0.5210598537509132,0.5575306530392444,0.49102930725255534,0.4607526580018645,0.5642020397951428,0.5014782180777554,0.46355643955648285,Неуравновешенный,Неуравновешенный_037,True,mixed,1,0.3615505809113122
0.4684658762763215,0.5529109214545069,0.5722190226601807,0.5196143203027032,0.572796434371555,0.4842194728657765,0.44691478301098564,0.5415619145925475,0.46273865597170505,0.657529601975358,Неуравновешенный,Неуравновешенный_037,True,mixed,2,0.3615505809113122
0.4002361338948919,0.6651494033277733,0.44302856392411233,0.5206250624359728,0.6500716040165528,0.48873840101930044,0.4961782738234334,0.600861904353411,0.5445294896832245,0.6522352742764717,Неуравновешенный,Неуравновешенный_037,True,mixed,3,0.3615505809113122
0.4078511336567888,0.718679352584805,0.32271788665766027,0.5516090690751609,0.5959961507974857,0.5620625466461038,0.7156253988204266,0.5730501857464366,0.6152076990848494,0.7262714438004134,Неуравновешенный,Неуравновешенный_037,True,mixed,4,0.3615505809113122
0.536757343026934,0.6496813838584765,0.3083833314160973,0.5431817877066303,0.8179287819645915,0.5574874088177187,0.7646571843772084,0.6776012868318759,0.5912155953592255,0.7458997691568919,Неуравновешенный,Неуравновешенный_037,True,mixed,5,0.3615505809113122
0.45673375812286326,0.6651897257828708,0.22408606994551744,0.6049324446948376,0.8433425667067959,0.5457802064829197,1.0,0.6595339942728273,0.6116478332361842,0.7116049514704545,Неуравновешенный,Неуравновешенный_037,True,mixed,6,0.3615505809113122
0.5778068911581145,0.6701680412390715,0.20372702856016583,0.5232988836043083,0.838971280243952,0.546895675421809,1.0,0.6370324282261215,0.6245572506831756,0.6941313492826733,Неуравновешенный,Неуравновешенный_037,True,mixed,7,0.3615505809113122
0.5847112169122405,0.6947205168430695,0.21298544823292745,0.5154366986072706,0.8563779271316659,0.5418260893295439,0.9726277822893286,0.658777889263176,0.6205517086529071,0.6878695257418443,Неуравновешенный,Неуравновешенный_037,False,mixed,0,0.3615505809113122
0.49657037492159256,0.48730621426538867,0.47562255862947633,0.5194686517371174,0.5476065631187063,0.48196359991240695,0.5169677197851166,0.5401663704877187,0.5002488485967556,0.5049009547750741,Неуравновешенный,Неуравновешенный_038,True,mixed,1,0.480917941291853
0.4310026523383806,0.4245157584545865,0.4659317264031909,0.6143738159831688,0.5425630126818157,0.5037107442429984,0.5617789009129113,0.6322020728761119,0.49013107996699207,0.5050630266310269,Неуравновешенный,Неуравновешенный_038,True,mixed,2,0.480917941291853
0.40723909294313526,0.42026872469470195,0.39581432474705897,0.5845843673517813,0.7632122129796045,0.38771347670724626,0.5725450997755667,0.8103347649472358,0.5658644495453771,0.4935842555062676,Неуравновешенный,Неуравновешенный_038,True,mixed,3,0.480917941291853
0.3404767642910675,0.45844325998876356,0.29381147323156526,0.670482282185197,0.8510969371112622,0.35774874930004924,0.6721130340891267,0.8457774759184353,0.6777821441266755,0.5290291618791533,Неуравновешенный,Неуравновешенный_038,True,mixed,4,0.480917941291853
0.4098790174221936,0.4090023308555938,0.3293215054632048,0.7129353276517811,1.0,0.34446418260612055,0.7055553883203401,0.9515066412501265,0.6944362638740629,0.5544882345711956,Неуравновешенный,Неуравновешенный_038,True,mixed,5,0.480917941291853
0.43154282800261506,0.4204878145800188,0.25377012666021087,0.7377530060592014,0.9406964638344453,0.4014759815406952,0.9191407806556182,0.98061481497958,0.6883538524540306,0.5296674209251423,Неуравновешенный,Неуравновешенный_038,True,mixed,6,0.480917941291853
0.5118740169242574,0.44427154248650125,0.18434460876010428,0.783120353588028,1.0,0.4047509146979896,0.9904221434114225,0.9514736264221804,0.6800943271222015,0.48999485440800067,Неуравновешенный,Неуравновешенный_038,True,mixed,7,0.480917941291853
0.5114423612354334,0.4375099423269006,0.19625133333888342,0.7761421329898096,1.0,0.4203842207077452,0.9624130336626489,0.9499425454368102,0.6783345177759287,0.48070000873496005,Неуравновешенный,Неуравновешенный_038,False,mixed,0,0.480917941291853
0.4705663236393703,0.49941969647610795,0.5270698786929012,0.5074934035547699,0.5511641890437716,0.47606841579246617,0.5141699538630606,0.5156762691063738,0.479570590498025,0.5278595137106693,Неуравновешенный,Неуравновешенный_039,True,mixed,1,0.36833131365249977
0.44989022487279595,0.6347768134475626,0.5144408910866979,0.5310370335935923,0.5603300513525276,0.5765070177251941,0.5021819193572588,0.5756263035525868,0.4712760374312464,0.5991440061100007,Неуравновешенный,Неуравновешенный_039,True,mixed,2,0.36833131365249977
0.38985158930615743,0.7646562616928548,0.3770013318775636,0.5540360673027144,0.6426979242848865,0.5838984053359695,0.6189005372335356,0.6350729133597092,0.5979443325338453,0.6082175858418559,Неуравновешенный,Неуравновешенный_039,True,mixed,3,0.36833131365249977
0.3334589224002868,0.787106180261849,0.3092199663983556,0.6247132384198737,0.7244725090937127,0.5481123102640447,0.6742241782718416,0.6410306524285762,0.7581091038012544,0.6061344713546492,Неуравновешенный,Неуравновешенный_039,True,mixed,4,0.36833131365249977
0.42083321167264587,0.7878460461209933,0.2768185938133635,0.6324329615048572,0.9425388572806052,0.528655159069853,0.6910083577982234,0.8102602214319015,0.7774184600772398,0.6900929798412198,Неуравновешенный,Неуравновешенный_039,True,mixed,5,0.36833131365249977
0.37842232444632945,0.8413440744432449,0.2592212426614791,0.6305934097583186,0.8799887085973493,0.6526411075775207,0.891382641933276,0.7523618547709867,0.7872525112002627,0.7781533979233702,Неуравновешенный,Неуравновешенный_039,True,mixed,6,0.36833131365249977
0.4421014509982579,0.7934437345179643,0.3170698945828744,0.6602315108211915,0.9563918903857301,0.6530453625100795,0.90758864954232,0.75805267514794,0.7453246424095544,0.7333563392507942,Неуравновешенный,Неуравновешенный_039,True,mixed,7,0.36833131365249977
0.4148359413867141,0.7777368922992967,0.28964552812065836,0.6505714862183001,0.979354866272159,0.6773494661603955,0.9188236012188034,0.746749966416059,0.7161764294024794,0.7161208521695932,Неуравновешенный,Неуравновешенный_039,False,mixed,0,0.36833131365249977
0.5272591139048196,0.5608176741912841,0.4780699380024243,0.5334447423600891,0.5346311372460832,0.5167554415909087,0.5214929113126807,0.5110833344381283,0.48096630748061214,0.5027805084939246,Дистим,Дистим_000,True,extreme,1,0.4088540813528424
0.4860732816522758,0.518292403176826,0.47408123796361856,0.6280486410621591,0.5236084064888321,0.49504482954495393,0.5086997527394721,0.5695702664663689,0.4776869414547522,0.5472929052738054,Дистим,Дистим_000,True,extreme,2,0.4088540813528424
0.4206493211625228,0.48767933039773687,0.3928291116079597,0.6523993471079994,0.7197201649742765,0.4284559174818099,0.5069035158764975,0.7653712292007855,0.5436290575489685,0.5393590096646371,Дистим,Дистим_000,True,extreme,3,0.4088540813528424
0.3643341357571077,0.4657826830775212,0.35679834379266984,0.7828068359676357,0.8324782918792835,0.3593295729912669,0.566845744252239,0.8265119127114001,0.6929860504966641,0.47641661478241626,Дистим,Дистим_000,True,extreme,4,0.4088540813528424
0.3539427477625256,0.45167024240998876,0.362761094976868,0.8085146043332612,1.0,0.31394517771107233,0.5274810908120182,0.9521220835549765,0.7240449397373038,0.565903572055734,Дистим,Дистим_000,True,extreme,5,0.4088540813528424
0.2825842485736094,0.45603442322683013,0.2821895720367476,0.8984954831860557,0.9928233239584728,0.32392713196798745,0.748753816335965,0.9569924788244537,0.7002093032470996,0.5520643587329227,Дистим,Дистим_000,True,extreme,6,0.4088540813528424
0.35482294336016973,0.4285951339787677,0.3297210918809497,0.9285761185660484,1.0,0.3537238403946291,0.7519196292464703,0.9454505834767596,0.6851491418421787,0.5424846365248421,Дистим,Дистим_000,True,extreme,7,0.4088540813528424
0.37404748049963327,0.43822124597189405,0.3073752172319631,0.9565148742091335,1.0,0.3637732125645716,0.7407182638621964,0.9204235467326104,0.6737699507762162,0.5351873993255545,Дистим,Дистим_000,False,extreme,0,0.4088540813528424
0.4627102021989363,0.5254981970378924,0.5328684880599195,0.5120353307565135,0.5536074457057666,0.4809188260286737,0.5314479338767173,0.5221403281003115,0.47279552704003297,0.5060940484211836,Дистим,Дистим_001,True,extreme,1,0.2972872912067931
0.3771026059112346,0.3920050083701684,0.5152149042866278,0.6770379174077543,0.5576374275528486,0.4841358184924272,0.544975557447443,0.6052814932563557,0.47953143726338615,0.5071163403022303,Дистим,Дистим_001,True,extreme,2,0.2972872912067931
0.28624565755127473,0.3968617758272913,0.4547016223816167,0.6778217813306834,0.7862665389508001,0.3843161734664232,0.5564728177715551,0.7630939420655412,0.5798821577069022,0.4666758944879336,Дистим,Дистим_001,True,extreme,3,0.2972872912067931
0.23509742509663065,0.39174998996272736,0.3343375083874036,0.7346881467277043,0.8691166612534852,0.29749386922429566,0.6674147430836324,0.8833448337293257,0.7240215788141592,0.45639547619112686,Дистим,Дистим_001,True,extreme,4,0.2972872912067931
0.2353624116492922,0.4323226199413435,0.36721308011743276,0.811738046669928,1.0,0.24584179034483356,0.6830272713388407,0.9222853950866252,0.6974500193258034,0.5837247665085039,Дистим,Дистим_001,True,extreme,5,0.2972872912067931
0.24251028105059488,0.39127259909782497,0.3221155648134885,0.8852064077105988,1.0,0.21702771205371427,0.7894864681113707,0.9847007200545899,0.7068560402593493,0.5128806825219954,Дистим,Дистим_001,True,extreme,6,0.2972872912067931
0.16765145504547121,0.3652507067146993,0.25363507795871376,1.0,1.0,0.22253081040566797,0.8696491009238353,0.9908331189284093,0.7123052494530298,0.4906704193803358,Дистим,Дистим_001,True,extreme,7,0.2972872912067931
0.1706719224954046,0.3795814279989123,0.24641545733835676,0.979253609606474,1.0,0.21614209729382167,0.880315246720413,0.9862182858536115,0.6950339194812288,0.47829536503994324,Дистим,Дистим_001,False,extreme,0,0.2972872912067931
0.5095291232185832,0.4978569878707237,0.49306894719201394,0.5319261163793216,0.5529281961572153,0.4961342548339482,0.5105941362196967,0.5218413590119789,0.4549100557381496,0.5238410089035351,Дистим,Дистим_002,True,extreme,1,0.6827035843481243
0.5096068654950184,0.5175562022559536,0.5088238220744729,0.5774011629008213,0.571931896038928,0.49587010077371113,0.48575196265065274,0.5494671985252316,0.43940932756854784,0.5657718490470759,Дистим,Дистим_002,True,extreme,2,0.6827035843481243
0.41267502563780106,0.5239865419063484,0.44159408785598264,0.5813711099867231,0.8264056300615521,0.4029689565410215,0.46730058124753826,0.7371360962926716,0.5400684914694355,0.5731951386198857,Дистим,Дистим_002,True,extreme,3,0.6827035843481243
0.320222744258071,0.5656132606436577,0.38990844968770244,0.6263691773353284,0.9315763901998714,0.3591160645528843,0.5167972244512369,0.7382743355771033,0.6544996346342962,0.6208732226249504,Дистим,Дистим_002,True,extreme,4,0.6827035843481243
0.3990104899479733,0.5560030366402311,0.3725280895895082,0.5866295678192283,0.9841251823377803,0.33508938470211436,0.6169288017319372,0.843441370033387,0.6460343705893744,0.9267046374906697,Дистим,Дистим_002,True,extreme,5,0.6827035843481243
0.40716450561759987,0.5736811756430105,0.3932111058024556,0.5566297675801071,1.0,0.23149157511506402,0.6199449961628283,1.0,0.6340024461941705,0.881998178312273,Дистим,Дистим_002,True,extreme,6,0.6827035843481243
0.32097182979719585,0.5546413176625153,0.4255323636511811,0.6479560152486632,1.0,0.24947343247743953,0.6876194785997902,0.9410535472340059,0.6336597931767292,0.9047833953277062,Дистим,Дистим_002,True,extreme,7,0.6827035843481243
0.3387123147590401,0.5796535327815087,0.4154986742822655,0.659337923484329,0.9923963170383548,0.2733724205816121,0.7010399410333412,0.9586546097233833,0.6577165851824983,0.896416511759824,Дистим,Дистим_002,False,extreme,0,0.6827035843481243
0.5261711924131061,0.5052031225927001,0.45960335789111906,0.5168827512466416,0.6019669188571299,0.45361795182839154,0.53656623489557,0.5388703254841956,0.48325972613888496,0.4920958450369124,Дистим,Дистим_003,True,extreme,1,0.5318944061049674
0.4764754357221255,0.4551363222623992,0.48884992657396903,0.5905255643076848,0.6027282905082822,0.4803214827030374,0.5505292108927042,0.5591422845300666,0.46949091975088564,0.49546961495060377,Дистим,Дистим_003,True,extreme,2,0.5318944061049674
0.38299033372422214,0.44002617667582183,0.46506763890379366,0.6152978273254103,0.7954760725039625,0.36437959730069064,0.610290448509035,0.6689629385510538,0.49172008100147085,0.547351792831344,Дистим,Дистим_003,True,extreme,3,0.5318944061049674
0.3461009985632101,0.5131734888503645,0.40107446580977607,0.7225526372536974,0.8327750251967253,0.3736395397103454,0.6198814620433178,0.7198034607489793,0.5680046296235954,0.588312758229485,Дистим,Дистим_003,True,extreme,4,0.5318944061049674
0.3987741288854267,0.41279626869861824,0.416416734179316,0.7298161240884603,1.0,0.27170892304999883,0.600188227303919,0.8646673367691878,0.5579286704473092,0.7464061922076927,Дистим,Дистим_003,True,extreme,5,0.5318944061049674
0.3266522217173324,0.37284420289233916,0.4057318385828323,0.7355098297013841,1.0,0.234870274226763,0.734008681922498,1.0,0.5420585080981306,0.6639521963740024,Дистим,Дистим_003,True,extreme,6,0.5318944061049674
0.3773219157512741,0.3616605985198867,0.4262535968170436,0.7813239945959674,1.0,0.2555287160428529,0.713711549177692,0.9657112993800643,0.5898841849393635,0.677396197292176,Дистим,Дистим_003,True,extreme,7,0.5318944061049674
0.35720264287217907,0.3558109623202064,0.4446967901974497,0.7551166328970514,0.9838494312877847,0.28332972487385144,0.7098244795790886,0.9937837479970287,0.6023268334181812,0.6950052762981862,Дистим,Дистим_003,False,extreme,0,0.5318944061049674
0.5151723400755016,0.5127418317252915,0.4740175324434086,0.5970290784582916,0.5192323046344022,0.4827580730783541,0.4969188631539051,0.47754632691258797,0.4836155143893636,0.521082819918374,Дистим,Дистим_004,True,extreme,1,0.4285957248564115
0.49073024148356825,0.40407041907742947,0.44889302049442464,0.7420557290688023,0.510974224961779,0.48191239760176224,0.49575626442605947,0.45178465635008797,0.4745135672205335,0.5120967141103838,Дистим,Дистим_004,True,extreme,2,0.4285957248564115
0.4191483164586869,0.39915844737838796,0.4506086074832407,0.7155944812745592,0.7090808256608271,0.3988879347227023,0.5938371187588554,0.5800174685647381,0.5057313360516655,0.5926647610877924,Дистим,Дистим_004,True,extreme,3,0.4285957248564115
0.3492607411695763,0.4118042053973077,0.3948852768022335,0.8154800905380745,0.8774096003819281,0.3692620777145003,0.6230202820378075,0.6031238480833129,0.60993636062068,0.5549472019196273,Дистим,Дистим_004,True,extreme,4,0.4285957248564115
0.397541221887449,0.3716005512815948,0.347877163756016,0.7894799054915712,1.0,0.23007190145244993,0.6569904018427591,0.7271969340460952,0.5930955982307111,0.7876097252921379,Дистим,Дистим_004,True,extreme,5,0.4285957248564115
0.31038249247134914,0.3869392136867591,0.32628653086223,0.8014240728936004,1.0,0.1936050157387,0.7797115427372353,0.8956700425488602,0.5910630093809809,0.707249158649176,Дистим,Дистим_004,True,extreme,6,0.4285957248564115
0.24144495765703014,0.39064147810547545,0.23986937349421236,0.9118059731046577,1.0,0.17805516963393483,0.8170618050346371,0.8900037580714348,0.5801926983235898,0.6664554726651716,Дистим,Дистим_004,True,extreme,7,0.4285957248564115
0.2706432374383473,0.3773291817710978,0.2190745193609192,0.8913391913911031,1.0,0.17749264106406956,0.8140224878693847,0.9066889033550726,0.6044064744352096,0.6925056754961028,Дистим,Дистим_004,False,extreme,0,0.4285957248564115
0.4525837399001777,0.4811783414616804,0.47117813331700925,0.5467374307936648,0.5657815001189141,0.42625663571657646,0.47802868857588304,0.5627502595540238,0.5298105795889361,0.5073822779558533,Дистим,Дистим_005,True,extreme,1,0.2718663610848509
0.36768444495646924,0.41016917232205824,0.46673313288323137,0.7302891868954672,0.5678454325502255,0.44539390242855165,0.512884338309839,0.65493846868232,0.5408275139038426,0.5313045591064331,Дистим,Дистим_005,True,extreme,2,0.2718663610848509
0.29435923947821896,0.3691680681253267,0.43419397257524134,0.7798882970303607,0.7956960423326218,0.38243040908193104,0.5180441137513008,0.8364473130066291,0.6802871682332843,0.5077330824053887,Дистим,Дистим_005,True,extreme,3,0.2718663610848509
0.257893062704788,0.34476499712483355,0.2811254140833138,0.7949405318500616,0.8821403876293017,0.29720378526967517,0.6335660672968758,0.9666038955178388,0.7875111047742548,0.4810612296249565,Дистим,Дистим_005,True,extreme,4,0.2718663610848509
0.3031206587845986,0.22837533217432046,0.2581236229100171,0.8295132596050423,1.0,0.2514200932933201,0.6403045704212968,1.0,0.7749272801238954,0.5376235160763002,Дистим,Дистим_005,True,extreme,5,0.2718663610848509
0.25326371465150127,0.22700313455913598,0.27009753691412736,0.9271812288746344,1.0,0.2079961059487769,0.7840958221884405,1.0,0.7557548369351738,0.4467337426025665,Дистим,Дистим_005,True,extreme,6,0.2718663610848509
0.2849468571880394,0.1891575209752623,0.275772000653245,0.97343245084208,0.9944000937252716,0.23306538742770966,0.726178303489839,0.9803137133615547,0.7835688129249678,0.4476852214669401,Дистим,Дистим_005,True,extreme,7,0.2718663610848509
0.27020413517739567,0.17386549106979388,0.26045801754350417,0.973796036007288,1.0,0.2095989877772694,0.748912067867194,0.9763984482657952,0.7662088908652196,0.43018299037128094,Дистим,Дистим_005,False,extreme,0,0.2718663610848509
0.5096344608500265,0.5172176530759123,0.4753542853242971,0.5351016767614749,0.5607295215347271,0.4736784757055014,0.5505892691267279,0.5660458014600404,0.5128861091346376,0.5158160600451881,Дистим,Дистим_006,True,extreme,1,0.32572380414935537
0.5447917506952865,0.45238382835332136,0.4774345726933311,0.6318504258982574,0.5413577775924542,0.48450695927386983,0.5448781124023262,0.5634940308406274,0.5394984123755691,0.5877658836392338,Дистим,Дистим_006,True,extreme,2,0.32572380414935537
0.4791970775807918,0.4152724403061309,0.41789189799323145,0.6090259740874934,0.7769654084972182,0.35934022007859,0.5508202530016595,0.7546782589521239,0.6665425692353325,0.5908537410485808,Дистим,Дистим_006,True,extreme,3,0.32572380414935537
0.3896742949956871,0.4399332877911187,0.3361563685834541,0.7101347445636839,0.6851444462558708,0.39506451420802785,0.687720344670188,0.7932100136695232,0.7525907185104044,0.6801730334924366,Дистим,Дистим_006,True,extreme,4,0.32572380414935537
0.3962708841449174,0.28120766465562297,0.3477609405372651,0.7919156009818367,1.0,0.29271843009225973,0.6676969213025582,0.906811824185807,0.7538705280897137,0.8176193816436238,Дистим,Дистим_006,True,extreme,5,0.32572380414935537
0.3762291564050602,0.2567480715441645,0.357647141198743,0.8353584348868383,1.0,0.2621062469417142,0.6582107840770294,1.0,0.7243772169171796,0.6732919083346478,Дистим,Дистим_006,True,extreme,6,0.32572380414935537
0.29748000608881786,0.27496609127941807,0.32624649339494627,0.9490456285875664,1.0,0.23191550952570752,0.715173759296764,0.9486957363777583,0.7320187204822912,0.7188579291711777,Дистим,Дистим_006,True,extreme,7,0.32572380414935537
0.2982631942047894,0.2801638236200299,0.3009466802826484,0.9594973671447709,0.9837785722365776,0.22380721025294675,0.7354696438661515,0.9301923453284354,0.7325855087730953,0.7224639983800308,Дистим,Дистим_006,False,extreme,0,0.32572380414935537
0.5202105112492454,0.507488494865938,0.46959804996955773,0.5586112222668896,0.5398365213040442,0.4902981506580683,0.48103023356096264,0.533220160523828,0.4988164223623907,0.5064943675415765,Дистим,Дистим_007,True,extreme,1,0.5958266791280216
0.46539605935697276,0.4527383964555341,0.4931017269034527,0.5847484177401777,0.5279720291103808,0.5181785122995539,0.4767143496115615,0.5879266172011695,0.5159014823040479,0.6081686098302266,Дистим,Дистим_007,True,extreme,2,0.5958266791280216
0.4714747000782925,0.517280471801671,0.5176965365779449,0.5896977911269399,0.6257961725024048,0.42489434441182616,0.5458576140955963,0.7004152783082739,0.5617098761172171,0.7034409311736515,Дистим,Дистим_007,True,extreme,3,0.5958266791280216
0.3887955677333577,0.5596930658407833,0.5020525101883795,0.7366757930108282,0.669010489471331,0.43413685914744327,0.6068846973606227,0.7004211560520389,0.6083781884587475,0.7638240372193419,Дистим,Дистим_007,True,extreme,4,0.5958266791280216
0.40594847462232125,0.6145177500024994,0.4706510611872583,0.801256186665368,0.9527515858948662,0.4348278277195322,0.5867986380798582,0.7963878641264494,0.5978252506994294,0.9015494589668027,Дистим,Дистим_007,True,extreme,5,0.5958266791280216
0.3095681047174873,0.5907825860520901,0.45966709995568344,0.8743162140025565,1.0,0.45778351321304966,0.6898593236694173,0.8977126122184097,0.5863791757613017,0.7960007006458863,Дистим,Дистим_007,True,extreme,6,0.5958266791280216
0.2782617429197677,0.5751807114996376,0.3558974027708617,0.9815639588289596,1.0,0.4696194855155579,0.7457519242382301,0.9023633294685265,0.5795008678305412,0.7612415606694263,Дистим,Дистим_007,True,extreme,7,0.5958266791280216
0.303457944080187,0.5993029917717507,0.3646744247880701,0.9607959177143539,0.9739720978245314,0.4411774084125632,0.7266182662674816,0.8893340252161738,0.5721383928908118,0.7352133687823186,Дистим,Дистим_007,False,extreme,0,0.5958266791280216
0.5051939916937558,0.5050544271522884,0.4731824161562999,0.5548534578892562,0.6058608074537704,0.45055553526461944,0.49511761927602654,0.5698958378937163,0.4747236155823533,0.46658061934723344,Дистим,Дистим_008,True,extreme,1,0.3380351652035766
0.4869781251771748,0.3717929226870797,0.43729419733514835,0.6899715369249413,0.5790765132022482,0.45515347878262424,0.48448945587702474,0.555603881861832,0.46549088573011677,0.4522898721050687,Дистим,Дистим_008,True,extreme,2,0.3380351652035766
0.40942593143590783,0.3518831728960779,0.3983484423877648,0.7009321349474115,0.8235727620294202,0.38836341123800566,0.4813416263847532,0.7314776381022816,0.5697243186861733,0.4433024909736593,Дистим,Дистим_008,True,extreme,3,0.3380351652035766
0.33877241777051675,0.3790032705065672,0.2930007881343077,0.777494190597985,0.8944709536384748,0.311928795682833,0.6476965053271423,0.8465922841426856,0.6798201680600814,0.4561518376676368,Дистим,Дистим_008,True,extreme,4,0.3380351652035766
0.2884384453161642,0.23829528198009467,0.26147414438261357,0.8756597359185714,1.0,0.1803414312294269,0.6881821357533077,0.9176529723920817,0.6935537284489415,0.5651171680735618,Дистим,Дистим_008,True,extreme,5,0.3380351652035766
0.21892539257178112,0.26500288528532834,0.26762895203805875,0.9256193792079461,1.0,0.18359078085898106,0.8105925841559688,1.0,0.7031813910001675,0.4454764454092117,Дистим,Дистим_008,True,extreme,6,0.3380351652035766
0.278494735271528,0.2912701083664953,0.29372035752722325,0.9729001048872303,1.0,0.17853343464037946,0.7967942399367465,0.9959007759322615,0.6825492398159017,0.4023724018319952,Дистим,Дистим_008,True,extreme,7,0.3380351652035766
0.2655982954434295,0.3150674706142352,0.2653654862706253,0.9641050782391075,1.0,0.16465639116511074,0.8041337430241768,1.0,0.6620049795556028,0.4184308273381949,Дистим,Дистим_008,False,extreme,0,0.3380351652035766
0.5194740579384586,0.51389085624673,0.4786609105336683,0.5776026686646754,0.5547393680697261,0.4888449636873981,0.5340955671896812,0.555574502950107,0.5230488641693796,0.5000966689752302,Дистим,Дистим_009,True,extreme,1,0.2636583351083606
0.4259541859117143,0.4324120386975542,0.5173775815978358,0.708205263437165,0.5437356738434103,0.4864537439621744,0.5481297724920008,0.6144282334506949,0.49404729440294304,0.4848000649879216,Дистим,Дистим_009,True,extreme,2,0.2636583351083606
0.3783854731275662,0.44105920895356676,0.5169725212842397,0.6622820183641814,0.7313149551692517,0.3803752450795049,0.5882269974687069,0.7078549889903964,0.5805149185934135,0.5300006783896186,Дистим,Дистим_009,True,extreme,3,0.2636583351083606
0.3327624435416917,0.4589471575107819,0.4014820164049627,0.8036251690130725,0.7707246279488433,0.3554114940790606,0.6297325745177158,0.7930882363182975,0.657459334479982,0.520980801789591,Дистим,Дистим_009,True,extreme,4,0.2636583351083606
0.37306254807956524,0.3182825286097366,0.42389051792032056,0.8841612326618697,1.0,0.1867450276399901,0.584540608608573,0.8928016910850234,0.6719470591725426,0.6772987238983649,Дистим,Дистим_009,True,extreme,5,0.2636583351083606
0.28830283874832147,0.32053466456698276,0.4200603816665563,0.9679446290181654,1.0,0.17572603213804308,0.706374384014992,0.9899034091874611,0.6962899634380886,0.5543538721956365,Дистим,Дистим_009,True,extreme,6,0.2636583351083606
0.22345713509829163,0.3138635894609159,0.2377055416080864,0.991154267437034,0.9973155241816856,0.18993349276580213,0.8316948111634828,0.9802524791581253,0.6930281502036468,0.5939344617732455,Дистим,Дистим_009,True,extreme,7,0.2636583351083606
0.20799797157474778,0.3268563644352473,0.24534656720459214,1.0,1.0,0.20398513541369556,0.8228897801369117,0.9580585628929071,0.7008141559717417,0.5715618273572877,Дистим,Дистим_009,False,extreme,0,0.2636583351083606
0.4892086229440999,0.5155191153711745,0.5093423873918145,0.5088961167759651,0.5622854548230538,0.4531161216953906,0.5103408917359008,0.5275342610468912,0.4637483959329192,0.5013064793123403,Дистим,Дистим_010,True,extreme,1,0.30604857586652623
0.4029963175802083,0.5416364318198287,0.5310800349119329,0.5228704256632445,0.568789797586198,0.48702276885494833,0.5196182627211544,0.5886329795538412,0.444777192386588,0.6167749826633007,Дистим,Дистим_010,True,extreme,2,0.30604857586652623
0.28828362178222405,0.5584295369493532,0.4239487317560848,0.5095262428261245,0.8173528922867186,0.3472497713142826,0.5324423188502361,0.7324577945924269,0.5276718767541718,0.6042867401840109,Дистим,Дистим_010,True,extreme,3,0.30604857586652623
0.19703301344749105,0.5615027737899614,0.35426849087221446,0.632131487484747,0.9663494625088146,0.30151154071706276,0.5676572147216915,0.781312558060086,0.657202186779041,0.5294866198420933,Дистим,Дистим_010,True,extreme,4,0.30604857586652623
0.25894818227451544,0.4801992341106193,0.34622156884695804,0.6859048057065842,1.0,0.21019803197786313,0.6236117561041925,0.8704701488166068,0.645086530076318,0.6554630751166738,Дистим,Дистим_010,True,extreme,5,0.30604857586652623
0.19585034073517518,0.43811147200766126,0.3632739199224467,0.7691886476626516,1.0,0.21707750258863284,0.7459706882413107,0.9730748933090084,0.6564930552114127,0.5476001904625565,Дистим,Дистим_010,True,extreme,6,0.30604857586652623
0.12929739484342134,0.44047879792646377,0.28718671526482237,0.8798357682163247,1.0,0.2251416533814402,0.7980750995595606,0.9850085279093046,0.6691048764626156,0.541520715715903,Дистим,Дистим_010,True,extreme,7,0.30604857586652623
0.12629597387461583,0.44742946286636015,0.2821578412057353,0.904869486298993,0.9905950592088714,0.2462589600584739,0.7912955835943591,0.98511878454511,0.696097305404415,0.5560354681012369,Дистим,Дистим_010,False,extreme,0,0.30604857586652623
0.4840199601103575,0.5038781490056508,0.46163228359937586,0.509966599600301,0.5879288291408102,0.47711871352395147,0.503866672192719,0.5150176353456682,0.5023789276520192,0.5248969989520725,Дистим,Дистим_011,True,extreme,1,0.29847525294144994
0.4448397946894877,0.40777492164263174,0.46838010557798354,0.6263436836768063,0.5713229366682987,0.4780107496800008,0.49768657187664833,0.5546271334155183,0.5090157556844809,0.5129624080720385,Дистим,Дистим_011,True,extreme,2,0.29847525294144994
0.3720799922453089,0.39350036378192066,0.4353447682463975,0.6499462256437748,0.814685824390592,0.3579655644236812,0.5011071825937853,0.744707983041352,0.6150503989539667,0.5209588829925327,Дистим,Дистим_011,True,extreme,3,0.29847525294144994
0.34149863268343794,0.40279483372240354,0.32549413528068766,0.7784768768961737,0.9592538412700555,0.31946575351845774,0.6405845705656766,0.8046572924467669,0.7513391624792561,0.5187644792078436,Дистим,Дистим_011,True,extreme,4,0.29847525294144994
0.34355642891841476,0.4539360846447298,0.3073521438117451,0.8127553192920026,1.0,0.3018998063463517,0.6428155387402925,0.8893659421932143,0.7384321710017491,0.7195741562437669,Дистим,Дистим_011,True,extreme,5,0.29847525294144994
0.25746936291829586,0.4332833970782159,0.29829612162877506,0.9070918952513465,1.0,0.3271973180258455,0.7648698094934795,0.97841325558497,0.7525819710318098,0.6082644242700644,Дистим,Дистим_011,True,extreme,6,0.29847525294144994
0.18022184362792942,0.4119777447414705,0.2635041172156819,1.0,1.0,0.34143895967151644,0.800556907984459,0.9724871709371409,0.7427061458967112,0.555125641045362,Дистим,Дистим_011,True,extreme,7,0.29847525294144994
0.19742513749291982,0.4267538659513619,0.2344742345967537,0.9933625794444101,1.0,0.3599189634304033,0.8156432548336946,0.9688177899301563,0.7199129004992587,0.5389141761252204,Дистим,Дистим_011,False,extreme,0,0.29847525294144994
0.5049185633974245,0.4881396444994881,0.5400675221842369,0.48907490623646743,0.5331613637831745,0.47401828377232463,0.5126329124870579,0.49901398511412515,0.48160839104028674,0.5585589099346274,Дистим,Дистим_012,True,extreme,1,0.37887931140200676
0.47800850685278423,0.4033059933179921,0.5411676684695661,0.5507284257513203,0.5277052207815559,0.4504053061865729,0.5019435300331184,0.5687607385709195,0.5073408056556353,0.551529466325153,Дистим,Дистим_012,True,extreme,2,0.37887931140200676
0.43676785366018905,0.5156985285299938,0.40408938962862995,0.5454050755857952,0.6350565252054888,0.4492408203748836,0.5673046606825396,0.6290520113068616,0.5838688533381843,0.5444211612508902,Дистим,Дистим_012,True,extreme,3,0.37887931140200676
0.36403013940893636,0.537941661215461,0.294846213789898,0.6281013074915786,0.7128815580580828,0.4087411867523503,0.6743628023255075,0.7480822312377996,0.7161047942903594,0.5405745513116397,Дистим,Дистим_012,True,extreme,4,0.37887931140200676
0.35892320007765804,0.4375781053647298,0.3210985779134012,0.6514615639294555,1.0,0.2956243314901453,0.676962547737644,0.8492502294722647,0.7297356075980387,0.6880997816059438,Дистим,Дистим_012,True,extreme,5,0.37887931140200676
0.31979370849825495,0.4252222246458033,0.3217651949201392,0.6541778493147407,1.0,0.19850734479753815,0.6697762154022658,1.0,0.7393737427198035,0.5989648175165191,Дистим,Дистим_012,True,extreme,6,0.37887931140200676
0.24432256050514858,0.4275867187993976,0.3358919826827988,0.7860366355887212,1.0,0.19043259784030853,0.757902047312907,0.9743018661144519,0.7299002162031762,0.6530834668525979,Дистим,Дистим_012,True,extreme,7,0.37887931140200676
0.26978907485082304,0.4033358469962696,0.3485620573046429,0.7831582952751825,1.0,0.16730869844319607,0.7874233429709132,0.9895527446914373,0.7159812905876451,0.6302383614895442,Дистим,Дистим_012,False,extreme,0,0.37887931140200676
0.5198477413697948,0.504254510962116,0.47984746047511334,0.5667059953632612,0.5665098658396107,0.41562116667323135,0.49391015326638554,0.5384394684407102,0.48946858014255473,0.5007218499849891,Дистим,Дистим_013,True,extreme,1,0.36316708756545785
0.4535578587444589,0.41337197916554375,0.5039474292457826,0.692062583251932,0.5563298437169348,0.3913924971264451,0.48211577056573257,0.6032792604027349,0.4867609540803173,0.4861353201544217,Дистим,Дистим_013,True,extreme,2,0.36316708756545785
0.39152863614393785,0.4127460429773504,0.4429026999859324,0.7130012478736215,0.8039189583018106,0.3002014185285981,0.4843522091810822,0.7803753922077554,0.5642486553345695,0.4691389352144536,Дистим,Дистим_013,True,extreme,3,0.36316708756545785
0.3194315377991323,0.42639992817476113,0.3478840688948696,0.7900308860255177,0.8912270452250806,0.23965747292342254,0.560039455192915,0.8834767452525298,0.660129971998413,0.46035001819699256,Дистим,Дистим_013,True,extreme,4,0.36316708756545785
0.3696347805501944,0.3719514893768173,0.3065395196519659,0.8740393218522986,1.0,0.14643648318246041,0.5457340165603145,1.0,0.6324037237769076,0.621411069427325,Дистим,Дистим_013,True,extreme,5,0.36316708756545785
0.28853441061546387,0.36944352276440445,0.31436129805467244,0.9062876821375129,1.0,0.15242792677951525,0.6870108407722135,1.0,0.6372152165994578,0.47508872237260336,Дистим,Дистим_013,True,extreme,6,0.36316708756545785
0.22679002849710433,0.35686603661344757,0.2569921434592547,1.0,1.0,0.14584185115729179,0.7568617269774505,0.9976848599097716,0.6397218436909486,0.44095665324432665,Дистим,Дистим_013,True,extreme,7,0.36316708756545785
0.24359919292184312,0.33976096703514275,0.24270149425871929,0.9985734789564633,1.0,0.11782743819250005,0.756661081533036,1.0,0.6187320437715307,0.46714971871328687,Дистим,Дистим_013,False,extreme,0,0.36316708756545785
0.49512708779382625,0.5384115183132291,0.49719534646593005,0.5040219960635137,0.5858689528335247,0.4373657030507493,0.504032547134016,0.5234306624282202,0.48561126456460324,0.45590485672379133,Дистим,Дистим_014,True,extreme,1,0.36441986851091457
0.42131967752927013,0.5076356085441993,0.519520278025167,0.5875732478025928,0.5887798829687119,0.42831387743265287,0.5082255871578504,0.5423838242323586,0.47624500294686967,0.5475262971791612,Дистим,Дистим_014,True,extreme,2,0.36441986851091457
0.38278551549475787,0.47796730927935105,0.4592182671484085,0.5985789866771575,0.8321579258428162,0.3464721341441388,0.5068127554646862,0.7151695392812674,0.5891130533173093,0.5242033186971012,Дистим,Дистим_014,True,extreme,3,0.36441986851091457
0.3497826045766622,0.4276439460299111,0.3260765370145161,0.6407283938451042,0.8765292471290757,0.29211158688100747,0.6562906257432475,0.8317865698476087,0.704712413247558,0.5957507793253543,Дистим,Дистим_014,True,extreme,4,0.36441986851091457
0.3492346419552992,0.3560503304061094,0.3782823056466183,0.6175247804978427,1.0,0.16149700650226595,0.6269138218019991,0.9579807964780608,0.6897111631910922,0.7933670202877466,Дистим,Дистим_014,True,extreme,5,0.36441986851091457
0.2778994248752864,0.3541482604852449,0.37311086517104936,0.7035087956039202,1.0,0.1511389599366821,0.7748291986787474,1.0,0.6582188129656492,0.6673060498566898,Дистим,Дистим_014,True,extreme,6,0.36441986851091457
0.2089724843313579,0.3310308855994901,0.31381441048541986,0.863604700170364,1.0,0.1457293457418371,0.833051171186912,0.9816578545127259,0.6519914514998013,0.6658379972659197,Дистим,Дистим_014,True,extreme,7,0.36441986851091457
0.21614727553646806,0.3156867807004683,0.30982235939976827,0.8806105909507224,0.9749248948180649,0.15690658830540105,0.8157679765110266,0.972173050620682,0.6592158600040341,0.6882897065265547,Дистим,Дистим_014,False,extreme,0,0.36441986851091457
0.5145569827958228,0.5083430363422353,0.48928074064807625,0.5277094251210149,0.5804937589117017,0.4456503623732825,0.49020482277545563,0.5467774834094932,0.48693683806063504,0.5314410977370858,Дистим,Дистим_015,True,extreme,1,0.40167239590446135
0.4319732975764084,0.42417163124078816,0.4726043283185221,0.6597362411926716,0.5581435998381258,0.48682594878410845,0.5138266018149593,0.6078299999513731,0.5178026360200092,0.5334414361695742,Дистим,Дистим_015,True,extreme,2,0.40167239590446135
0.36861325788088817,0.45373079483666645,0.4677344851339571,0.6669531394399634,0.7539477385497207,0.3730110823747402,0.5372757396686471,0.7157974816190055,0.5396003425846414,0.6186919871710422,Дистим,Дистим_015,True,extreme,3,0.40167239590446135
0.32117490085960754,0.4699647121712924,0.30057975251895497,0.7275870131138141,0.8608333005805799,0.32134738448520167,0.6280770797674728,0.8158719459709881,0.6695573491835473,0.6365303427287824,Дистим,Дистим_015,True,extreme,4,0.40167239590446135
0.40723884708316926,0.3325669157800825,0.2879973908451092,0.7728487592147698,1.0,0.21413568437182123,0.6296831615732579,0.9934896916445957,0.6996570099003141,0.7322836763969094,Дистим,Дистим_015,True,extreme,5,0.40167239590446135
0.4026209747839557,0.31881862373900854,0.2745189504383514,0.8249846761589197,1.0,0.15000933773773983,0.6077776745826214,1.0,0.6929358483490289,0.6202804883939782,Дистим,Дистим_015,True,extreme,6,0.40167239590446135
0.34555926513298957,0.302528694337792,0.10115280192027207,0.9214875567693275,0.9970821254995803,0.11689751770242765,0.7172159653448055,1.0,0.6484203376378078,0.6310567789217848,Дистим,Дистим_015,True,extreme,7,0.40167239590446135
0.36140849706498035,0.3271993528026369,0.10570798126881172,0.9446119625917804,1.0,0.14651621994251818,0.7030951124390017,0.9803486352493825,0.6653347887897775,0.6058008919004376,Дистим,Дистим_015,False,extreme,0,0.40167239590446135
0.5283068762004266,0.5302038180659621,0.47944146288984485,0.5145183322172108,0.5662039475748963,0.44095591610371077,0.4726283042852201,0.5373227358666817,0.5466464477377397,0.4805987226966002,Дистим,Дистим_016,True,extreme,1,0.4769574759525302
0.47908103628347515,0.4464790395737494,0.47101390853625974,0.6390047787239908,0.5830193841425441,0.4394589434986416,0.4826024395468956,0.5934360864649321,0.5381180175810574,0.4729599345656602,Дистим,Дистим_016,True,extreme,2,0.4769574759525302
0.42786990983513107,0.5280146196677518,0.34569591063912875,0.6380006994071291,0.6647539114052607,0.45212810636063,0.5597607073628097,0.6552161816160033,0.629605624828801,0.48832098851816574,Дистим,Дистим_016,True,extreme,3,0.4769574759525302
0.38619389970583257,0.5635746523297132,0.3075783635261876,0.7375850710243921,0.8068697838796571,0.42096841230085374,0.6157447733798818,0.7167588566249511,0.7225908163986416,0.4215251409568345,Дистим,Дистим_016,True,extreme,4,0.4769574759525302
0.45628801212497605,0.42219738243104044,0.29294350304012945,0.8403981197442947,1.0,0.3310645287883534,0.5980789931355951,0.8896944760660661,0.7173454188027878,0.46138625051509297,Дистим,Дистим_016,True,extreme,5,0.4769574759525302
0.40191798054723704,0.404894349826969,0.2167337769897945,0.9021338588476181,1.0,0.3262048168673343,0.8615124021639559,0.8558946147385813,0.6627841923914947,0.45983618887560584,Дистим,Дистим_016,True,extreme,6,0.4769574759525302
0.33394577318309604,0.35983622494360884,0.12697568292717146,1.0,1.0,0.34392990832047277,0.9015943260673687,0.8510585260219181,0.6408479391915793,0.42102868302005636,Дистим,Дистим_016,True,extreme,7,0.4769574759525302
0.30737633324213426,0.3335992845149479,0.10752907108774498,0.9990946088752203,1.0,0.353931800111296,0.9315212262600816,0.8731382348468258,0.6245819776824546,0.41003938994187195,Дистим,Дистим_016,False,extreme,0,0.4769574759525302
0.5053896490800635,0.4852070283586067,0.518455520921838,0.5063449343963431,0.6033070221248257,0.44019472700082185,0.5414994390580419,0.5147412242181045,0.49838445484701155,0.5191110856152452,Дистим,Дистим_017,True,extreme,1,0.4634201757973426
0.4255604741700558,0.41944637072392205,0.5179407718271085,0.5522122979089383,0.6100651987680269,0.44978174317791636,0.5358734224431083,0.6158043794352897,0.5361203009954109,0.5151218645282106,Дистим,Дистим_017,True,extreme,2,0.4634201757973426
0.36503312958544715,0.425747141676742,0.43142842039873003,0.5189711523121728,0.8606238791815444,0.3401915509666723,0.5667940395229134,0.7571128361734141,0.6236481895958604,0.5107504805713999,Дистим,Дистим_017,True,extreme,3,0.4634201757973426
0.436475774401179,0.41334323872840584,0.3815473881534338,0.5911097067670888,0.92600256615254,0.28865554121187037,0.5781157868047023,0.8843557541754095,0.6103625382367748,0.5662470208227605,Дистим,Дистим_017,True,extreme,4,0.4634201757973426
0.5021051231129782,0.29112102376484145,0.41491932634165946,0.613577969318733,1.0,0.19670280656810543,0.5744898338142683,1.0,0.6075033756986571,0.615897061983307,Дистим,Дистим_017,True,extreme,5,0.4634201757973426
0.45585355793632304,0.31071670266902973,0.34474971396011767,0.6706982209945244,1.0,0.17387652072144677,0.7689207332687991,0.9768332865473653,0.5931474109738599,0.5632002348750176,Дистим,Дистим_017,True,extreme,6,0.4634201757973426
0.38272843485416524,0.3027134549765124,0.278061548375301,0.7917445696139522,1.0,0.17037620540385662,0.802123918126264,0.9775166174987248,0.589051274189147,0.5220909115276906,Дистим,Дистим_017,True,extreme,7,0.4634201757973426
0.35988704391154286,0.2761386783817852,0.2920175091753565,0.8154032909246602,1.0,0.15576516214394753,0.7975032358477235,0.9725371768409437,0.5841248393779326,0.5222289318970161,Дистим,Дистим_017,False,extreme,0,0.4634201757973426
0.5075634543791484,0.49022501481173947,0.47355077196159545,0.5364239532087864,0.5641822022874439,0.46090591019845695,0.5126584757868222,0.5626750860849266,0.4567554171036812,0.4766806241571391,Дистим,Дистим_018,True,extreme,1,0.3089967095089358
0.38976203874080007,0.38395939508036514,0.4786250625143165,0.6850709022007375,0.583159289413764,0.4545185815602695,0.539210294167244,0.6338375831408282,0.44474854236488287,0.5149635481009911,Дистим,Дистим_018,True,extreme,2,0.3089967095089358
0.344633127535969,0.3800845900386988,0.38584365618855526,0.702115876861456,0.8213018005171447,0.37039224505980184,0.568445646589144,0.7896167264699354,0.5437529550245545,0.49310800846120156,Дистим,Дистим_018,True,extreme,3,0.3089967095089358
0.2698310589479218,0.41671553979150106,0.28469004938948694,0.8080310802020425,0.9611266693127797,0.2926680729422353,0.707618254225975,0.9192682311535563,0.6648046079803807,0.46993280507665475,Дистим,Дистим_018,True,extreme,4,0.3089967095089358
0.2978474547167585,0.31918147273725567,0.23565519306767307,0.825005458077174,1.0,0.2580505606229813,0.6719837235382852,0.9622066563912783,0.6746558859715429,0.6884707498305292,Дистим,Дистим_018,True,extreme,5,0.3089967095089358
0.2081072666911178,0.35155380094951605,0.25230821398882725,0.8855920593295248,1.0,0.23207303471720928,0.8134154894537677,1.0,0.6593330503157001,0.5578180872669417,Дистим,Дистим_018,True,extreme,6,0.3089967095089358
0.13781513978981758,0.3597346324348812,0.2000777922731833,1.0,1.0,0.1996948167930924,0.8574610769733079,0.9918425406039055,0.6651026805570628,0.5151886044177918,Дистим,Дистим_018,True,extreme,7,0.3089967095089358
0.10797179653364339,0.33828744319375914,0.20464979801897912,0.9951388374147269,0.9977240028905522,0.21726670518108257,0.8743497299555624,0.9656850903979365,0.6726581906414849,0.5017068886932063,Дистим,Дистим_018,False,extreme,0,0.3089967095089358
0.4826008245072222,0.5018686941247029,0.5069075335996216,0.5265679844095178,0.5405006296066723,0.4746334090963162,0.5279237002208259,0.49435438301955126,0.46556966676694755,0.5546336158302531,Дистим,Дистим_019,True,extreme,1,0.35343949891047016
0.3851846111500385,0.3815948462257223,0.48687137218242554,0.7020263213734153,0.5432827908334358,0.46954602480170393,0.5109391525042506,0.578709191962948,0.48046561809580035,0.5541366357139631,Дистим,Дистим_019,True,extreme,2,0.35343949891047016
0.30338747064842647,0.3770549019171383,0.4270537145438673,0.7103573436830277,0.803281720145441,0.34459237644315166,0.49817914849527767,0.7566739747779209,0.5849010702334321,0.5682524849250209,Дистим,Дистим_019,True,extreme,3,0.35343949891047016
0.2076693209980192,0.37568910635691455,0.3978952680932907,0.7903887360975932,0.9854126410226178,0.2493928942691421,0.5477271165006747,0.7953006334059414,0.7265789828129355,0.5321027530809785,Дистим,Дистим_019,True,extreme,4,0.35343949891047016
0.3015085650763424,0.2660037325515434,0.3679549835045574,0.8481870754120823,1.0,0.14523272386909553,0.5404823338932132,0.9582635053279658,0.7347607192870153,0.6212103273493751,Дистим,Дистим_019,True,extreme,5,0.35343949891047016
0.20376956741525112,0.23431672071052814,0.37401137041836974,0.8205003566315948,1.0,0.22302231633193892,0.7583843021330822,1.0,0.6968270877730449,0.5431042152893413,Дистим,Дистим_019,True,extreme,6,0.35343949891047016
0.2745059380895818,0.22681636947504616,0.280999199636067,0.8272137118898562,0.9858528132765512,0.2356139420409698,0.8176166170597541,0.9598509832265631,0.7114135268257615,0.5809437944109711,Дистим,Дистим_019,True,extreme,7,0.35343949891047016
0.293830961992743,0.23350310815010514,0.2773981611494686,0.800975244159934,1.0,0.21251048103235948,0.834605803813879,0.9825762368488821,0.718669547695737,0.5982274934958001,Дистим,Дистим_019,False,extreme,0,0.35343949891047016
0.5123914233358066,0.47874900552489913,0.5049648552105367,0.49684443659071403,0.5983538919604765,0.4865321786609107,0.5143828289315715,0.5469363564546634,0.4931717357859034,0.5195325184644665,Дистим,Дистим_020,True,extreme,1,0.34574676939550775
0.49069835317195853,0.39744403532866435,0.506096487067193,0.5468338744298984,0.578599536028171,0.4843393555825531,0.5212307224415693,0.48052402478638134,0.4983593380379927,0.65291501367495,Дистим,Дистим_020,True,extreme,2,0.34574676939550775
0.4056896396485629,0.46266463632950455,0.4160730551810884,0.5582532787945231,0.6892086918881029,0.3967036148618404,0.5195904193236921,0.7024580782019567,0.5512632187953915,0.6568415665611307,Дистим,Дистим_020,True,extreme,3,0.34574676939550775
0.33348114454879507,0.4563305662151972,0.31507604708491216,0.6361347122650607,0.7917455592465567,0.32775470702180437,0.592768406423372,0.8347053128619865,0.6948500202080884,0.6588636542316613,Дистим,Дистим_020,True,extreme,4,0.34574676939550775
0.35774987919002577,0.4366429733529807,0.3221340521273031,0.6004200804173311,1.0,0.20477894801333474,0.5591670455027259,0.9979396407399147,0.6812361203482401,0.8589504971036336,Дистим,Дистим_020,True,extreme,5,0.34574676939550775
0.2960087473288977,0.4304036515628039,0.3348431919777424,0.6654574548223514,1.0,0.23012742496991767,0.6715687650482882,1.0,0.7056783403267115,0.7427459496097087,Дистим,Дистим_020,True,extreme,6,0.34574676939550775
0.20212819069895963,0.40308027146759856,0.27494643095248367,0.7986975072926694,1.0,0.23624055347810732,0.7640416941532533,0.9993314373540726,0.680555542315973,0.6824974340524567,Дистим,Дистим_020,True,extreme,7,0.34574676939550775
0.21853947062577495,0.38691309331246176,0.2772432536351987,0.8138582831268275,0.9961791710475524,0.21242468597282402,0.7874073108552895,1.0,0.7005955347602423,0.6549170130529499,Дистим,Дистим_020,False,extreme,0,0.34574676939550775
0.47594798549036255,0.49267652304431675,0.49441523052512926,0.5330215829685104,0.6179214421474376,0.43491993714003774,0.5117168380297391,0.5619761123989784,0.5413528288740495,0.5112470244342538,Дистим,Дистим_021,True,extreme,1,0.4228480187482126
0.4449684111994596,0.42769314231872263,0.47350119051639233,0.6803272130915982,0.6065172159892644,0.405416094445219,0.4796508001940681,0.5062827307531781,0.5264295725948156,0.5367113517901473,Дистим,Дистим_021,True,extreme,2,0.4228480187482126
0.4083299661828408,0.4299107022247768,0.40377155681907106,0.6415863210845342,0.8239492963911527,0.3176883903135982,0.4979113668032297,0.690895484854682,0.6501240357212343,0.5254533024327245,Дистим,Дистим_021,True,extreme,3,0.4228480187482126
0.33259080885298875,0.4652502895999303,0.2522267768103294,0.6661826631884521,0.9159448642342048,0.26578503345448806,0.593248526937152,0.7916615363212692,0.7337033146272598,0.4858243825419595,Дистим,Дистим_021,True,extreme,4,0.4228480187482126
0.43543811156937123,0.3856825356755945,0.21154509920913772,0.6857555995066291,1.0,0.19368269472395022,0.6668239144636263,0.8832545459495769,0.7459866466344797,0.6543274761826895,Дистим,Дистим_021,True,extreme,5,0.4228480187482126
0.3280977088378231,0.41261367806608457,0.20714187834578612,0.7487828459674618,1.0,0.16883350539902814,0.828252049176244,0.9866548251402574,0.7116168321940105,0.5566114880333697,Дистим,Дистим_021,True,extreme,6,0.4228480187482126
0.3328753168979046,0.42833188159369273,0.2814000439100624,0.8263743746900736,1.0,0.19616435092645282,0.8544706206352345,0.9658069362960815,0.6713938970381528,0.6163998535215017,Дистим,Дистим_021,True,extreme,7,0.4228480187482126
0.3350774294900862,0.4483663110231515,0.28653965308253976,0.8342692169664913,0.9823317751531137,0.21194318045036745,0.8843120516051822,0.9426428211622179,0.6862704362446077,0.6352042444248903,Дистим,Дистим_021,False,extreme,0,0.4228480187482126
0.48639269246066685,0.5340883975213405,0.5160045388944865,0.5368269589743104,0.5671336089955363,0.4340293466214145,0.5228264174775017,0.5795933637746695,0.5206324758747479,0.4978345822706755,Дистим,Дистим_022,True,extreme,1,0.35271450284071104
0.3822560189258939,0.45204727080190654,0.49560006992599254,0.6919198827823706,0.5711874909010861,0.44562127657587663,0.5189744513227982,0.6349638081282153,0.5364725448777675,0.5035191157826069,Дистим,Дистим_022,True,extreme,2,0.35271450284071104
0.27106575623919726,0.4694415842004465,0.3942929874090143,0.7144619209294449,0.817960062110871,0.3638413216717072,0.517397929820092,0.7932461464482287,0.6572368546281696,0.5058047085290203,Дистим,Дистим_022,True,extreme,3,0.35271450284071104
0.22074015743181905,0.4671657559687591,0.3989194892167078,0.9511845807753422,0.9219073673713669,0.2610968533806788,0.5530391937103877,0.8694032641618538,0.6786553568764913,0.43796833024182746,Дистим,Дистим_022,True,extreme,4,0.35271450284071104
0.27965778928618823,0.4697136057794905,0.3714369709955786,0.8756848079141869,1.0,0.20234863817031162,0.5293901458538447,1.0,0.6933310037329435,0.47974696261089333,Дистим,Дистим_022,True,extreme,5,0.35271450284071104
0.29141533196700375,0.44836323554971125,0.28461469583188453,0.8430452880095198,0.9539010342014727,0.2462857467610053,0.6810814265327789,1.0,0.6928393587226027,0.4769242563634857,Дистим,Дистим_022,True,extreme,6,0.35271450284071104
0.21703195391064906,0.49780170470030455,0.2096538702671062,0.9778855615510726,0.993843566345381,0.23834095036023478,0.7365707927208576,1.0,0.6867749549381206,0.43353411235590583,Дистим,Дистим_022,True,extreme,7,0.35271450284071104
0.2410964033013899,0.48529494957068786,0.22705269236273756,0.9685916040546922,1.0,0.23086766854336427,0.753736094038558,1.0,0.6902026253311314,0.4088920466634846,Дистим,Дистим_022,False,extreme,0,0.35271450284071104
0.5296213873788175,0.4896341200509029,0.46819058254413376,0.5324537785747113,0.5742914521867386,0.46171837938565163,0.521554105780824,0.5464105231200259,0.4754622021565472,0.5156463283117957,Дистим,Дистим_023,True,extreme,1,0.2610232684882311
0.46090931563098597,0.3977590602279053,0.48682366682738504,0.661769830330745,0.5706799892706097,0.4861329026062805,0.5151811983728678,0.5727445706338767,0.46229604745654307,0.5305619924978411,Дистим,Дистим_023,True,extreme,2,0.2610232684882311
0.3900864335953476,0.39524600175115726,0.4206016024508276,0.6498820216400062,0.8392070586036587,0.3769715678087908,0.4995216930064251,0.7616235582714719,0.5638646757831945,0.5404810233762877,Дистим,Дистим_023,True,extreme,3,0.2610232684882311
0.3472603025848437,0.4247026837924874,0.32573515748891896,0.738393358919845,0.9105104576976868,0.33656534180456416,0.6317663981467978,0.8736879070389417,0.6495873742937502,0.5513325368258862,Дистим,Дистим_023,True,extreme,4,0.2610232684882311
0.331412158058671,0.3383921988910758,0.36728291487946757,0.7705650818424794,1.0,0.21497062625344784,0.633159033382598,0.9958777571606812,0.6662088675824651,0.6730618894304088,Дистим,Дистим_023,True,extreme,5,0.2610232684882311
0.26944873427595406,0.34878360137364567,0.3470143808766614,0.8241167983271964,1.0,0.215787809324707,0.7766677949931758,1.0,0.6839951293130213,0.5424187814080547,Дистим,Дистим_023,True,extreme,6,0.2610232684882311
0.20001821413792603,0.3313258063931162,0.2564331573983642,0.945426630572898,1.0,0.17851653315196592,0.8162260006758776,1.0,0.6891510281603825,0.4860292375313674,Дистим,Дистим_023,True,extreme,7,0.2610232684882311
0.22546439129171902,0.31023896906061726,0.2622842732908594,0.9536868425417961,1.0,0.2035733630545209,0.8062175827415972,1.0,0.7180368069275793,0.45659216724342777,Дистим,Дистим_023,False,extreme,0,0.2610232684882311
0.5108480457429686,0.48824616282389904,0.5010349018553721,0.5091957150967593,0.5453317457195257,0.4856922142506076,0.5353717122288747,0.49601579037201676,0.4960139194013689,0.5294609965908312,Дистим,Дистим_024,True,extreme,1,0.22202087422902053
0.449807008298134,0.4320027465289557,0.49106234885568256,0.5968026462190983,0.5441300959285399,0.5100813839185816,0.5185776016403639,0.634591962699024,0.47904218317231234,0.545413868384137,Дистим,Дистим_024,True,extreme,2,0.22202087422902053
0.3426167126577483,0.41884605877386555,0.43649093313031107,0.6021036966915566,0.7847178796562883,0.4201300062400566,0.4891038755262695,0.8270500932465719,0.5655503538867062,0.5155070754491416,Дистим,Дистим_024,True,extreme,3,0.22202087422902053
0.287378915942049,0.4419697856051836,0.330808566991042,0.6716225735681853,0.902462793003699,0.3735657625710406,0.5882615138375745,0.9010416131946107,0.7265304926008987,0.520103869404321,Дистим,Дистим_024,True,extreme,4,0.22202087422902053
0.2949987634170009,0.3185847702724836,0.35390038761543624,0.7210391376374272,1.0,0.2806328374092366,0.6386735378637158,0.9780264804045811,0.7694489769369275,0.6438556350340751,Дистим,Дистим_024,True,extreme,5,0.22202087422902053
0.2353617815315385,0.29568102933742385,0.2502886900646796,0.812750999095962,0.9938865308659369,0.2839303948034908,0.8575909945219475,0.9873759667802072,0.7502925248408919,0.5694238777471443,Дистим,Дистим_024,True,extreme,6,0.22202087422902053
0.25772482411822695,0.31017640410433284,0.2646011738817533,0.8735921731718493,0.9723204407233323,0.2790467370821007,0.8283478500754496,0.984677643168577,0.7812348502095824,0.6038470899606964,Дистим,Дистим_024,True,extreme,7,0.22202087422902053
0.2433588403852105,0.2825447657112874,0.2766352916291125,0.8840671769915207,0.9796244287686898,0.27857523182976596,0.814752036025398,1.0,0.809221982363956,0.5888377396734016,Дистим,Дистим_024,False,extreme,0,0.22202087422902053
0.5109597263552352,0.4997367055044182,0.5119160448933484,0.5332514251079699,0.5477077464849263,0.46813146257538607,0.46665060628327165,0.529057639385483,0.48646201903679764,0.5338643103966115,Дистим,Дистим_025,True,extreme,1,0.3224453041769549
0.42496450918004613,0.4476493140807444,0.5025735924256297,0.6174432037436275,0.5186830424463548,0.43953393473987945,0.4565961267782122,0.6064689454714389,0.4824532875518343,0.5273123650593553,Дистим,Дистим_025,True,extreme,2,0.3224453041769549
0.3631366598223898,0.4400787051798541,0.44184165314365426,0.6234879651412779,0.7485315632518685,0.29297511105234775,0.4788669104595877,0.7507973215366683,0.6036820830647737,0.5197177608181709,Дистим,Дистим_025,True,extreme,3,0.3224453041769549
0.36188050327690935,0.41432580702152544,0.39747841226529884,0.7129504009651894,0.932588256747772,0.18474221531844773,0.6173981847000627,0.771409032778369,0.7209596200670372,0.5367416767720875,Дистим,Дистим_025,True,extreme,4,0.3224453041769549
0.39636172490467714,0.40722544962090307,0.3932333002615592,0.7396608488761267,1.0,0.2882618565821072,0.6199365910729189,0.8803819017350938,0.7120555591245824,0.561060016313226,Дистим,Дистим_025,True,extreme,5,0.3224453041769549
0.33847502461575874,0.38312939893259224,0.2998941934454591,0.8094313353093683,1.0,0.3197139925080564,0.8076955126597195,0.8719796135871357,0.7118089597210172,0.5247484664259894,Дистим,Дистим_025,True,extreme,6,0.3224453041769549
0.25728175877527143,0.4018336998032732,0.2384979832706239,0.9223962082666765,1.0,0.33007948968297257,0.8503845631621807,0.8947809810608369,0.7130794101205031,0.5051654999724712,Дистим,Дистим_025,True,extreme,7,0.3224453041769549
0.26793588503324073,0.403989940530266,0.21141402928492878,0.9143492491350387,0.9940726459940153,0.31871149886663636,0.8454321361202918,0.910406858673123,0.7310468866910104,0.48957264697914,Дистим,Дистим_025,False,extreme,0,0.3224453041769549
0.5198456228632556,0.4965073525839643,0.47478190748357585,0.5087313597575427,0.5686667182130833,0.46405130536568706,0.5152795398791288,0.531867366006998,0.5133975271578701,0.47102128628076945,Дистим,Дистим_026,True,moderate_a0.6,1,0.33835040165159863
0.4426629407280883,0.43309793582453837,0.4817275474162583,0.6516729290488901,0.5389975244662969,0.48826269635036607,0.49694821604415806,0.5909966025100072,0.5453973518303669,0.4819109898613821,Дистим,Дистим_026,True,moderate_a0.6,2,0.33835040165159863
0.3349019117975751,0.3938177847101467,0.45288159529806393,0.627584534512673,0.7733277956173723,0.4048709074477932,0.5211593693527117,0.7431099932661105,0.6711848789329196,0.4686415485205556,Дистим,Дистим_026,True,moderate_a0.6,3,0.33835040165159863
0.27726287171672215,0.3743533622374154,0.41227358624015886,0.8093642894155956,0.8652710087787714,0.3146469378358238,0.5718611053994106,0.8330979324405563,0.738989794513252,0.4542376039226881,Дистим,Дистим_026,True,moderate_a0.6,4,0.33835040165159863
0.25292105616968774,0.5216334409544481,0.4234720499621679,0.8230565132374695,0.9288080993304393,0.4347609129533533,0.530430350544312,0.9048109464230394,0.8013782918973892,0.7034721495959897,Дистим,Дистим_026,True,moderate_a0.6,5,0.33835040165159863
0.2537869551697927,0.5133177148624924,0.36715639648661746,0.889832380317403,0.9814048548270221,0.38135925013065597,0.6363446845431525,0.9253483310723528,0.8255901147084764,0.6522564636737171,Дистим,Дистим_026,True,moderate_a0.6,6,0.33835040165159863
0.42280810097231625,0.5114924240874069,0.407420361321713,0.8312079424349311,0.9899818855157506,0.3563557355910981,0.7148187127152451,0.896254724340912,0.8287211356542755,0.6510533853615579,Дистим,Дистим_026,True,moderate_a0.6,7,0.33835040165159863
0.4320706679340284,0.5385936003378147,0.43602705896474436,0.8033834058734093,0.9886770263045512,0.3557915754608916,0.7285166695581554,0.8687113944102258,0.8347750358745634,0.6242890122188682,Дистим,Дистим_026,False,moderate_a0.6,0,0.33835040165159863
0.5336743319548487,0.5015804693925506,0.4586770695969157,0.5311765933470503,0.5843993870131663,0.4486219748232747,0.5077070177154333,0.5383017849870911,0.5087373736166387,0.47675573836369406,Дистим,Дистим_027,True,moderate_a0.75,1,0.373668865312052
0.45868286860541035,0.3759272624798964,0.44741674962770506,0.6471097579048315,0.5870800182473384,0.4680802214954488,0.4914867021855891,0.6149442954892186,0.5303529725556091,0.47954009780725737,Дистим,Дистим_027,True,moderate_a0.75,2,0.373668865312052
0.41039276312132766,0.39447465420196826,0.34725503027010846,0.6513005947123,0.8226677373027055,0.36341352688619616,0.45631288662466596,0.8078554447490259,0.6136485638159743,0.460037182908736,Дистим,Дистим_027,True,moderate_a0.75,3,0.373668865312052
0.3758835534608132,0.3905204828431655,0.19677976597986277,0.6686476519668194,0.8030568854298868,0.4097103805755479,0.5897044618084141,0.8848940294686651,0.7091965745566188,0.5684194015170065,Дистим,Дистим_027,True,moderate_a0.75,4,0.373668865312052
0.3802632418446303,0.5451086230279322,0.16778192105087703,0.7298105271507966,0.9990931114969531,0.3712295150586856,0.6208174859346475,0.9348966929641794,0.728494549894151,0.6557965447242108,Дистим,Дистим_027,True,moderate_a0.75,5,0.373668865312052
0.3229800366609994,0.5632361658584517,0.15956953838040278,0.8233502664807381,1.0,0.4000954724283888,0.7741481505776878,1.0,0.7298196304121063,0.5268482992179658,Дистим,Дистим_027,True,moderate_a0.75,6,0.373668865312052
0.29818522062213554,0.5975013411508906,0.25370780922688446,0.9575336627185095,1.0,0.40181238608513037,0.7357333297489229,1.0,0.7324687761787166,0.4857338723092837,Дистим,Дистим_027,True,moderate_a0.75,7,0.373668865312052
0.30497939918923067,0.6058950415000858,0.2445963258515917,0.9792767829494693,0.9875966094950432,0.3753183005266431,0.717302584151782,1.0,0.7235721539855743,0.46270733330497565,Дистим,Дистим_027,False,moderate_a0.75,0,0.373668865312052
0.5053961514289204,0.487230063184139,0.524949921424884,0.5414313319294541,0.5934474931568029,0.4353309591665166,0.5210991138076427,0.549543710158567,0.4790743566152794,0.5159794002982306,Дистим,Дистим_028,True,moderate_a0.85,1,0.4283885519311326
0.45897319485749943,0.3505071033345628,0.543745436064617,0.6960870819837548,0.5959571212877703,0.42727913304303805,0.5081529611968332,0.6482729237138078,0.49947174534460703,0.47822077346910763,Дистим,Дистим_028,True,moderate_a0.85,2,0.4283885519311326
0.39197995133889935,0.3366432209811421,0.4649392198687912,0.6926010212494854,0.7031231079859377,0.41070094030158033,0.5974666917127427,0.6170104222766118,0.5903765615485386,0.64288070747115,Дистим,Дистим_028,True,moderate_a0.85,3,0.4283885519311326
0.4418674387532553,0.33261576016616917,0.40816275767329585,0.7845975886779005,0.7592892968728038,0.370696053041435,0.6142950944916871,0.7604751707004196,0.5765269198350815,0.6619222696760522,Дистим,Дистим_028,True,moderate_a0.85,4,0.4283885519311326
0.5334520376487957,0.22773117571481055,0.42304352306330384,0.8165999098694406,1.0,0.2519451771133806,0.6218013301720535,0.8805198874483177,0.5575743076620269,0.7664639620047284,Дистим,Дистим_028,True,moderate_a0.85,5,0.4283885519311326
0.4679772592975342,0.21315206080406895,0.4254800630568137,0.887235638182398,1.0,0.2431891301650884,0.7458860663566217,0.9684529847059506,0.5253825428911476,0.6556840310645383,Дистим,Дистим_028,True,moderate_a0.85,6,0.4283885519311326
0.3874176391879974,0.22539277773491492,0.3520792194562761,1.0,1.0,0.2580168824276585,0.7939087265132743,0.989080573295856,0.5386909689054769,0.6065796707077917,Дистим,Дистим_028,True,moderate_a0.85,7,0.4283885519311326
0.36839055614456384,0.2106986775081853,0.3457966588800575,0.9824677615359187,0.9807328392505902,0.2592404306744096,0.8032656695702823,0.9640624859438729,0.537912289282591,0.6304030341770253,Дистим,Дистим_028,False,moderate_a0.85,0,0.4283885519311326
0.48110831397435083,0.5132006460768714,0.4498996148979072,0.5030368098716891,0.5458507182773168,0.4404198362499844,0.49699500461792206,0.516936662282524,0.5137451145914861,0.4739463297810428,Дистим,Дистим_029,True,moderate_a0.6,1,0.34245627661008166
0.47484086288320837,0.4186235772700078,0.4645520541753335,0.6107549145465327,0.5551422896263639,0.4425208866882702,0.514400295140317,0.5366359799822668,0.5338168459518766,0.48033182827734744,Дистим,Дистим_029,True,moderate_a0.6,2,0.34245627661008166
0.3921682345608294,0.42135410540522483,0.3857546610104628,0.5917812185769094,0.7803181524200112,0.346504240585105,0.5383974087779397,0.7208114829756737,0.6356160988507099,0.46686795627915056,Дистим,Дистим_029,True,moderate_a0.6,3,0.34245627661008166
0.32217726599120977,0.4934236469896434,0.2809265267870438,0.7811055682273662,0.6733866639255411,0.4505370418461877,0.5962153305389055,0.7437649137273638,0.6869027098642849,0.4731201858221655,Дистим,Дистим_029,True,moderate_a0.6,4,0.34245627661008166
0.30933779242183107,0.4813659740851568,0.33055886654928884,0.8188909650216732,0.8896951162433735,0.46143687103445974,0.6140283410842179,0.8055487429468573,0.6428124716772093,0.597989023054561,Дистим,Дистим_029,True,moderate_a0.6,5,0.34245627661008166
0.38893725868331874,0.49691752370722164,0.42271537687843924,0.8302574746740154,0.91493182379481,0.5429307893402296,0.6272994878174455,0.9093303077262809,0.6347748149048085,0.5126497516016943,Дистим,Дистим_029,True,moderate_a0.6,6,0.34245627661008166
0.28350338678738035,0.48674709547277906,0.34350550236084226,0.9035823928002008,0.9061089076470692,0.5330367518570605,0.751162799425417,0.8529996520172417,0.6600260096958321,0.5516348783669244,Дистим,Дистим_029,True,moderate_a0.6,7,0.34245627661008166
0.2555849580328203,0.504787348429961,0.3314931106929425,0.9166139177108871,0.9172289965732047,0.541812714258005,0.7490597600120783,0.847102596923649,0.6324207988150538,0.5570539309543864,Дистим,Дистим_029,False,moderate_a0.6,0,0.34245627661008166
0.507646175071475,0.49759961910520506,0.49517377380101957,0.5301723579894501,0.544286178941485,0.4617602296856798,0.4569589653831517,0.5343982403534893,0.4842249522008767,0.4823013558549697,Дистим,Дистим_030,True,moderate_a0.75,1,0.37731220969325274
0.39836672170145954,0.3866843502415962,0.46391899776518447,0.6554571558338232,0.520914942383674,0.45671552310500463,0.44330565144395445,0.6186949002294564,0.4369826093383868,0.47486443608096573,Дистим,Дистим_030,True,moderate_a0.75,2,0.37731220969325274
0.3595524155480192,0.35544552957509096,0.40293868207619693,0.6635314216342807,0.7511383532082304,0.40664498485417444,0.457149823724977,0.7687303070863216,0.5403008109970833,0.4941338513775902,Дистим,Дистим_030,True,moderate_a0.75,3,0.37731220969325274
0.26306861739934434,0.3943018051305792,0.37813919722784783,0.7611111142679058,0.846257619497095,0.39133033135100553,0.5916165664982653,0.7642142754704355,0.6743895242762631,0.5860190299429032,Дистим,Дистим_030,True,moderate_a0.75,4,0.37731220969325274
0.270750192607838,0.40754585523680165,0.43464642937056935,0.6822301350052244,1.0,0.38065560490807754,0.5996664655544871,0.9151201758993427,0.6938883633631182,0.8060239017341895,Дистим,Дистим_030,True,moderate_a0.75,5,0.37731220969325274
0.16304564370518687,0.4330625846728955,0.37551117172062376,0.7674714255458499,0.9850542646922983,0.374116800367984,0.8250091649045432,0.9193084567789492,0.6786166057371203,0.7588866795402389,Дистим,Дистим_030,True,moderate_a0.75,6,0.37731220969325274
0.17351899531667828,0.4041011166495863,0.3625705386091834,0.826606375774191,0.9893806799103733,0.4006753225298655,0.851269183253855,0.917418928803975,0.6924434565888118,0.7687817313482982,Дистим,Дистим_030,True,moderate_a0.75,7,0.37731220969325274
0.16334466127810437,0.38935717777398327,0.3781800090950267,0.853942711043316,0.9854807637012707,0.38213910383878263,0.8579793539477041,0.9450150505564566,0.6961271755404758,0.7731556613430891,Дистим,Дистим_030,False,moderate_a0.75,0,0.37731220969325274
0.5022571544949254,0.4731350925292268,0.5081306212707887,0.5479791676493242,0.5122977063818941,0.4983298552968839,0.5423956569049728,0.5156671141897751,0.501381296335307,0.49971067693485804,Дистим,Дистим_031,True,moderate_a0.85,1,0.19189083571763774
0.4138881521301945,0.3754944523779519,0.5100162616623923,0.717690183756195,0.5303975089476012,0.5237634512589816,0.5526349865680976,0.5753545448569762,0.5160433768702801,0.5386004034869722,Дистим,Дистим_031,True,moderate_a0.85,2,0.19189083571763774
0.3014371177570913,0.4056488072669661,0.45030896574055496,0.7056900282077131,0.7450265636586629,0.40417139988708534,0.538403587110257,0.7572509020583655,0.6456056681226039,0.55314491310241,Дистим,Дистим_031,True,moderate_a0.85,3,0.19189083571763774
0.2458982589274877,0.42136503066637726,0.3362793404818504,0.7925447306135319,0.8200586690903857,0.3523241310510445,0.690876011770624,0.8426084229079934,0.7836924527967237,0.5103004266442649,Дистим,Дистим_031,True,moderate_a0.85,4,0.19189083571763774
0.23597161863233262,0.3257092344283192,0.30351937951326996,0.7973925658956975,1.0,0.2535736603965322,0.715356843968497,0.9320383947018531,0.7580218977212291,0.6590724571703348,Дистим,Дистим_031,True,moderate_a0.85,5,0.19189083571763774
0.18356616251980845,0.32198581324190895,0.3131994622250691,0.9053946293638508,1.0,0.16836373376083028,0.6917705502791895,1.0,0.7867847268871323,0.5299861427086362,Дистим,Дистим_031,True,moderate_a0.85,6,0.19189083571763774
0.2554172404575215,0.3112730001751427,0.3469168988646344,0.9762105278704308,1.0,0.19106063084729538,0.7102920079181292,0.9865526453265908,0.794144808557795,0.4964826779433652,Дистим,Дистим_031,True,moderate_a0.85,7,0.19189083571763774
0.2560150254829676,0.3116370455841838,0.3412218234171311,0.9616291859042014,0.9855159196536991,0.18708399769712292,0.7152440878795647,1.0,0.779026959116255,0.47388126974730854,Дистим,Дистим_031,False,moderate_a0.85,0,0.19189083571763774
0.49589665095393504,0.4701233124067408,0.48608659386740977,0.49919727271906056,0.5085606796422539,0.49395086426300244,0.4964116793442585,0.4727168867284509,0.5025565108510968,0.5273210301449626,Дистим,Дистим_032,True,moderate_a0.6,1,0.4042128123872501
0.4398596250964596,0.4104936826512035,0.5080989599361926,0.6263454532873289,0.5031119063191932,0.4960531280085388,0.48522652575873965,0.5484109107619439,0.48876543507973075,0.5227835592798189,Дистим,Дистим_032,True,moderate_a0.6,2,0.4042128123872501
0.4066976687632289,0.4607327082560106,0.461838056363766,0.6006610338009628,0.6083257435238746,0.43212777583570094,0.4901845009556892,0.7623751598570344,0.5411948726380104,0.5047354786460385,Дистим,Дистим_032,True,moderate_a0.6,3,0.4042128123872501
0.34918699029001504,0.4299999867297514,0.3180649794544722,0.6931055266074457,0.7205989536450117,0.3387657156034575,0.6301315108856522,0.8558822737310278,0.6635978702151452,0.4940081922235797,Дистим,Дистим_032,True,moderate_a0.6,4,0.4042128123872501
0.33511187819235716,0.4572185702369177,0.34056045112213407,0.7668220887094328,0.9054489079916596,0.33746038139807066,0.6760261186299186,0.8661551781546442,0.6385879486327818,0.7341976206276162,Дистим,Дистим_032,True,moderate_a0.6,5,0.4042128123872501
0.2626707026093427,0.46102594779518263,0.2610131863096725,0.8391756554364173,0.9379939179198419,0.33712783878359337,0.896538172876765,0.8821871297618393,0.6101293714125585,0.6719128730455628,Дистим,Дистим_032,True,moderate_a0.6,6,0.4042128123872501
0.4317624610839901,0.46546766442527837,0.4486229092638061,0.8061222273068461,0.8988939001854702,0.33528949892995225,0.8440716819114157,0.8118047543515146,0.580863775331118,0.7527997961635864,Дистим,Дистим_032,True,moderate_a0.6,7,0.4042128123872501
0.4297442893760034,0.4725696941549008,0.4357767235514628,0.7885122560334736,0.8838293588872356,0.3145966769388262,0.8661301328954953,0.7861097495545036,0.5830587179304132,0.728217467985904,Дистим,Дистим_032,False,moderate_a0.6,0,0.4042128123872501
0.49915913722043903,0.484606668493846,0.5205877933365969,0.5584227434872813,0.5527278604526225,0.4666673051318171,0.4976740444939448,0.5017145557206069,0.4557637934734119,0.505936473217968,Дистим,Дистим_033,True,moderate_a0.75,1,0.35456647886415876
0.42528701154709175,0.3935438825070871,0.5310140455578997,0.6629940362671801,0.5417977455896564,0.4344724180210036,0.49309952942691954,0.5334001514447279,0.4430247321188943,0.4878424417371054,Дистим,Дистим_033,True,moderate_a0.75,2,0.35456647886415876
0.3692725439698452,0.40165336821717595,0.4714073043554416,0.6477097892253065,0.7646390637392353,0.3148196393578724,0.4910700720354812,0.7114546748732254,0.5521715114694723,0.46364751396589604,Дистим,Дистим_033,True,moderate_a0.75,3,0.35456647886415876
0.35291663339640034,0.4023203462667669,0.41718381461420995,0.7488726018413618,0.9254563619006514,0.2387057770011601,0.6106105020077685,0.706115938400076,0.6236652494630786,0.46223163552722624,Дистим,Дистим_033,True,moderate_a0.75,4,0.35456647886415876
0.33904247232940943,0.554548735603231,0.37277573588195206,0.742708425654461,0.9454322567054255,0.30167735839738746,0.6145026378356215,0.7671264544019665,0.6170651561060702,0.6504612440168929,Дистим,Дистим_033,True,moderate_a0.75,5,0.35456647886415876
0.2224653231945215,0.5139412026624398,0.38414189314800967,0.8163179687036674,1.0,0.3118066460184091,0.7018246844793845,0.8530839159131658,0.6142437107090754,0.5342161320348437,Дистим,Дистим_033,True,moderate_a0.75,6,0.35456647886415876
0.15700446048501232,0.5167198050561318,0.32075691122092914,0.9567733190389089,1.0,0.3123186387395086,0.7710446837677905,0.8241573295302509,0.598532863834697,0.5276975518838704,Дистим,Дистим_033,True,moderate_a0.75,7,0.35456647886415876
0.15872630297410661,0.5040325099638011,0.34144908718920935,0.9315407107875299,0.9982348883334635,0.3007953133531623,0.7500578665972565,0.7990517020429483,0.5699321073311854,0.5564102516339875,Дистим,Дистим_033,False,moderate_a0.75,0,0.35456647886415876
0.49406820415458147,0.5368409841971319,0.49892462194137477,0.46305033482284025,0.5156971580444544,0.4904295551001801,0.5372790568741496,0.5054273114751052,0.496265947805453,0.599245420060814,Дистим,Дистим_034,True,moderate_a0.85,1,0.4489241469354615
0.4941163515540258,0.6237850640850479,0.5090177312528179,0.5010182482293201,0.5445881429312592,0.5631710129729335,0.5812256298277465,0.5234701397758191,0.51650128465486,0.5625974572181252,Дистим,Дистим_034,True,moderate_a0.85,2,0.4489241469354615
0.46040362297576326,0.6377886914840372,0.5266450982598369,0.49029014895559,0.7456200605775233,0.45908656187866115,0.6457161605728426,0.581290538467395,0.5808119284300459,0.6312259431075254,Дистим,Дистим_034,True,moderate_a0.85,3,0.4489241469354615
0.41444524146757356,0.6153953440886882,0.40852318160650014,0.5376579875621061,0.820549355384983,0.3741412299778012,0.7956286406857476,0.7022581146000845,0.7293361022373814,0.67118362586629,Дистим,Дистим_034,True,moderate_a0.85,4,0.4489241469354615
0.4861605772734491,0.5764213577474905,0.48197149541041623,0.5696515729412842,1.0,0.28953597209460513,0.6886028348813087,0.7708703080507566,0.7296973925108167,0.7790278767313582,Дистим,Дистим_034,True,moderate_a0.85,5,0.4489241469354615
0.41012705213498896,0.5442375154747067,0.4849591299532016,0.6341056842916507,1.0,0.2947627289366571,0.8374535144813869,0.8484009395989163,0.7730567124994183,0.6538362071104041,Дистим,Дистим_034,True,moderate_a0.85,6,0.4489241469354615
0.35012341959441384,0.516519471998224,0.4967445986810914,0.7563015076947278,1.0,0.30718144792955343,0.8990292903228239,0.7899574983773436,0.7578494863019566,0.69564836866082,Дистим,Дистим_034,True,moderate_a0.85,7,0.4489241469354615
0.3302613197890612,0.5239243754708584,0.4857367358902917,0.7766168343607748,0.9797723620811415,0.31957942469882683,0.8700597613885259,0.7637876635299202,0.7581172916007541,0.684339412240059,Дистим,Дистим_034,False,moderate_a0.85,0,0.4489241469354615
0.5084389126332488,0.4671484722449665,0.5128977103431452,0.5006990439726708,0.5498839308132369,0.4553377785400896,0.5022620175969136,0.49153486630963333,0.5115009461702037,0.5066347604335458,Дистим,Дистим_035,True,moderate_a0.6,1,0.43734077732872423
0.4249481722170047,0.36460995777308663,0.524567531586971,0.6466937412807011,0.5623198944130194,0.44626455192033654,0.49974607463323273,0.5532052889326693,0.5102096994546298,0.49890192851181214,Дистим,Дистим_035,True,moderate_a0.6,2,0.43734077732872423
0.37658821042159407,0.3680492594304832,0.46647950366415747,0.6634368094481963,0.8021218014942979,0.3729987616022114,0.4877490614943993,0.728757506618708,0.5841020458458283,0.5081553508568055,Дистим,Дистим_035,True,moderate_a0.6,3,0.43734077732872423
0.30517966007023606,0.43507861927431163,0.39187615877186144,0.7483419186423621,0.739174397496076,0.41923466805718346,0.6008732701077512,0.7821316851944802,0.7016267485032723,0.4856343780176893,Дистим,Дистим_035,True,moderate_a0.6,4,0.43734077732872423
0.37227434441246304,0.46132524307903033,0.35057286295102175,0.7973190848284898,0.8096411423239768,0.5198009555794506,0.641036776273645,0.7974681236439677,0.6768655944495894,0.6843104037043183,Дистим,Дистим_035,True,moderate_a0.6,5,0.43734077732872423
0.37684047620628286,0.44952356209212097,0.26097771921137003,0.8486148363661737,0.9531867464151853,0.39372373829577484,0.7686621589816608,0.8842742443350836,0.654377095449682,0.698660825472378,Дистим,Дистим_035,True,moderate_a0.6,6,0.43734077732872423
0.5503400772568235,0.4898010159073998,0.4299787547735644,0.8335821318990211,0.9819683899027312,0.3636242529808656,0.7544213273530188,0.8266382205103259,0.6702695982003916,0.7934065235076372,Дистим,Дистим_035,True,moderate_a0.6,7,0.43734077732872423
0.5471195400439277,0.48862222343546363,0.42488170025968586,0.8086157894213093,0.9851081364769723,0.3874737543193383,0.7264810896506315,0.8142651937668322,0.6883245957170352,0.7686207538980238,Дистим,Дистим_035,False,moderate_a0.6,0,0.43734077732872423
0.4548332346957523,0.46442029940480634,0.48321683361532364,0.540579015882671,0.5624717163085711,0.4452209037602276,0.4799044844774676,0.5093656277788586,0.5376285637170815,0.5232468732632326,Дистим,Дистим_036,True,mixed,1,0.4862141309909605
0.44554668636824885,0.4178889320149363,0.48932386519693977,0.7038676358666032,0.5338291299328007,0.39569147838997637,0.44625311532310397,0.5266754488091567,0.5275922041777329,0.6195330082020268,Дистим,Дистим_036,True,mixed,2,0.4862141309909605
0.37789424837164437,0.4372888092889848,0.4067322376203257,0.7563714977549213,0.7603148183219883,0.2716192871908286,0.4415831450576558,0.6819172918106317,0.6373969689803599,0.6306942728640746,Дистим,Дистим_036,True,mixed,3,0.4862141309909605
0.39765612570557196,0.4602064262391988,0.3914990968648838,0.8997371173881231,0.8903152993881268,0.18900715546510166,0.5050268358412966,0.68536780009652,0.6532329960107629,0.6598639283240798,Дистим,Дистим_036,True,mixed,4,0.4862141309909605
0.4500854271684935,0.28722844925605256,0.36017895519118964,0.9966563364336158,1.0,0.20821950919198662,0.5009475315511758,0.786781937377856,0.6476192927114832,0.7875722593326703,Дистим,Дистим_036,True,mixed,5,0.4862141309909605
0.43800531773545165,0.2713423667620972,0.2966030507014479,0.9629387088401239,0.953429032083179,0.24600207292481716,0.6558697825754416,0.8293619580326622,0.6848103915525893,0.7868746872719014,Дистим,Дистим_036,True,mixed,6,0.4862141309909605
0.36487737621084587,0.24863516390234464,0.19899569594848598,0.9977923061327747,0.9634717627398351,0.26803712072537883,0.8096993925967546,0.7639997735576268,0.6648893844704777,0.8642847367845077,Дистим,Дистим_036,True,mixed,7,0.4862141309909605
0.3912353553948193,0.24073657914840393,0.18122157525614002,0.9953396143537487,0.9672983840604776,0.2536788307453368,0.8205611683038786,0.788831021381898,0.6660587291378673,0.8778318106049343,Дистим,Дистим_036,False,mixed,0,0.4862141309909605
0.5140893887165423,0.48815222915193596,0.502041106022836,0.49212949230954584,0.5626811541778757,0.48444437994095363,0.5264125715421496,0.5021098466074595,0.5127524344253322,0.5255207141328887,Дистим,Дистим_037,True,mixed,1,0.3978128250999857
0.4905822901009237,0.3799062058147049,0.5127889250637027,0.6417158073712861,0.5608461937192537,0.4920878684441106,0.5162800356069688,0.5603825656764272,0.5016161613488569,0.5129407048445352,Дистим,Дистим_037,True,mixed,2,0.3978128250999857
0.44022020336825474,0.4338217644402405,0.5108085654801515,0.6502726538540802,0.6625968335688104,0.3981791774993283,0.5676480044144607,0.6910469572005865,0.5410420996274398,0.5566271569276539,Дистим,Дистим_037,True,mixed,3,0.3978128250999857
0.37599602011638283,0.42972406185876044,0.4272308970301274,0.7049912084959528,0.8214180367409859,0.3261260300317598,0.612096572762363,0.7877459202939787,0.5786123757204755,0.6162697943887205,Дистим,Дистим_037,True,mixed,4,0.3978128250999857
0.41196855799641063,0.511756171451505,0.44150608812936054,0.7610656947247095,0.9049894358182873,0.35049098977581705,0.6049756560852928,0.7748396695099058,0.5889768621635736,0.7251568134444171,Дистим,Дистим_037,True,mixed,5,0.3978128250999857
0.35986427709903707,0.5363625650208051,0.34845725780545017,0.7455509836656891,0.957404186647383,0.2808655323204917,0.8278161048488907,0.8498418768160739,0.5775494401636224,0.7568976292155014,Дистим,Дистим_037,True,mixed,6,0.3978128250999857
0.26635224563748305,0.537466065719281,0.27038996008697486,0.8784499135883462,1.0,0.27301077225490783,0.9005631487101278,0.8532568178631639,0.622345976681796,0.7329843922155048,Дистим,Дистим_037,True,mixed,7,0.3978128250999857
0.26432683929527373,0.5134484875454635,0.2532662734100155,0.8786252734956069,1.0,0.24668796006211807,0.8969281507811203,0.8778994530682113,0.6269945430204867,0.7216386738942614,Дистим,Дистим_037,False,mixed,0,0.3978128250999857
0.5069807940043897,0.5200680666691558,0.5082246900057373,0.5454799957736256,0.5976410043855216,0.42278498509807755,0.48335156963781695,0.5500235772351187,0.4919354062782949,0.47728800767558055,Дистим,Дистим_038,True,mixed,1,0.20308494502623314
0.43448511434660875,0.46550307359177845,0.49431559769128264,0.6344806541292304,0.5676012322264008,0.4040725624985804,0.48977408892088403,0.6385411778256948,0.5100112948093657,0.46752773532988695,Дистим,Дистим_038,True,mixed,2,0.20308494502623314
0.37092147983745916,0.47893427543272316,0.45194546690660076,0.65118378109597,0.7757639614771324,0.2961098008177618,0.519909371497573,0.7683539121869268,0.6253518448650415,0.42126234462062817,Дистим,Дистим_038,True,mixed,3,0.20308494502623314
0.28927273924164343,0.4690768673338721,0.46958960033335445,0.859323921949939,0.9206543500122373,0.2673930427826799,0.5383892898322675,0.8111102265204403,0.6674597511659461,0.352430362634248,Дистим,Дистим_038,True,mixed,4,0.20308494502623314
0.29193416669540967,0.4047804080936498,0.4935092953915648,0.9181553906304865,1.0,0.2121418880993594,0.5935446286249056,0.7767161697749543,0.6749165031544937,0.6191950745055727,Дистим,Дистим_038,True,mixed,5,0.20308494502623314
0.414386838756743,0.39643049249370643,0.6211447558715322,0.9354386150741036,0.9681555028832635,0.3149110035345839,0.5772784798030891,0.831249944912339,0.6722837371168022,0.5357998999205895,Дистим,Дистим_038,True,mixed,6,0.20308494502623314
0.3665017783592501,0.39467210559747024,0.45668002944970676,0.9957301642001368,0.9890759529950206,0.28101285827060857,0.683345474803518,0.8133259388298244,0.6762525881831795,0.5535249031419096,Дистим,Дистим_038,True,mixed,7,0.20308494502623314
0.37257261596218927,0.41511290522532274,0.44552064251117557,0.9960277949525594,0.9744717150336948,0.2889358607726098,0.656419935735602,0.8399601120951007,0.6884567073618091,0.5464928025199011,Дистим,Дистим_038,False,mixed,0,0.20308494502623314
0.5189212102537704,0.5026273899911252,0.47553828700172984,0.4831220441730416,0.5378961933305084,0.527282030524099,0.488478855710471,0.512888887347869,0.49426583178514355,0.5325200001469756,Дистим,Дистим_039,True,mixed,1,0.34256461071699423
0.43579464373065785,0.40898103306332656,0.4742011075294083,0.6022508386406479,0.5388519479819488,0.5155026794597157,0.47406071087669177,0.5910967334834495,0.4916840169382573,0.5320471452924487,Дистим,Дистим_039,True,mixed,2,0.34256461071699423
0.36793860258120115,0.42532077266684626,0.4737792094860145,0.6098131753641004,0.7658959457097371,0.43731654678184906,0.5060881612925054,0.6649726756474595,0.5281550584912522,0.6049325696201324,Дистим,Дистим_039,True,mixed,3,0.34256461071699423
0.3021181144493258,0.4080206666453674,0.3594656479512869,0.6438727589281269,0.7650281022758584,0.4128257649220082,0.65240812684656,0.6752605948136442,0.6452962223329504,0.7207570674633463,Дистим,Дистим_039,True,mixed,4,0.34256461071699423
0.3338174593670045,0.38432132932056057,0.4617759483718205,0.673249432799276,0.9084167172118792,0.44904175514019984,0.5907971607708372,0.7313499568061661,0.6558760314425648,0.7679873546980959,Дистим,Дистим_039,True,mixed,5,0.34256461071699423
0.2737292213717359,0.4138811655775085,0.3688756582153108,0.6606670139856782,0.8247616627359261,0.537113841487592,0.8845845736120458,0.7651831474763687,0.657089331375832,0.7972952277423674,Дистим,Дистим_039,True,mixed,6,0.34256461071699423
0.27384442084382576,0.40524762632789413,0.4893580398145086,0.7587633473131807,0.8636892767086404,0.524805889244491,0.8078146402313156,0.7923152675018833,0.6894563708032722,0.7655661126950352,Дистим,Дистим_039,True,mixed,7,0.34256461071699423
0.2476875520534314,0.4052455037560252,0.4833554403175267,0.7456335517500431,0.8483463688387254,0.5523177553970836,0.7985015968056741,0.7740956659951519,0.6719907393324377,0.7949323439440323,Дистим,Дистим_039,False,mixed,0,0.34256461071699423
0.48436444081965196,0.5910565461159749,0.49462464227670505,0.44195345369721206,0.5191083985774099,0.5196048610898183,0.4932648182031402,0.48978211690271434,0.4998656774603624,0.533154622965453,Экзальтированный,Экзальтированный_000,True,extreme,1,0.40082186649749735
0.4975051140780511,0.7286534725804991,0.5104892123495289,0.44611934921184326,0.5392578711414737,0.5892809609329704,0.4865105141848099,0.4805762660128495,0.5018011671636834,0.5662183186966971,Экзальтированный,Экзальтированный_000,True,extreme,2,0.40082186649749735
0.5661920343302161,0.699740265587328,0.6193348354233752,0.45760228464769653,0.5571860934855168,0.582581924396694,0.6371380492617194,0.24063784431288482,0.5152318953920536,0.7475782474320718,Экзальтированный,Экзальтированный_000,True,extreme,3,0.40082186649749735
0.5119170663788736,0.8140454593499855,0.5431629839053571,0.5858341889750579,0.46064544308476046,0.665626214007765,0.7533589788910131,0.2345860793645847,0.5412542683996145,0.807186955832727,Экзальтированный,Экзальтированный_000,True,extreme,4,0.40082186649749735
0.5603447885392552,1.0,0.6237764163278328,0.5549387518033434,0.17637481836985305,0.9441868788026324,0.7314843165234456,0.2590582151565872,0.5691073744435603,0.760081815843076,Экзальтированный,Экзальтированный_000,True,extreme,5,0.40082186649749735
0.6196597673858044,1.0,0.7349967804034064,0.5812952190860347,0.1342799809884356,0.9850745271908526,0.7479355728322976,0.2252584548147432,0.5838781352588697,0.8605854904586216,Экзальтированный,Экзальтированный_000,True,extreme,6,0.40082186649749735
0.7430887541049283,0.9625161211020145,0.9377205917469013,0.5956435788309618,0.20950084558511003,0.960281226165005,0.632465379224321,0.17821170585127474,0.5668665065224223,0.8687213898708238,Экзальтированный,Экзальтированный_000,True,extreme,7,0.40082186649749735
0.7561812323204776,0.9896405183450692,0.9320873428341735,0.5949233019638289,0.20160445777610805,0.9406524761727444,0.6391437724346255,0.20585466974986338,0.5591095660535075,0.8926493878943329,Экзальтированный,Экзальтированный_000,False,extreme,0,0.40082186649749735
0.5234269989615613,0.5308382091937558,0.46087176021241444,0.5233132098827379,0.4230479588197685,0.5306717255450087,0.5247568989101912,0.43960777005229773,0.489857131803712,0.5546077391160164,Экзальтированный,Экзальтированный_001,True,extreme,1,0.20915424421647977
0.546177629275975,0.6758248742093425,0.44004020629645857,0.5154716757162501,0.3869582150166757,0.6158733446080731,0.5120267771195618,0.43767500768721734,0.4847848815129221,0.6425149680031549,Экзальтированный,Экзальтированный_001,True,extreme,2,0.20915424421647977
0.567784584662112,0.6466364421756281,0.562232999916804,0.5307393517675536,0.3992754533910746,0.6023853719259646,0.6854573997865407,0.20850884812226328,0.4851170002278545,0.8323583262527363,Экзальтированный,Экзальтированный_001,True,extreme,3,0.20915424421647977
0.5568531438534098,0.7379916298073244,0.5547460598562381,0.7238134852200426,0.4017781369048169,0.6437698728752775,0.7608527856412338,0.13781163210505606,0.48842448590259396,0.846400614621137,Экзальтированный,Экзальтированный_001,True,extreme,4,0.20915424421647977
0.5836082781966249,1.0,0.644011021646172,0.7592654498162584,0.1206415088957156,0.8894524370758948,0.7005712359825765,0.1451429396177803,0.4731745543629239,0.8389718186296727,Экзальтированный,Экзальтированный_001,True,extreme,5,0.20915424421647977
0.6408488631104022,1.0,0.7546359701660661,0.7614350432531618,0.06775226716491388,0.9813156400173614,0.7189641679143985,0.08311328406417001,0.48194744962379565,0.9264908663997404,Экзальтированный,Экзальтированный_001,True,extreme,6,0.20915424421647977
0.8636356139178679,0.9904011421423287,0.9968825674195284,0.7573543326858726,0.06005961249490823,0.9741108108071053,0.5243847395615409,0.050300344741432836,0.48561593372290673,0.9287262411850848,Экзальтированный,Экзальтированный_001,True,extreme,7,0.20915424421647977
0.8609163824613036,0.9669899942123625,1.0,0.7656088069687984,0.07218643709601741,0.9462744877893701,0.5442243643267962,0.06525118154098351,0.46003954449498635,0.8991818625804725,Экзальтированный,Экзальтированный_001,False,extreme,0,0.20915424421647977
0.5130142111131153,0.5407665455611962,0.5259513378971564,0.44947661053874116,0.4971859998012841,0.5653842537560786,0.49587502702159236,0.44081595876579366,0.4815911016746324,0.540454035134883,Экзальтированный,Экзальтированный_002,True,extreme,1,0.2661017368362089
0.5248691760741098,0.5542008312242895,0.5184188936751775,0.5110119661549112,0.4838497895126468,0.5326894706365813,0.46449446231939245,0.39153540501123546,0.4685889897535896,0.7336041719339759,Экзальтированный,Экзальтированный_002,True,extreme,2,0.2661017368362089
0.6141999395589004,0.4937295775380267,0.6203054352257615,0.475005519003867,0.44653350042465884,0.5455910126157008,0.5869928428611355,0.33865587033527617,0.4529250726682983,0.8605189281682833,Экзальтированный,Экзальтированный_002,True,extreme,3,0.2661017368362089
0.7181307917646801,0.598137344353764,0.6397312640322317,0.5425076585610044,0.3391501616018874,0.6205857499876912,0.6499811553121204,0.21261317301393662,0.43393691039102594,0.9418671483364857,Экзальтированный,Экзальтированный_002,True,extreme,4,0.2661017368362089
0.7245552793868333,0.9540208782712958,0.642161562160504,0.5304243214901602,0.11538545777100624,0.8339091559656693,0.6728020096272471,0.26291928668430076,0.47342052710526583,0.9386824748339253,Экзальтированный,Экзальтированный_002,True,extreme,5,0.2661017368362089
0.8002223568077929,0.9825143583366763,0.7358988057265319,0.5255253248700908,0.019571349368055074,0.9793544730979354,0.6750002510799465,0.19884863175759912,0.4741019438299422,1.0,Экзальтированный,Экзальтированный_002,True,extreme,6,0.2661017368362089
0.8998129111547971,0.9595234547045822,0.8810659750605617,0.6169832343668006,0.031009613917317335,0.9678720354383112,0.5960765538174644,0.21957504112853296,0.49349595983732897,0.9900583253166884,Экзальтированный,Экзальтированный_002,True,extreme,7,0.2661017368362089
0.9097096425445785,0.9813403650362345,0.8856354150715062,0.6359396765547499,0.03685589032078507,0.9715231299101442,0.5688103441279495,0.21979867153039273,0.49325005451657805,0.9754516043479621,Экзальтированный,Экзальтированный_002,False,extreme,0,0.2661017368362089
0.550388405615615,0.5860616443021736,0.5300601719595072,0.48673637729451097,0.47094721942453177,0.5499052783979292,0.47654466154802866,0.46962783143188847,0.5067255647975419,0.5073618973917963,Экзальтированный,Экзальтированный_003,True,extreme,1,0.45250758404571634
0.5380489827904005,0.7241937978327128,0.5226627054866099,0.5129824207049984,0.4748659600856485,0.6042285722859706,0.4564827081747931,0.4543622206530621,0.4846809815923657,0.6136534007802176,Экзальтированный,Экзальтированный_003,True,extreme,2,0.45250758404571634
0.6421112531170804,0.6875426637232982,0.754087906545699,0.5177953474584165,0.4681660022512199,0.6097366787218056,0.4788353445373406,0.2983699465013143,0.44761413046501874,0.6650991127562687,Экзальтированный,Экзальтированный_003,True,extreme,3,0.45250758404571634
0.5768971494522859,0.7634320144829145,0.7274431487027447,0.5772562220029328,0.43536708528139856,0.6645364042646558,0.5602152603246711,0.3523517179172424,0.5095080157849914,0.7586961794860893,Экзальтированный,Экзальтированный_003,True,extreme,4,0.45250758404571634
0.6027580438014851,1.0,0.87565037445262,0.6096586706123838,0.1388528175840109,0.9474579354428009,0.4773911707194879,0.3916045758161273,0.5125383121914365,0.7985624865241493,Экзальтированный,Экзальтированный_003,True,extreme,5,0.45250758404571634
0.685115390838262,0.9977285670675264,0.8854053938200526,0.5630758380489842,0.09197835217355965,0.9920995856060664,0.5702016170766935,0.39910637778491204,0.48716473968601764,0.824901861964611,Экзальтированный,Экзальтированный_003,True,extreme,6,0.45250758404571634
0.7778538348524667,1.0,0.9984249207299486,0.6265704356110546,0.18196381847030788,0.9908811766118253,0.5550995786732041,0.34523985963527515,0.49880127498900706,0.8820298565995891,Экзальтированный,Экзальтированный_003,True,extreme,7,0.45250758404571634
0.7761198215764226,1.0,1.0,0.6378631476414949,0.19320772043584525,1.0,0.5519846276178735,0.31766802357608626,0.5216142520118798,0.8586873399961048,Экзальтированный,Экзальтированный_003,False,extreme,0,0.45250758404571634
0.5209725608648402,0.5513792724063946,0.5535258378415141,0.5016999614767365,0.4812870613918484,0.5548372443102407,0.5433357023809443,0.48370074453014605,0.47780117721615184,0.5381925121046955,Экзальтированный,Экзальтированный_004,True,extreme,1,0.28937429670319287
0.5122372365178554,0.7093091748474316,0.5613897580158345,0.5193459961567691,0.4642279509471253,0.6284020105892436,0.5497974354824786,0.4777947641978075,0.4563730080348846,0.6106896810845431,Экзальтированный,Экзальтированный_004,True,extreme,2,0.28937429670319287
0.5613235855218109,0.7137897971688726,0.6811742199283328,0.47767663741077115,0.45421831402370977,0.6661126457784922,0.7063753576893369,0.22694282314029968,0.44353900987305017,0.7942763343853373,Экзальтированный,Экзальтированный_004,True,extreme,3,0.28937429670319287
0.6704364851740234,0.8032518447463571,0.7219088583073671,0.5550491165710758,0.3650676284399619,0.6968944915797813,0.7619875366855808,0.12549054947911836,0.4757912997484592,0.9181347951091524,Экзальтированный,Экзальтированный_004,True,extreme,4,0.28937429670319287
0.7343184740666099,1.0,0.8087968056635683,0.5207249399431018,0.1723161552912325,0.8692067159069384,0.7578167381038993,0.11172468700823004,0.4867857789459199,0.9779589111389891,Экзальтированный,Экзальтированный_004,True,extreme,5,0.28937429670319287
0.8057058446748164,1.0,0.9361750860061447,0.49515426823842407,0.10245614561564437,0.9675966253664985,0.7903424673657413,0.04741377198651414,0.4918005435949408,1.0,Экзальтированный,Экзальтированный_004,True,extreme,6,0.28937429670319287
0.9499546784799908,0.98290194596351,1.0,0.506862833529715,0.13354929067387222,0.9644390355855544,0.7217900967098901,0.04971319230669563,0.4445012912436627,0.9841102130598353,Экзальтированный,Экзальтированный_004,True,extreme,7,0.28937429670319287
0.9408999780606669,0.9553877764607942,0.9973753054197293,0.5209506982819719,0.1451535375812571,0.9561889433506815,0.7253100159039885,0.07760672780598554,0.46984050104203046,0.9990871916494731,Экзальтированный,Экзальтированный_004,False,extreme,0,0.28937429670319287
0.4628935146113157,0.5081641549439359,0.4848762532060466,0.48326133351336326,0.5093908523720223,0.5638937118973868,0.522853306578403,0.4726146992722885,0.5338677635567156,0.5458104842207315,Экзальтированный,Экзальтированный_005,True,extreme,1,0.40176750825337826
0.45634583431933606,0.6337271247755549,0.46222731682161244,0.54937107264803,0.524887192227376,0.6247751423786266,0.5106228730875767,0.4773671642375643,0.5132774626524131,0.6217437594995207,Экзальтированный,Экзальтированный_005,True,extreme,2,0.40176750825337826
0.5835962632219436,0.6185773401955427,0.7132502579904209,0.5482438938129098,0.5406476686541883,0.6384910839360041,0.5780276806895426,0.32133393846549646,0.4811570681584261,0.6753028230547737,Экзальтированный,Экзальтированный_005,True,extreme,3,0.40176750825337826
0.6541849908289468,0.6155129997321392,0.6921321859677307,0.5737358444939955,0.5131733209515403,0.6467305240920628,0.7048518338518482,0.16627323137073424,0.46003486258212334,0.8529421798498525,Экзальтированный,Экзальтированный_005,True,extreme,4,0.40176750825337826
0.7450050108938939,0.9581917529766618,0.836440792001795,0.6174806951823903,0.2954762638485124,0.8948457237163263,0.6275398722842547,0.1814234030390661,0.4860952829188398,0.8387877799001839,Экзальтированный,Экзальтированный_005,True,extreme,5,0.40176750825337826
0.8140946211510025,0.9249279803052562,0.8624065715602685,0.5893098610820994,0.2771353660946936,0.9896627570612977,0.7482456064648588,0.19968422040316502,0.5017842353525922,0.8404806823790191,Экзальтированный,Экзальтированный_005,True,extreme,6,0.40176750825337826
1.0,0.9216271034363157,1.0,0.6134902360808479,0.2614158629380348,0.9845139292338806,0.6206471932634356,0.24190820375078856,0.45500029352352767,0.823708935217662,Экзальтированный,Экзальтированный_005,True,extreme,7,0.40176750825337826
0.9777571098778992,0.912536169035695,1.0,0.6306155876624813,0.2500383410603301,0.9822966638748148,0.5960835819687031,0.2121156888975757,0.44951543336858196,0.8166533645387233,Экзальтированный,Экзальтированный_005,False,extreme,0,0.40176750825337826
0.5184403101623342,0.49729889548050565,0.47983122292758434,0.5199215969776247,0.499056139068198,0.5110162152739921,0.5684827423953848,0.41030439918536965,0.5064606787597168,0.5640922279378954,Экзальтированный,Экзальтированный_006,True,extreme,1,0.23960934295136035
0.5297812223334849,0.6472411027231935,0.48155859962408726,0.5052523595878693,0.49782644751680466,0.5756657447415197,0.5737777664499624,0.38292943991088774,0.48916291113529214,0.614832469447246,Экзальтированный,Экзальтированный_006,True,extreme,2,0.23960934295136035
0.6432268736509347,0.600726633661349,0.7090361332083275,0.511412792736954,0.49983725564410725,0.5725383220997601,0.6132080266679565,0.2690180946261532,0.49743341901434807,0.6844188622351693,Экзальтированный,Экзальтированный_006,True,extreme,3,0.23960934295136035
0.7586104471865519,0.6638710192096235,0.720056028880033,0.6170445593370473,0.43187447406356716,0.6067241784894785,0.6497655355914512,0.18908434322127834,0.47542826451087883,0.7778271778630658,Экзальтированный,Экзальтированный_006,True,extreme,4,0.23960934295136035
0.7653765192489391,1.0,0.7832627907769087,0.5616685176575733,0.12749694124495237,0.8774298526910064,0.6591837380452242,0.2088762686808555,0.45750753582838366,0.8140678972655014,Экзальтированный,Экзальтированный_006,True,extreme,5,0.23960934295136035
0.8329089973356513,1.0,0.914730007142987,0.5414347761842996,0.06662545724622092,0.969491789313302,0.642991282565282,0.14141243902286035,0.46190602457599317,0.9429853446074211,Экзальтированный,Экзальтированный_006,True,extreme,6,0.23960934295136035
0.9963443995885151,0.984176184588713,1.0,0.5127548669576333,0.10589906564218904,0.9723322080941501,0.5936964046972905,0.10020874360388847,0.4727755598914402,0.998726887767825,Экзальтированный,Экзальтированный_006,True,extreme,7,0.23960934295136035
0.9893748555651123,0.9706761436219452,0.9893933632533971,0.5351516865314345,0.09733383166709451,0.9636203709924985,0.6041925436220351,0.100141535796684,0.49167474059276034,1.0,Экзальтированный,Экзальтированный_006,False,extreme,0,0.23960934295136035
0.5253922890920674,0.5794003312280214,0.4925605133068997,0.5088142164769452,0.45918898468649677,0.5797646179718701,0.5056681520502253,0.5227539635329536,0.49165030480470756,0.5337724295733497,Экзальтированный,Экзальтированный_007,True,extreme,1,0.31381359710099177
0.54371255951284,0.5859882638385205,0.4973255707277491,0.5666903124235716,0.47695905923083926,0.5392010722047405,0.5007626224977523,0.45648740264200544,0.49372174326096974,0.7044809455009591,Экзальтированный,Экзальтированный_007,True,extreme,2,0.31381359710099177
0.6220810474536873,0.5908247611591391,0.5825542358940813,0.5382886927758802,0.4595805154517277,0.512819857531446,0.6420852203968475,0.22783437345922303,0.49436178418330395,0.9432723282789812,Экзальтированный,Экзальтированный_007,True,extreme,3,0.31381359710099177
0.695765709382786,0.6537453145952539,0.5640531918273949,0.6307638765767074,0.4051540258972898,0.5985320409993978,0.6968333704082801,0.09945754619547996,0.5341269515996039,1.0,Экзальтированный,Экзальтированный_007,True,extreme,4,0.31381359710099177
0.7725565197313252,1.0,0.6585052552374365,0.6986765587205257,0.18186084715192388,0.8483363765037251,0.5632265913424449,0.07902478915158923,0.49137676667373636,0.9842393390231161,Экзальтированный,Экзальтированный_007,True,extreme,5,0.31381359710099177
0.8707941655934864,1.0,0.7249877405134038,0.689441404714413,0.09493004899777391,0.920758070949621,0.5609474852366715,0.015453212178478434,0.4998803981922341,1.0,Экзальтированный,Экзальтированный_007,True,extreme,6,0.31381359710099177
1.0,0.9822483125905682,1.0,0.6876239599874205,0.11880119316676334,0.9376167181086107,0.36336709129337796,0.040080269591014434,0.5009554869738136,0.9710131126414413,Экзальтированный,Экзальтированный_007,True,extreme,7,0.31381359710099177
0.9983183003778761,1.0,1.0,0.7080943507705794,0.1025819518299323,0.9377993766657479,0.3379741263703097,0.020619321338549976,0.5084918455146918,0.9607431348126908,Экзальтированный,Экзальтированный_007,False,extreme,0,0.31381359710099177
0.5312782307240214,0.5332263689491803,0.5153536794298732,0.5099913223496453,0.5308101438233398,0.5414175544962676,0.48726689116751537,0.5048389643477221,0.49998946067449024,0.48293244023099957,Экзальтированный,Экзальтированный_008,True,extreme,1,0.34737396167028645
0.5576146194198388,0.6077861218304614,0.501705042965424,0.49836334820704503,0.4945043724193679,0.5385216264187573,0.5083292301265353,0.4402761118711867,0.5100455865257293,0.6557692377327443,Экзальтированный,Экзальтированный_008,True,extreme,2,0.34737396167028645
0.5756370660476686,0.6452608339432655,0.6132857301585711,0.5090766347324637,0.510734821938842,0.5211792357813398,0.6183032232349158,0.3047075003153517,0.4625818651349464,0.8029241935264162,Экзальтированный,Экзальтированный_008,True,extreme,3,0.34737396167028645
0.6730763731046657,0.6732469976590872,0.6244557694191167,0.6439897463370281,0.40166768779714035,0.5508376047176737,0.6791801056489031,0.18224834903837553,0.471466817389292,0.9321420100920484,Экзальтированный,Экзальтированный_008,True,extreme,4,0.34737396167028645
0.7696230803008569,0.9761209865889257,0.7345301105522439,0.6185636093436407,0.18605143388698905,0.7542650880603801,0.6154745432107475,0.2422222587347876,0.47527111387893917,1.0,Экзальтированный,Экзальтированный_008,True,extreme,5,0.34737396167028645
0.8344327291443849,1.0,0.8277219634139071,0.5988129091032874,0.14677494009842934,0.872140451824876,0.6117012961510326,0.17158379404681298,0.46164081170920224,1.0,Экзальтированный,Экзальтированный_008,True,extreme,6,0.34737396167028645
1.0,0.9924182405747425,0.9965800047574938,0.5623392207770807,0.14638968535056923,0.8937697631428838,0.5530423750153217,0.19269280767372454,0.4407205003390627,1.0,Экзальтированный,Экзальтированный_008,True,extreme,7,0.34737396167028645
0.9792585596719464,1.0,0.9954277582932263,0.5730173899770113,0.17449071213476647,0.8870716529049278,0.5621012552890333,0.21721727904389634,0.4356637006566353,0.9868573968171692,Экзальтированный,Экзальтированный_008,False,extreme,0,0.34737396167028645
0.4989713313731347,0.545473460889226,0.5125175909170678,0.5314987364363143,0.5004771263766221,0.5191712531714484,0.5184007804963204,0.4880865712891885,0.48654524715791475,0.5231758016735271,Экзальтированный,Экзальтированный_009,True,extreme,1,0.35900988023216995
0.5010461781222186,0.6088860055135797,0.5286941477661024,0.4966466992121364,0.4931307055476456,0.6158511585137838,0.5293482236499296,0.4483606334418087,0.46718269606312884,0.4995483056897145,Экзальтированный,Экзальтированный_009,True,extreme,2,0.35900988023216995
0.5300257682332838,0.5991496850776798,0.5420514084741859,0.5266641670170604,0.46207780519599007,0.5909530583224891,0.7525124155446594,0.24522318094352372,0.4869780116199237,0.7523171611488739,Экзальтированный,Экзальтированный_009,True,extreme,3,0.35900988023216995
0.6300840330710346,0.6709380751621783,0.5215167692796474,0.6258531290563861,0.3950646710730444,0.6277188708277792,0.8222954051794054,0.14939023132822798,0.48214079923605957,0.8373212561143711,Экзальтированный,Экзальтированный_009,True,extreme,4,0.35900988023216995
0.7907390121536443,0.9178832321635859,0.6456031863612318,0.6338170346010991,0.24658828361608925,0.7773391855402082,0.8009569081635387,0.18872515265143036,0.5080869241427391,0.8563926817499796,Экзальтированный,Экзальтированный_009,True,extreme,5,0.35900988023216995
0.7174624373079931,0.9761926308762,0.6601480523066329,0.6664567315950958,0.18887473454336137,0.8411954827063,1.0,0.12110277175116547,0.5057835115374076,0.9395985539529843,Экзальтированный,Экзальтированный_009,True,extreme,6,0.35900988023216995
0.9462892120440138,0.9549951241890616,0.9129551185797282,0.7143101380064757,0.17102549929707453,0.801790990447259,0.8068022586683399,0.13596084382840196,0.5114172424342008,0.9451242985794479,Экзальтированный,Экзальтированный_009,True,extreme,7,0.35900988023216995
0.9279925384629506,0.9782844499111033,0.8857385267600645,0.6921104885571501,0.15304949980702684,0.7905911623968421,0.8074682839591519,0.11794609318020735,0.5300036248337601,0.9522279985157889,Экзальтированный,Экзальтированный_009,False,extreme,0,0.35900988023216995
0.550439246730369,0.5530164176628862,0.5237667412036632,0.46444396672438915,0.4865820129381971,0.5265512703314021,0.48529248500432554,0.4590315908162111,0.4731799376864246,0.523212441792262,Экзальтированный,Экзальтированный_010,True,extreme,1,0.23422186174390341
0.596206254061916,0.7170876317424569,0.5379994604666637,0.4900808505453776,0.4724419303125383,0.5863887697601513,0.4815785464389581,0.474694869657339,0.4561002339187511,0.6244775714230162,Экзальтированный,Экзальтированный_010,True,extreme,2,0.23422186174390341
0.6455155726240652,0.7372040336447371,0.6491911501698038,0.46795780810671755,0.432926719412225,0.6031712976352124,0.664777068415772,0.22341587103830124,0.45079067651309546,0.8102288453971054,Экзальтированный,Экзальтированный_010,True,extreme,3,0.23422186174390341
0.7562300686575965,0.8110614684356617,0.653071154842592,0.5295990049404025,0.33300248788247183,0.6730094349774814,0.7505327704679817,0.07778101248531338,0.48528300876449126,0.9291091609304831,Экзальтированный,Экзальтированный_010,True,extreme,4,0.23422186174390341
0.8745794861454912,1.0,0.7006558096924876,0.5636339780170667,0.08211155092983743,0.9436440718690136,0.6828842716946933,0.07426231196670703,0.4590400239731526,0.9323885442410936,Экзальтированный,Экзальтированный_010,True,extreme,5,0.23422186174390341
0.9692678661502273,1.0,0.7893448362752565,0.6345258797077903,0.13412338463832513,0.95582312612494,0.5547691188969699,0.026747639472648375,0.4409900017336849,0.9817498992030455,Экзальтированный,Экзальтированный_010,True,extreme,6,0.23422186174390341
1.0,0.9949335845226092,0.8541784371413877,0.6109403775162332,0.12721636801245462,0.9699270732284109,0.5077675008123079,0.024465886761905895,0.43430208595242176,0.9650374956607908,Экзальтированный,Экзальтированный_010,True,extreme,7,0.23422186174390341
0.9880335592218166,1.0,0.8799359174434763,0.6236629092956076,0.15463770559896167,0.9930239750536052,0.5207871297677951,0.023276742784273337,0.45240931448092986,0.9916174332984441,Экзальтированный,Экзальтированный_010,False,extreme,0,0.23422186174390341
0.5206532031873999,0.5359382896558049,0.49411280624487697,0.4868787669551037,0.4583328639678228,0.5602114947781092,0.5243892352496599,0.5074155379214133,0.5203061977701806,0.5603013702824642,Экзальтированный,Экзальтированный_011,True,extreme,1,0.43223015370622075
0.5134822172044868,0.5350238824369107,0.4790249038754673,0.5301557282842206,0.43795641763236104,0.5755217760620849,0.552581300346362,0.4716158183483925,0.4827699147708433,0.7257953714450721,Экзальтированный,Экзальтированный_011,True,extreme,2,0.43223015370622075
0.6160952883735602,0.5539446020053579,0.7031039792534198,0.5516643054800727,0.44284263356637316,0.5922093381699319,0.5659608605591762,0.4624849027162451,0.44629573135813055,0.7230213836022381,Экзальтированный,Экзальтированный_011,True,extreme,3,0.43223015370622075
0.6087755841296829,0.5884531730197651,0.71999608554476,0.7024162517765238,0.3829911209285976,0.5923312797360939,0.6555747715848661,0.3997872077239575,0.5073983253520399,0.8755647774123577,Экзальтированный,Экзальтированный_011,True,extreme,4,0.43223015370622075
0.6215304792195433,0.9378207651083983,0.7426720533124314,0.666801799251865,0.15169732038257627,0.7919399020751177,0.6339191140754636,0.4478977225384787,0.48954530518318373,0.9812527782812506,Экзальтированный,Экзальтированный_011,True,extreme,5,0.43223015370622075
0.721799675118231,0.9790078114735948,0.8778176102788259,0.6839259981677102,0.07063588781751746,0.9080609856404749,0.6315340389540978,0.39682311805095555,0.5128006613749115,1.0,Экзальтированный,Экзальтированный_011,True,extreme,6,0.43223015370622075
0.8874180274532167,0.9964285979041256,0.9024221767679148,0.6894766563868069,0.08811309729258324,0.914027443994456,0.5845531337698067,0.38433582150134155,0.5506401498385805,0.9643946511964993,Экзальтированный,Экзальтированный_011,True,extreme,7,0.43223015370622075
0.9159466037433572,0.9664462294446474,0.9209760334572847,0.6756706954070536,0.08904710360771423,0.9287058912569351,0.5791658431799502,0.3994954510019848,0.5554998567249175,0.9549289720769453,Экзальтированный,Экзальтированный_011,False,extreme,0,0.43223015370622075
0.5216796965239295,0.5547686411072414,0.4892999582323201,0.4728532199570731,0.5241430104899776,0.5072455406221791,0.5124061540361312,0.46249192868526223,0.5093357766848821,0.5687099287640753,Экзальтированный,Экзальтированный_012,True,extreme,1,0.4667274659244203
0.5114273770028201,0.6164353535672704,0.48302655656900434,0.5612422921797164,0.5329289850787731,0.5900024385774434,0.5367374300474413,0.4641944438406281,0.5036520736641776,0.6404319668381834,Экзальтированный,Экзальтированный_012,True,extreme,2,0.4667274659244203
0.5866067959187289,0.5614651970865567,0.715271800125696,0.5635076155763918,0.5030273926526337,0.6154410593009427,0.5965322234095104,0.3285672675778948,0.5049367831310348,0.6840986815840465,Экзальтированный,Экзальтированный_012,True,extreme,3,0.4667274659244203
0.712970593970886,0.6127849415858387,0.7369876650931847,0.6920231130047754,0.42593864374399143,0.6623293306014677,0.5449853652067284,0.3631151818508477,0.5350132340085089,0.7379411156638748,Экзальтированный,Экзальтированный_012,True,extreme,4,0.4667274659244203
0.7931005818068878,0.8905503921583683,0.8640666835447729,0.6928664765780654,0.2690548128265064,0.8169324676774763,0.47492907687279595,0.40819376924636486,0.5106262472890531,0.856961206962757,Экзальтированный,Экзальтированный_012,True,extreme,5,0.4667274659244203
0.9087074460896217,0.8752870024739462,0.8747164816244964,0.6982694619974407,0.20418647338531096,0.8810905836042929,0.5445247478216477,0.3960489449007439,0.49361055007791643,0.851217147966424,Экзальтированный,Экзальтированный_012,True,extreme,6,0.4667274659244203
0.9562408124633455,0.8817420397712425,0.8860575193517267,0.7238638177248748,0.18732837985074743,0.8990415354256144,0.6682562997144958,0.34945329453039004,0.4429755293676595,0.9131208547066625,Экзальтированный,Экзальтированный_012,True,extreme,7,0.4667274659244203
0.9284922066084065,0.8957761050280575,0.8791503964327956,0.7378233893089545,0.19407382338544082,0.9226970545529671,0.6813651442456181,0.3712783469226906,0.41861682437606185,0.9256297435050407,Экзальтированный,Экзальтированный_012,False,extreme,0,0.4667274659244203
0.5379743410735728,0.5414078971673868,0.517304240743794,0.5144636533746733,0.48147839578257834,0.5443052928029766,0.5023549274886481,0.4334892801311909,0.47902927687322683,0.5653504710075338,Экзальтированный,Экзальтированный_013,True,extreme,1,0.32489226964492357
0.5168036538213447,0.6460940116449305,0.5229361328371144,0.6056582214166899,0.49385351602268335,0.6407487920038138,0.503416337624176,0.44873102064044545,0.5030745397347036,0.6705523165663492,Экзальтированный,Экзальтированный_013,True,extreme,2,0.32489226964492357
0.5449012786335136,0.6211412491383851,0.6591664427556686,0.6071468503868237,0.46642407198149355,0.63659533283175,0.6023384494033307,0.371049650128524,0.4982531188202122,0.7617229864247999,Экзальтированный,Экзальтированный_013,True,extreme,3,0.32489226964492357
0.6306273872613524,0.6876619920233523,0.6597065570207522,0.7332351330664183,0.35421663574554463,0.642601663624399,0.6792818926172437,0.21599948617734402,0.49855284527746424,0.841646894924877,Экзальтированный,Экзальтированный_013,True,extreme,4,0.32489226964492357
0.6922979034286698,1.0,0.7752376470625839,0.7243940271036347,0.08784558188038064,0.8995394744997919,0.5652601491760721,0.26421171732889337,0.5160845392026239,0.8174663133426986,Экзальтированный,Экзальтированный_013,True,extreme,5,0.32489226964492357
0.7727517588879966,1.0,0.8734816796476214,0.8443352631545599,0.12614961213070727,0.9377475801009636,0.45168492319970294,0.193746835539758,0.48350005016242564,0.8673644879575121,Экзальтированный,Экзальтированный_013,True,extreme,6,0.32489226964492357
0.8476695864307981,0.9798645269263835,0.9140202377130519,0.8289822183703384,0.1971132882648188,0.9271822611574941,0.6075092879201885,0.16871425176931618,0.47508991665936257,0.9598091651060332,Экзальтированный,Экзальтированный_013,True,extreme,7,0.32489226964492357
0.8238986883993125,0.9982054635051063,0.9253838160195742,0.8386081754941687,0.1754314379130819,0.9461785228154043,0.6374707156259447,0.18955127623561843,0.4967348973700736,0.9675780569592402,Экзальтированный,Экзальтированный_013,False,extreme,0,0.32489226964492357
0.501642259229964,0.5481622766505932,0.5083504852311007,0.4893751737477721,0.4603561376330138,0.6023617087445942,0.5028961917991915,0.5085503756355079,0.4662059483682868,0.5325809705184937,Экзальтированный,Экзальтированный_014,True,extreme,1,0.29017414958914783
0.5393416916826617,0.7284931540085788,0.510646892928641,0.4828784201936523,0.4783903080160139,0.6799683784414607,0.506050407242256,0.5341102801427038,0.4929471183203145,0.6482026929128905,Экзальтированный,Экзальтированный_014,True,extreme,2,0.29017414958914783
0.6793952997508218,0.6963272186584412,0.7468787197116382,0.4965415549361822,0.4801343745798214,0.715231066501895,0.5887503111107374,0.352641964477774,0.5102831062268552,0.7405184168060517,Экзальтированный,Экзальтированный_014,True,extreme,3,0.29017414958914783
0.7802281856375771,0.7436182603533867,0.7569307363302814,0.574167271304235,0.39308437871296564,0.7748732381912018,0.6244947662204272,0.2363654545540982,0.5082752236609518,0.8253954266952249,Экзальтированный,Экзальтированный_014,True,extreme,4,0.29017414958914783
0.7981600217002122,1.0,0.7934269706310317,0.5838999043445142,0.13017909357747903,1.0,0.6321306221597467,0.276522747904233,0.5580796356822896,0.8657542528881723,Экзальтированный,Экзальтированный_014,True,extreme,5,0.29017414958914783
0.839300096172667,1.0,0.9089268855123632,0.6108765994881743,0.08461412547576644,1.0,0.6506075836564734,0.1742630346593807,0.5605906787783266,1.0,Экзальтированный,Экзальтированный_014,True,extreme,6,0.29017414958914783
0.8942599738078592,1.0,0.9214100354777298,0.644069759918027,0.16432945696588153,1.0,0.7715090872639576,0.12976425245537934,0.5383251060039229,0.9459906088266964,Экзальтированный,Экзальтированный_014,True,extreme,7,0.29017414958914783
0.8690098886097908,0.9870615000650058,0.9410895414280681,0.6553426154817781,0.1843409088473092,1.0,0.7645941958061552,0.11593250990446238,0.5210711081382009,0.9556756346414602,Экзальтированный,Экзальтированный_014,False,extreme,0,0.29017414958914783
0.49755322870724367,0.5328777606940123,0.5051061709707414,0.5496360985570867,0.47509250838021655,0.5445845355935495,0.5386974427785972,0.46223400466928155,0.48547008632427735,0.5234988130110342,Экзальтированный,Экзальтированный_015,True,extreme,1,0.2869806794667788
0.5175142813335516,0.668835177024257,0.5255539235585686,0.5794003590357951,0.4978482042637738,0.6168598182896275,0.5654180809274542,0.42667990667199895,0.49562388760328496,0.5798316495307567,Экзальтированный,Экзальтированный_015,True,extreme,2,0.2869806794667788
0.5458205843839399,0.6700622426991276,0.6350240524523971,0.5416836842216501,0.48512094093477104,0.6626844178135256,0.7453137384579145,0.13617293949202428,0.4846273751434501,0.772321210479164,Экзальтированный,Экзальтированный_015,True,extreme,3,0.2869806794667788
0.6832003020839283,0.7406291064685906,0.5740629657016089,0.5549104914543599,0.4366711040919059,0.7460670287889246,0.7624021254806783,0.17196088225233708,0.526892354480475,0.8069260620212366,Экзальтированный,Экзальтированный_015,True,extreme,4,0.2869806794667788
0.7345340664940947,1.0,0.7283650362828746,0.5901630693903154,0.2737752401943091,0.892207299972387,0.6913629260448874,0.20679556785660733,0.4720842410862796,0.9157300318336362,Экзальтированный,Экзальтированный_015,True,extreme,5,0.2869806794667788
0.8101321113842048,1.0,0.7943887318783577,0.6067806958882533,0.18952099596770144,0.9844205737033743,0.7169819157790719,0.14254520055323544,0.4271092790294515,0.9966203373964536,Экзальтированный,Экзальтированный_015,True,extreme,6,0.2869806794667788
0.9330846424305741,1.0,0.9927233965745862,0.7002418551810295,0.2276063775162757,1.0,0.5755718537592206,0.11427667147101221,0.4328250556854742,0.967767630122391,Экзальтированный,Экзальтированный_015,True,extreme,7,0.2869806794667788
0.9598490940932504,0.9934597814940141,1.0,0.7060577836744776,0.2366866235782496,1.0,0.5966860370420812,0.14143929945916683,0.44429505041096495,0.9606488593487355,Экзальтированный,Экзальтированный_015,False,extreme,0,0.2869806794667788
0.5024115777701847,0.5107589871115353,0.5337634942884829,0.5028158026428295,0.5079669427576026,0.5527681503927664,0.5340571277306598,0.4831355191750025,0.4620462303300719,0.5240215644033294,Экзальтированный,Экзальтированный_016,True,extreme,1,0.3199120970665159
0.534983067993866,0.6535592033236964,0.5358203060553246,0.541553568151747,0.5369608952172352,0.6318733120808682,0.5327034257791409,0.48951602172767894,0.45816880536247834,0.5584325260688978,Экзальтированный,Экзальтированный_016,True,extreme,2,0.3199120970665159
0.5834236850662186,0.6484098887981156,0.6064122051719267,0.5570086378811315,0.5254518379908328,0.6147253341627629,0.6835558913858967,0.2511637939649291,0.46109618187565327,0.7626010025911287,Экзальтированный,Экзальтированный_016,True,extreme,3,0.3199120970665159
0.6879616111524814,0.6960549632975715,0.6377297675659378,0.6511843477798118,0.4470194029409151,0.670118588696005,0.7067160714368032,0.13575020183851272,0.46685999208546647,0.8522445315471017,Экзальтированный,Экзальтированный_016,True,extreme,4,0.3199120970665159
0.7460879890793031,0.9445780990226549,0.714205626679753,0.6278955270335285,0.28104959047275746,0.9292795752515733,0.6542024151748898,0.1448923729912243,0.4515601318448295,0.9355855421139216,Экзальтированный,Экзальтированный_016,True,extreme,5,0.3199120970665159
0.7883870226319073,0.950140628752445,0.7459084373994467,0.654581039658742,0.2214510213610474,0.9820488745586536,0.7580126444317236,0.14200527949713085,0.4305807166927756,0.9240409482029264,Экзальтированный,Экзальтированный_016,True,extreme,6,0.3199120970665159
0.997462071282637,0.9727294281436455,1.0,0.6339675838958563,0.23006225545167472,0.9967290501304319,0.6045847270116034,0.1248316646957418,0.4528331148632988,0.8844500307332016,Экзальтированный,Экзальтированный_016,True,extreme,7,0.3199120970665159
1.0,1.0,1.0,0.6622184076594407,0.25571800237763076,1.0,0.6274734291330193,0.14037853588378746,0.4411462876542986,0.9111878625449948,Экзальтированный,Экзальтированный_016,False,extreme,0,0.3199120970665159
0.5242292184749866,0.5611308263442989,0.5051112290160225,0.5229091244860751,0.5219991610457663,0.5393946251401089,0.5020919634114733,0.45288931548485895,0.48171198115758523,0.5610647665155496,Экзальтированный,Экзальтированный_017,True,extreme,1,0.1295326171792665
0.5091630688663956,0.6837953167898988,0.5070591102833787,0.5930871188698329,0.4864391375865993,0.5788652873514397,0.5039490607841263,0.44214610740359345,0.46896870136696,0.6185163916622266,Экзальтированный,Экзальтированный_017,True,extreme,2,0.1295326171792665
0.5503846044279994,0.6444361294676434,0.6070884171805853,0.6097053411067062,0.48781859466542415,0.5682619797619464,0.6367154578022871,0.17396032397882,0.4801659393221611,0.8294969175185505,Экзальтированный,Экзальтированный_017,True,extreme,3,0.1295326171792665
0.659693499431378,0.7163998485047217,0.6023750754585581,0.7157372771361399,0.39243742611206617,0.6260777415210765,0.7383594285126235,0.0707259634270171,0.5292343676967857,0.9079787656935508,Экзальтированный,Экзальтированный_017,True,extreme,4,0.1295326171792665
0.7538127565707434,1.0,0.7036474299031591,0.7185072029566699,0.15301507699157818,0.8727709281827277,0.6779507986681669,0.09499188295081265,0.5245576964117981,0.9403686591818212,Экзальтированный,Экзальтированный_017,True,extreme,5,0.1295326171792665
0.8298308118405152,1.0,0.7721075883152585,0.7264150807602394,0.060447977033423375,0.9919433468951357,0.7073299273531625,0.03381420752266934,0.514624035617827,1.0,Экзальтированный,Экзальтированный_017,True,extreme,6,0.1295326171792665
1.0,0.9875732552938901,0.9735710148333228,0.7376218703815114,0.11123359323324421,0.9988829789014195,0.6606031295701617,0.0,0.5073747364785608,1.0,Экзальтированный,Экзальтированный_017,True,extreme,7,0.1295326171792665
1.0,0.9914535137397467,0.9531128892221579,0.7410543163260278,0.11621452028889603,1.0,0.6449981023380551,0.010726262989023586,0.5013007489972076,0.9886099505098261,Экзальтированный,Экзальтированный_017,False,extreme,0,0.1295326171792665
0.5294992591077834,0.5424102734240287,0.5307911524595798,0.5093577253616227,0.4997412700467817,0.4822175429320174,0.5763093171031042,0.412058357250426,0.5095664258081833,0.5982846092828183,Экзальтированный,Экзальтированный_018,True,extreme,1,0.18832085367494006
0.5409584104853702,0.7317060407206027,0.5271159055803621,0.5336764323967818,0.5087431885356025,0.5228485998403553,0.5775045293056271,0.42939050122611666,0.4841060703733755,0.6786321911547307,Экзальтированный,Экзальтированный_018,True,extreme,2,0.18832085367494006
0.6078040090220747,0.7309628021169932,0.6714958915789314,0.5246850233800111,0.5026478217412913,0.5554628463998242,0.7226803923167607,0.16371081571132878,0.481042434385991,0.9122006094714434,Экзальтированный,Экзальтированный_018,True,extreme,3,0.18832085367494006
0.7514334919624326,0.7731142346708847,0.6615864041525364,0.6032563106400567,0.44900900400072224,0.5949301794164996,0.6785881414037557,0.17566324824749593,0.49660955924195765,0.9405372049509441,Экзальтированный,Экзальтированный_018,True,extreme,4,0.18832085367494006
0.8189316956991431,1.0,0.7777798770173145,0.6289326831203431,0.19738731074368188,0.8515451255902915,0.5921036047643451,0.18955913082185072,0.49282990245376185,0.9495649761094423,Экзальтированный,Экзальтированный_018,True,extreme,5,0.18832085367494006
0.8839665929400179,1.0,0.8868184290357408,0.6511491593799704,0.12288660559101539,0.9233936340451676,0.5932110905248877,0.13738873457790565,0.49939711206458837,1.0,Экзальтированный,Экзальтированный_018,True,extreme,6,0.18832085367494006
1.0,1.0,1.0,0.6351905707380525,0.08535899390309226,0.9013059318539244,0.5808978233021906,0.09854741493821392,0.4630679529276607,1.0,Экзальтированный,Экзальтированный_018,True,extreme,7,0.18832085367494006
1.0,0.9720410224493506,1.0,0.6479000988667384,0.07034120531604254,0.912277688163502,0.5875137459420358,0.11290738128042083,0.47781295733461393,0.9932282728979726,Экзальтированный,Экзальтированный_018,False,extreme,0,0.18832085367494006
0.49962552452488806,0.5180764516841894,0.5015342636730148,0.4540055627887351,0.5253301343141572,0.5303776323392757,0.5397653237733074,0.38963895990809355,0.5021123195871493,0.6134433697631622,Экзальтированный,Экзальтированный_019,True,extreme,1,0.3657176407555122
0.5105382024560295,0.6280792783388911,0.510635958038431,0.41354850258733744,0.5220544357693233,0.6308253275616806,0.5273739864118306,0.4294199320612387,0.5403106934198459,0.5983885930125529,Экзальтированный,Экзальтированный_019,True,extreme,2,0.3657176407555122
0.44023483082122494,0.6912971505286837,0.47515686800927825,0.4054831416475731,0.5002554132863576,0.6136271508588258,0.6726888532999299,0.3856290278112955,0.5413704970142718,0.7812621874609129,Экзальтированный,Экзальтированный_019,True,extreme,3,0.3657176407555122
0.5319876315054518,0.7325765505968097,0.46755172116756116,0.5051632202036669,0.384494994789735,0.6867051547924967,0.7419022880372675,0.23312363934331082,0.5372704169338856,0.9090854132643076,Экзальтированный,Экзальтированный_019,True,extreme,4,0.3657176407555122
0.6371678502591066,1.0,0.5001476533862051,0.4960876383357786,0.14010351036211416,0.9029171924010936,0.692326080129663,0.26733087865824295,0.5326736294896119,0.9139814463919009,Экзальтированный,Экзальтированный_019,True,extreme,5,0.3657176407555122
0.6889600345907042,1.0,0.5761426128977082,0.47047318643239444,0.09186945063923069,0.9747709035818936,0.718505044704243,0.18721197357109515,0.5364251634251963,0.9952474651079071,Экзальтированный,Экзальтированный_019,True,extreme,6,0.3657176407555122
0.9269732665088264,0.9960946143253278,0.8412554408603838,0.49486347637157313,0.10025359718459367,1.0,0.5584362867469439,0.1940382573175233,0.5236576205197123,0.9947489844447471,Экзальтированный,Экзальтированный_019,True,extreme,7,0.3657176407555122
0.9461467104500187,0.9806919288015689,0.8275594503506398,0.47426025886552914,0.12647470951103906,1.0,0.533121251828127,0.1695703679435555,0.5107016506649621,0.9902561344175492,Экзальтированный,Экзальтированный_019,False,extreme,0,0.3657176407555122
0.4894022972258962,0.5330647009154151,0.5517196688456706,0.4602728988962452,0.505329097807411,0.5077166375972807,0.5378050388712154,0.4230560010934536,0.5401412254918226,0.5566621769688059,Экзальтированный,Экзальтированный_020,True,extreme,1,0.47391726519281374
0.4886534588942428,0.5099388776636122,0.5545783149722394,0.5158268106534416,0.4926799185630738,0.4883782779775218,0.5259844620842012,0.3557409506150597,0.5108805155798736,0.7298322737396307,Экзальтированный,Экзальтированный_020,True,extreme,2,0.47391726519281374
0.5429480582565932,0.5142763684860835,0.635173925280267,0.5257003346540114,0.5125999517115309,0.4825454016451485,0.6532109220536239,0.1254090853273696,0.5025618548998454,0.9456072359918135,Экзальтированный,Экзальтированный_020,True,extreme,3,0.47391726519281374
0.6382161019267484,0.631519814631688,0.5918689043436877,0.5199920424423411,0.4835219983277665,0.5401316951933092,0.7909795230234362,0.01552612944680986,0.5982285282758057,1.0,Экзальтированный,Экзальтированный_020,True,extreme,4,0.47391726519281374
0.7634094428064814,0.8729745870471219,0.6795870920214776,0.5175938572033625,0.26089317579690796,0.6934292523359936,0.7547523814980789,0.03638884389798331,0.6198949372120803,0.9949045801479047,Экзальтированный,Экзальтированный_020,True,extreme,5,0.47391726519281374
0.681950015631668,0.9256684566052052,0.678262144917177,0.5116644778116017,0.17289799918507073,0.8089002306288159,0.9388370431885049,0.0,0.6262028495774711,1.0,Экзальтированный,Экзальтированный_020,True,extreme,6,0.47391726519281374
0.7571177305738477,0.9144734386977715,0.8141383979318875,0.6043946693192017,0.1494323996182654,0.8300580482219279,0.8570522109246337,0.0035982001547870714,0.6524620725314665,1.0,Экзальтированный,Экзальтированный_020,True,extreme,7,0.47391726519281374
0.7508098957175275,0.9050033997090524,0.794183674262119,0.6267323200082823,0.1534944484886604,0.8570534180935114,0.8653585784101253,0.0,0.6668598019719906,0.9871476299802777,Экзальтированный,Экзальтированный_020,False,extreme,0,0.47391726519281374
0.5434713124877542,0.5506388016883511,0.5489153547186643,0.4614129690445643,0.5000841587217337,0.5628800358291506,0.5133920787535985,0.46669698540545895,0.49555741421293364,0.5440091700543322,Экзальтированный,Экзальтированный_021,True,extreme,1,0.5442125636744292
0.5617917758748813,0.5011286110942136,0.5256463909570055,0.5279825001282002,0.5000704220851243,0.56878145102977,0.5496300208346079,0.3886191637761829,0.47091298681493543,0.6070595212046291,Экзальтированный,Экзальтированный_021,True,extreme,2,0.5442125636744292
0.6092462260874887,0.5246391165526327,0.6151872615442266,0.5055450256932293,0.5374300699577269,0.5600638148875582,0.7260063722810153,0.14969472576406645,0.48627985856241024,0.7880300001918314,Экзальтированный,Экзальтированный_021,True,extreme,3,0.5442125636744292
0.6830621520676566,0.579974561448328,0.6163134323637427,0.4979338110708148,0.5703111306115176,0.5580152983802679,0.7498978826858914,0.01355000558783365,0.5062529764204288,0.9505874979675445,Экзальтированный,Экзальтированный_021,True,extreme,4,0.5442125636744292
0.7507337092662715,0.9503858648000338,0.7318618849557045,0.5245320547861696,0.2951249331278153,0.8189115905883013,0.6679191172629679,0.018266643710702003,0.5362587558402947,0.9598627427064214,Экзальтированный,Экзальтированный_021,True,extreme,5,0.5442125636744292
0.8310252045280787,0.9822642753302697,0.855313714823826,0.5243155314303123,0.345451911418918,0.7706684420992628,0.5982697429160443,0.0,0.5287031775798138,1.0,Экзальтированный,Экзальтированный_021,True,extreme,6,0.5442125636744292
0.973512916284358,0.9984929407495591,0.8964509137390361,0.5106833300157073,0.3913023488764007,0.7594689064391247,0.5517226157129336,0.005229171290243313,0.4968739435728297,0.9938739151934098,Экзальтированный,Экзальтированный_021,True,extreme,7,0.5442125636744292
0.9990283989426197,1.0,0.9200555232109972,0.5074520244208997,0.4130043487812055,0.7437923012391946,0.5238050035304352,0.0,0.5215832861990579,0.9677709254376743,Экзальтированный,Экзальтированный_021,False,extreme,0,0.5442125636744292
0.48905596424047315,0.46518785860009654,0.5430063690767992,0.5216391058342832,0.4905923224897343,0.47407762073922044,0.543278257894523,0.39855501539200766,0.4764574985057077,0.620096798787408,Экзальтированный,Экзальтированный_022,True,extreme,1,0.218358449965195
0.4887525124279388,0.5240579217567415,0.5142176008961256,0.5157583114204018,0.47742684848314737,0.49432550430980793,0.5403851671393561,0.3709257939598821,0.48833045194031105,0.7497709443953544,Экзальтированный,Экзальтированный_022,True,extreme,2,0.218358449965195
0.5419625573154878,0.6369643212392605,0.5838792172989504,0.5329575869183218,0.48995030951459034,0.5197572287379802,0.688497313692264,0.20866375151961986,0.48878803484407807,0.8316004718262964,Экзальтированный,Экзальтированный_022,True,extreme,3,0.218358449965195
0.6816483900801147,0.72153528203808,0.5869270203786002,0.6634355309385398,0.36982121770704074,0.5634301038622983,0.6321667853414932,0.23439419221640076,0.4986924863002725,0.8966451333486353,Экзальтированный,Экзальтированный_022,True,extreme,4,0.218358449965195
0.7896770444309678,1.0,0.6831747282669002,0.6505886172542632,0.12133849472001242,0.811175666206917,0.511667124585037,0.20714357091831462,0.47261266460680423,0.8894069890909017,Экзальтированный,Экзальтированный_022,True,extreme,5,0.218358449965195
0.8808852737003527,1.0,0.8075104284220336,0.6575498638815149,0.07468763025207664,0.9145784426625949,0.5368441740322166,0.12901172429294566,0.43942287662969953,1.0,Экзальтированный,Экзальтированный_022,True,extreme,6,0.218358449965195
1.0,0.9623598168249549,0.9985737040104229,0.6710003250847871,0.08441061863282015,0.9273916704428796,0.4784275616193353,0.06566696426372287,0.4595374038070789,0.9819076293602411,Экзальтированный,Экзальтированный_022,True,extreme,7,0.218358449965195
1.0,0.9658768746004678,0.9786459956795083,0.6538782496141929,0.06650767335094376,0.9153508917587162,0.4736234398896775,0.07699862611568414,0.4743197052752727,0.9705707557417071,Экзальтированный,Экзальтированный_022,False,extreme,0,0.218358449965195
0.520535484810158,0.5341736190658014,0.5139600916334145,0.42969578164664796,0.5315111618229197,0.570447766481476,0.48670759966724414,0.46092198096392767,0.5133315277135786,0.5233260781199948,Экзальтированный,Экзальтированный_023,True,extreme,1,0.41349006013368605
0.5196217739462233,0.6858509148135801,0.5229720617004792,0.5166608656740408,0.492352399473185,0.6199577634833862,0.4709148807857893,0.4542498018001297,0.4992912518454963,0.6011973237648119,Экзальтированный,Экзальтированный_023,True,extreme,2,0.41349006013368605
0.5835307550815907,0.7342131740295416,0.7825630466494015,0.5095795632208611,0.49653627376276893,0.6114964711194445,0.48233343007188084,0.40698007694485433,0.47821704950979005,0.6171144674291011,Экзальтированный,Экзальтированный_023,True,extreme,3,0.41349006013368605
0.7082200923148477,0.8190872487867177,0.8192354174171823,0.5944378607022185,0.374804810490343,0.6866980720988493,0.5505150719357882,0.29686105800123264,0.4734779382144819,0.7349182662999556,Экзальтированный,Экзальтированный_023,True,extreme,4,0.41349006013368605
0.7610508950757763,0.9843568398583017,0.9424869065417872,0.6402497881291269,0.18200371759564737,0.8669773782793683,0.4769211406534949,0.3329792484655868,0.4540141675927551,0.7623810243700109,Экзальтированный,Экзальтированный_023,True,extreme,5,0.41349006013368605
0.8239951729810829,1.0,0.9655765195996682,0.7061357683938849,0.22635716031542363,0.8673579255850938,0.38445816013546424,0.2740757604432399,0.4553120185529129,0.8079418211798118,Экзальтированный,Экзальтированный_023,True,extreme,6,0.41349006013368605
0.9105265476540959,0.9838647455414672,0.8961946798277822,0.7022461380797961,0.21135627380866576,0.8367823990445353,0.5081571318981734,0.2549113714706188,0.5007326036743195,0.8395477321857331,Экзальтированный,Экзальтированный_023,True,extreme,7,0.41349006013368605
0.9024974932916028,1.0,0.9101756449546116,0.7277877045162578,0.2172885677138343,0.8560229610658479,0.5002172203676536,0.22972615056118276,0.5287683837783111,0.8322664556486145,Экзальтированный,Экзальтированный_023,False,extreme,0,0.41349006013368605
0.5002257260105557,0.4933023929039713,0.5437012264680648,0.4733307924980532,0.5121823958459001,0.48535211520932414,0.4917852672635871,0.46708068973261613,0.4953733037938565,0.5151036134127583,Экзальтированный,Экзальтированный_024,True,extreme,1,0.2881315796743862
0.49077817874428775,0.5761918643019852,0.5468526747915535,0.5002720907113857,0.49688483247484205,0.5648863409617738,0.46021880226286266,0.4771099116264141,0.4976409397087849,0.5994872431015983,Экзальтированный,Экзальтированный_024,True,extreme,2,0.2881315796743862
0.5206559267308747,0.5867456611616119,0.6272104667557694,0.4700534345776053,0.47306035385389505,0.581105739954224,0.6284377203319969,0.23521786877316275,0.4986079309958561,0.7998589910010975,Экзальтированный,Экзальтированный_024,True,extreme,3,0.2881315796743862
0.6227912583322129,0.643031605172594,0.626473890394367,0.5540054634611848,0.33072369662242396,0.5826181001216213,0.718894096584612,0.09469276639184387,0.5103284105559,0.9517388098116526,Экзальтированный,Экзальтированный_024,True,extreme,4,0.2881315796743862
0.7022150265461651,0.9390604191237071,0.7379106217801321,0.5202643918657345,0.14358136001084504,0.7625136973720916,0.6912871446027442,0.06493641745374965,0.5233849442715066,0.9838353980902033,Экзальтированный,Экзальтированный_024,True,extreme,5,0.2881315796743862
0.7752806222840924,0.9739376396931263,0.8323353673533171,0.5105383021166539,0.08786662459360572,0.8603509591556814,0.7090530808405068,0.0,0.5264025163643765,1.0,Экзальтированный,Экзальтированный_024,True,extreme,6,0.2881315796743862
0.9223893198799016,0.9226769837744888,1.0,0.5707469521179716,0.1783702006945571,0.8759981777885267,0.623750591240212,0.014918899446666207,0.4914736494972793,0.9394885030851486,Экзальтированный,Экзальтированный_024,True,extreme,7,0.2881315796743862
0.8979346786592497,0.9235111256883347,0.9713256025899104,0.5764926746789218,0.16786496815960478,0.8565517284259713,0.646914230418297,0.011111196924624513,0.49047750962972547,0.9449865554226574,Экзальтированный,Экзальтированный_024,False,extreme,0,0.2881315796743862
0.5259441383206908,0.5538751360752631,0.4691607423846847,0.48182202990933426,0.44439260777452677,0.59443265796977,0.4874587675271736,0.5250070056102932,0.4972167770228698,0.497719255806543,Экзальтированный,Экзальтированный_025,True,extreme,1,0.3411185717359181
0.5077711279890109,0.5400702049658954,0.487125731943596,0.5029273225235912,0.47071780792632495,0.5862830932598675,0.5235898651741147,0.48319565172984813,0.4914857236623154,0.6109416269567782,Экзальтированный,Экзальтированный_025,True,extreme,2,0.3411185717359181
0.555705675393076,0.5325922205397098,0.5990442378036873,0.5066007906981822,0.48099498417081527,0.575578670489715,0.6651618790341286,0.21368359095349965,0.4665012368971644,0.7903245072706225,Экзальтированный,Экзальтированный_025,True,extreme,3,0.3411185717359181
0.6624427830126816,0.621075524092344,0.6117769122335812,0.5749806823465609,0.37695751101304265,0.6258209534540482,0.72159828713453,0.09290551475394855,0.4344488759973262,0.8513253817627826,Экзальтированный,Экзальтированный_025,True,extreme,4,0.3411185717359181
0.7736299415124541,0.8181223668225455,0.7270560778466912,0.6107806346680009,0.3090539604798017,0.7015135171683892,0.6651793144950612,0.09996310326703897,0.4753198210605455,1.0,Экзальтированный,Экзальтированный_025,True,extreme,5,0.3411185717359181
0.8477784845387445,0.8699092334177511,0.8157526432875448,0.614485147433152,0.23496605049765473,0.8452862111695135,0.6873329112188434,0.04903748457283166,0.49985891285861467,1.0,Экзальтированный,Экзальтированный_025,True,extreme,6,0.3411185717359181
0.9983546117492397,0.8487392148045884,0.8813510973505985,0.6270055456464809,0.2222889741638178,0.8352561126883321,0.6659268209556181,0.0681693022815075,0.47009643618221564,1.0,Экзальтированный,Экзальтированный_025,True,extreme,7,0.3411185717359181
1.0,0.8560004949642128,0.8549134472794199,0.6210764856038483,0.21019964386988224,0.8595073712175594,0.6675657527120462,0.06826886446806887,0.48775097951020463,1.0,Экзальтированный,Экзальтированный_025,False,extreme,0,0.3411185717359181
0.48364120213270473,0.5194895122249288,0.4899393962460214,0.5256488385729606,0.4699332336488432,0.5701420225541034,0.5545770749822996,0.4572009711289672,0.5290002491258011,0.5345440674259796,Экзальтированный,Экзальтированный_026,True,moderate_a0.6,1,0.37148537756759886
0.5071613525042571,0.6500934316931348,0.5085895358083992,0.5806398814718702,0.4496670787937722,0.6481843359189561,0.5520960800764348,0.4709794531246997,0.4867684693659081,0.6110817262854514,Экзальтированный,Экзальтированный_026,True,moderate_a0.6,2,0.37148537756759886
0.5378732400732659,0.7420120453295126,0.6208547014791508,0.606568248411923,0.48348131178695614,0.6929216518878284,0.6759249913300828,0.3263496311545477,0.4509857068067789,0.7609926539402573,Экзальтированный,Экзальтированный_026,True,moderate_a0.6,3,0.37148537756759886
0.6859433021622172,0.768695688528992,0.5824719763661788,0.6358715272993275,0.41080599179893,0.7339019989710871,0.6531262835339477,0.3827213196146984,0.49289200218265167,0.8265099085451091,Экзальтированный,Экзальтированный_026,True,moderate_a0.6,4,0.37148537756759886
0.7075117181779403,1.0,0.5729204151454278,0.6494091042834503,0.22348562908412467,0.867914771345195,0.6675120961815622,0.4490179070647752,0.5508166252334229,0.8440700557833292,Экзальтированный,Экзальтированный_026,True,moderate_a0.6,5,0.37148537756759886
0.766395265442351,1.0,0.6758702237276607,0.7170872015085505,0.2432853894522341,0.8552715960398815,0.5986807235118271,0.367057666455245,0.5901766483677288,0.9160727697898668,Экзальтированный,Экзальтированный_026,True,moderate_a0.6,6,0.37148537756759886
0.9229067337870669,0.9755258650769834,0.7771124011732302,0.7074935099816598,0.29200443324652614,0.8641557109727159,0.6100705193517771,0.3972097792668573,0.5542216184651632,0.8776328165856294,Экзальтированный,Экзальтированный_026,True,moderate_a0.6,7,0.37148537756759886
0.9478596079625348,1.0,0.7940746499531642,0.6943395213313917,0.3194754394970074,0.8488999847418243,0.6100048147789984,0.39555803066830486,0.5755373427901407,0.8487325270675178,Экзальтированный,Экзальтированный_026,False,moderate_a0.6,0,0.37148537756759886
0.4858618751835593,0.5539260104169677,0.5251830578533208,0.499121007802659,0.4733095207825933,0.5332136485244309,0.5216032199014393,0.442621033758954,0.5028600636457816,0.5601922442440962,Экзальтированный,Экзальтированный_027,True,moderate_a0.75,1,0.3611227289159487
0.460785932858036,0.6914198491031083,0.5318494533378991,0.4510607936229778,0.4935865934658216,0.6138665866629537,0.5079145210446777,0.40360237119703657,0.5301754675718634,0.5949253251172619,Экзальтированный,Экзальтированный_027,True,moderate_a0.75,2,0.3611227289159487
0.5076898752406318,0.6804586410733623,0.6634713503748555,0.41246106370875646,0.4999520012350954,0.5950061044714394,0.6517579333444885,0.13898664857587972,0.5481418451420429,0.8209613873345191,Экзальтированный,Экзальтированный_027,True,moderate_a0.75,3,0.3611227289159487
0.6575718926764469,0.7300664795342805,0.5777969862557358,0.36160770595258374,0.424377247867371,0.6362594805487366,0.6889733020719166,0.14014065632025016,0.6203020646682595,0.8379119891210011,Экзальтированный,Экзальтированный_027,True,moderate_a0.75,4,0.3611227289159487
0.6507339985570266,0.9834489389600832,0.6106518510573015,0.3602372604094365,0.258985279514295,0.8494122980736885,0.7167119133839636,0.12351875457066361,0.6501401347324043,0.8774098015415451,Экзальтированный,Экзальтированный_027,True,moderate_a0.75,5,0.3611227289159487
0.7159350062482339,1.0,0.7326483565019593,0.4494933568926062,0.2881435677912865,0.8865765998579247,0.6328704624068608,0.05393216535821066,0.6517807551702403,0.9301096773326043,Экзальтированный,Экзальтированный_027,True,moderate_a0.75,6,0.3611227289159487
0.8708452916265825,1.0,0.7881780569450024,0.46686440479735536,0.2838077479698482,0.907546490470295,0.5379788152310917,0.07378633269697393,0.6848729930065672,0.9382697200855632,Экзальтированный,Экзальтированный_027,True,moderate_a0.75,7,0.3611227289159487
0.8766010908248683,0.9934456842892297,0.8053703009653134,0.4576463713361579,0.28045797485264923,0.922885413877834,0.5416573456646744,0.07068144309110601,0.6920179227873641,0.9143228316441174,Экзальтированный,Экзальтированный_027,False,moderate_a0.75,0,0.3611227289159487
0.5233360291743436,0.5574783911483785,0.5245560241244321,0.5098206096871143,0.4793000597083318,0.5316199164957026,0.5328107436886905,0.4652673486461454,0.5064222072653652,0.5335696645478771,Экзальтированный,Экзальтированный_028,True,moderate_a0.85,1,0.23797493264560338
0.5423791170609401,0.7117785228743359,0.5282946621954491,0.524095968198485,0.46640793056005814,0.6210332420953185,0.5025888934674554,0.44715531454652613,0.4852803292710108,0.6045320237681938,Экзальтированный,Экзальтированный_028,True,moderate_a0.85,2,0.23797493264560338
0.6026939697331335,0.7273177491518893,0.6407035523744807,0.5029737017757453,0.4681951268997747,0.63022264205116,0.6687983548722571,0.17133056822690096,0.48037947258107083,0.7640093135412825,Экзальтированный,Экзальтированный_028,True,moderate_a0.85,3,0.23797493264560338
0.775587927230851,0.8015835965198429,0.6335356293530179,0.6223080163544792,0.3752454216035738,0.7177218716501444,0.6249002312705043,0.18459151915678726,0.48933830489234564,0.8174040671714031,Экзальтированный,Экзальтированный_028,True,moderate_a0.85,4,0.23797493264560338
0.8228085635528943,1.0,0.709332645620405,0.5969242572620986,0.15745772960117643,0.9437849387936112,0.561065006213316,0.15485351844380568,0.490216695651203,0.792193614393514,Экзальтированный,Экзальтированный_028,True,moderate_a0.85,5,0.23797493264560338
0.9090150500923156,1.0,0.8118121805521477,0.6779259504788147,0.2295966487539425,0.9556356195740263,0.4641896178321673,0.07432653167666703,0.4968507647005024,0.8463521969499875,Экзальтированный,Экзальтированный_028,True,moderate_a0.85,6,0.23797493264560338
1.0,1.0,0.8450462435554646,0.639731760857277,0.24388884160456506,0.9682645641412027,0.501624075809608,0.0523397276889638,0.5051456694061748,0.9199280079804676,Экзальтированный,Экзальтированный_028,True,moderate_a0.85,7,0.23797493264560338
1.0,0.9765748066195402,0.8743229395444767,0.634825826035559,0.22470200840787452,0.9816350559267472,0.4895137886890391,0.07507302387817281,0.5129977813967419,0.9421686580077815,Экзальтированный,Экзальтированный_028,False,moderate_a0.85,0,0.23797493264560338
0.5177982917243714,0.4994933364269038,0.5113031371049583,0.5278925977011676,0.488523235945973,0.5427925344742249,0.5411675411076045,0.4632621496271965,0.4791505822476207,0.5595141196404667,Экзальтированный,Экзальтированный_029,True,moderate_a0.6,1,0.3341221077377807
0.5255315294010791,0.5541666611945995,0.5344997447811944,0.4965218588717913,0.4905909557731381,0.5327369154907325,0.5664054940268285,0.4334989965028617,0.5003718037019745,0.6998143299201646,Экзальтированный,Экзальтированный_029,True,moderate_a0.6,2,0.3341221077377807
0.6507804364705968,0.5097542776545955,0.7822985928818189,0.5053120644260852,0.5274367827535755,0.5363126269015199,0.6079179588267913,0.3288391943590993,0.5197921057590311,0.8124801576420616,Экзальтированный,Экзальтированный_029,True,moderate_a0.6,3,0.3341221077377807
0.7524343114116459,0.5532797440428954,0.8001003253199194,0.5944095320363434,0.4009493624897051,0.61135477975586,0.6680034502754844,0.21571130926017465,0.5163987483368984,0.8902975567930217,Экзальтированный,Экзальтированный_029,True,moderate_a0.6,4,0.3341221077377807
0.7849754413573838,0.8210269947017017,0.9281903877472749,0.5962075922235924,0.22094089532370192,0.8037725609251424,0.6201670602314007,0.21083479654221735,0.5065618761650272,0.9551776212112129,Экзальтированный,Экзальтированный_029,True,moderate_a0.6,5,0.3341221077377807
0.7910644034200747,0.8629904917087896,0.8734793508940928,0.6560680314860813,0.39776530185957343,0.7612995019610291,0.6932899042417663,0.23900028655294905,0.5287787890596995,0.8848292351381686,Экзальтированный,Экзальтированный_029,True,moderate_a0.6,6,0.3341221077377807
0.8231928127896937,0.8777886628738748,0.8171474789646177,0.6245152980391926,0.4082542939732614,0.7591706906537593,0.7753089481394094,0.22554764324193358,0.5258694724457716,0.8744213312225793,Экзальтированный,Экзальтированный_029,True,moderate_a0.6,7,0.3341221077377807
0.8147863640929356,0.8554117279190365,0.8285256828841299,0.6364761015619682,0.42805394535462876,0.7729890752860835,0.7792949371530105,0.19690986627968052,0.5337363588320052,0.8895599952375597,Экзальтированный,Экзальтированный_029,False,moderate_a0.6,0,0.3341221077377807
0.4725747745437533,0.5688591792374165,0.5572310260969185,0.4702878138230231,0.508471043504725,0.5294150332050719,0.5264215139444874,0.44207119956336005,0.49565122532838835,0.558759768781196,Экзальтированный,Экзальтированный_030,True,moderate_a0.75,1,0.22992755114751165
0.4903935921117821,0.6886663080646802,0.5345683893619307,0.5470008037374322,0.5284272281179007,0.6083738298202791,0.5134447623524905,0.4705417308084376,0.5138404709171958,0.6363670482643392,Экзальтированный,Экзальтированный_030,True,moderate_a0.75,2,0.22992755114751165
0.5643449015790771,0.6940070840301271,0.6425105277359695,0.5442315227840198,0.5197771999783014,0.5914894736440235,0.6459206786051185,0.2640349382547016,0.540788013440263,0.8379012331757844,Экзальтированный,Экзальтированный_030,True,moderate_a0.75,3,0.22992755114751165
0.6456506497062895,0.7530428519208119,0.6448237978630521,0.6336533692688947,0.4208078796413053,0.633891317689947,0.724324726820454,0.14655305747615355,0.5837122418452936,0.979300944113197,Экзальтированный,Экзальтированный_030,True,moderate_a0.75,4,0.22992755114751165
0.7747205352183163,1.0,0.7305237640415003,0.605476141082904,0.24647490713572223,0.7928153997512847,0.6086410432229222,0.1985334943177322,0.5308938265917915,0.9705975224941524,Экзальтированный,Экзальтированный_030,True,moderate_a0.75,5,0.22992755114751165
0.8345753587016308,1.0,0.8405507396929524,0.6088902211122236,0.193113760053535,0.8865254066581127,0.6028245758710812,0.12083764369654054,0.5358716480758939,1.0,Экзальтированный,Экзальтированный_030,True,moderate_a0.75,6,0.22992755114751165
0.8767889417452417,0.9870610337473923,0.8960145914611609,0.6599787000586524,0.2876100797657163,0.8696800821717358,0.6354156446933352,0.13085442789537818,0.5294736338902711,0.9558559312004538,Экзальтированный,Экзальтированный_030,True,moderate_a0.75,7,0.22992755114751165
0.8727833471682716,1.0,0.8754408708067435,0.6612229408013429,0.27234134463432685,0.8973505519852464,0.6579877347223823,0.13940749378948133,0.542625166656659,0.9591034058292375,Экзальтированный,Экзальтированный_030,False,moderate_a0.75,0,0.22992755114751165
0.5005972250018027,0.5588388308453927,0.5717003387951279,0.47383981785951296,0.5008429249517088,0.568913292127707,0.529989626728346,0.45545581569199783,0.4734301909589738,0.5523796324596758,Экзальтированный,Экзальтированный_031,True,moderate_a0.85,1,0.18299400906437363
0.4933411199097822,0.7186079857163827,0.6046294011878671,0.47418917957787693,0.5096754576485073,0.6164906865067804,0.5376899697317256,0.44737484312750864,0.4296879488728466,0.6479681508048437,Экзальтированный,Экзальтированный_031,True,moderate_a0.85,2,0.18299400906437363
0.5302255373647031,0.7331923556447517,0.7148234560821376,0.47938041930177916,0.5215822981491323,0.6087825891952441,0.6941570979565774,0.16977447915828087,0.45610442971111614,0.8614142660477809,Экзальтированный,Экзальтированный_031,True,moderate_a0.85,3,0.18299400906437363
0.6703029448520182,0.7790152818540639,0.7260448959865979,0.6265107235600456,0.42121720889806835,0.6753239773023937,0.6922538781803692,0.1809364025712934,0.4153108384529995,0.9196096294447711,Экзальтированный,Экзальтированный_031,True,moderate_a0.85,4,0.18299400906437363
0.7571657504675828,1.0,0.8311084450019466,0.6320943497298978,0.19145244614829648,0.8843690785290903,0.6205964050345476,0.22596536315563956,0.4288760155104179,0.9392799767681492,Экзальтированный,Экзальтированный_031,True,moderate_a0.85,5,0.18299400906437363
0.8605771193150173,1.0,0.9258500705227863,0.627339529841078,0.12532811594118748,0.9716840971219332,0.6198155220839567,0.15601803170926953,0.4469878151698397,1.0,Экзальтированный,Экзальтированный_031,True,moderate_a0.85,6,0.18299400906437363
0.9611020751484695,0.9827804455292073,0.9113952377822315,0.6583366353732371,0.11546782318896383,0.968334093510093,0.7029858160329453,0.11234959170532047,0.4351395875007945,0.9979984743186816,Экзальтированный,Экзальтированный_031,True,moderate_a0.85,7,0.18299400906437363
0.9662901457400209,0.9623518424390489,0.9396390182183795,0.6428896772076134,0.11158402325005726,0.9768381938590405,0.6900931022028292,0.13110520699385478,0.42730275007450386,0.9764539761332724,Экзальтированный,Экзальтированный_031,False,moderate_a0.85,0,0.18299400906437363
0.5205425957825168,0.5762110814202764,0.5143854672200744,0.5184721665853047,0.45053444030371653,0.5223131127463311,0.49716926315765314,0.45738065719302634,0.4773536357329416,0.5335498495610769,Экзальтированный,Экзальтированный_032,True,moderate_a0.6,1,0.31767137203204054
0.5031368666220477,0.7531156986050463,0.5166676769244932,0.4973082814243134,0.4830184619081141,0.5448692603675847,0.5119455471819745,0.4754062846616021,0.4675071708970496,0.5926628810461677,Экзальтированный,Экзальтированный_032,True,moderate_a0.6,2,0.31767137203204054
0.4846577844370451,0.8119961153732899,0.5960614477213686,0.4822843166904485,0.5013180572420822,0.5356389773317942,0.5908283594703587,0.3486235262196499,0.4719597676573767,0.742599963634101,Экзальтированный,Экзальтированный_032,True,moderate_a0.6,3,0.31767137203204054
0.5253065073945781,0.8532408808820959,0.5964973540346341,0.6223418817994663,0.4358730483788027,0.5559412374833695,0.6388865370178861,0.3228780379322848,0.549261146682224,0.8789738680223356,Экзальтированный,Экзальтированный_032,True,moderate_a0.6,4,0.31767137203204054
0.5644928962188093,1.0,0.6779909993290102,0.6490753099701128,0.3117682277386308,0.7233945278456517,0.5303645185752911,0.32737245568874895,0.5596058814174527,0.844509359375646,Экзальтированный,Экзальтированный_032,True,moderate_a0.6,5,0.31767137203204054
0.627454157708413,1.0,0.7608976798601609,0.6106855487445794,0.2804309173644527,0.8353618974593217,0.5489032144831858,0.22236989583295813,0.5714666198438515,0.9384061854390155,Экзальтированный,Экзальтированный_032,True,moderate_a0.6,6,0.31767137203204054
0.7765268825682335,0.98612560447334,0.8835836656020103,0.5793312695176087,0.3691361306063794,0.8023851239398472,0.56019130991564,0.2438598202734486,0.5762319088653997,0.947269215741166,Экзальтированный,Экзальтированный_032,True,moderate_a0.6,7,0.31767137203204054
0.7716109644430093,1.0,0.8953387757313536,0.587514950739631,0.34817711566477927,0.7814984837524621,0.5591804751617208,0.24103181917558697,0.5595449637275145,0.9355688845796832,Экзальтированный,Экзальтированный_032,False,moderate_a0.6,0,0.31767137203204054
0.49597392677686003,0.5010170032158352,0.5188070047422074,0.5449641552077239,0.4244504052239849,0.5598315702645174,0.5044888641907449,0.47071315705931815,0.49038786533149853,0.5542251949858222,Экзальтированный,Экзальтированный_033,True,moderate_a0.75,1,0.2301588808130805
0.47321698674509577,0.48495727569055586,0.5257249935340408,0.6087898412798622,0.4310754731231596,0.5543566542338948,0.48737276708022353,0.39592598172398596,0.47517621824995393,0.7139810785989502,Экзальтированный,Экзальтированный_033,True,moderate_a0.75,2,0.2301588808130805
0.5384778734240798,0.5850308134231678,0.5617520286792805,0.6235062629327817,0.4384824836541726,0.5746201549025066,0.5719486912098625,0.26539178018562176,0.47644898772623606,0.7974986910395193,Экзальтированный,Экзальтированный_033,True,moderate_a0.75,3,0.2301588808130805
0.5711434582052181,0.6126551440500433,0.48187530597701994,0.7425779881773703,0.3405401482076354,0.5947888986383552,0.6237008789357232,0.37693288819879506,0.4864047539377137,0.8116753135508025,Экзальтированный,Экзальтированный_033,True,moderate_a0.75,4,0.2301588808130805
0.6315268429447215,0.9111110051492275,0.5679346477144548,0.77070233924856,0.16587072253881463,0.7560221574634193,0.5616349596858172,0.343246612094361,0.5017276351585186,0.8831108866323188,Экзальтированный,Экзальтированный_033,True,moderate_a0.75,5,0.2301588808130805
0.6769900117717518,0.995887108877216,0.6802499344159125,0.7454292153378494,0.08131855386619706,0.8524904606044814,0.5574635881071377,0.28836843583549243,0.48155969237234286,0.9855264969168994,Экзальтированный,Экзальтированный_033,True,moderate_a0.75,6,0.2301588808130805
0.7605805199190564,1.0,0.767578286336226,0.7378774788380837,0.12038915373049863,0.8502842545510079,0.5906526045806251,0.27831511271636006,0.4959567935945695,0.9505512182609553,Экзальтированный,Экзальтированный_033,True,moderate_a0.75,7,0.2301588808130805
0.7630374418313877,0.9784932301666172,0.78125844501818,0.7240098966841629,0.14866596136021387,0.8573704382600293,0.5627759076026847,0.266580749474277,0.4732803818720402,0.9429396550378117,Экзальтированный,Экзальтированный_033,False,moderate_a0.75,0,0.2301588808130805
0.49472909382988484,0.4960187621726673,0.5189207111969777,0.5105763933530985,0.4832795405082847,0.5512381950185934,0.5240226313247486,0.4640878601304752,0.5007710457245709,0.5823145292194234,Экзальтированный,Экзальтированный_034,True,moderate_a0.85,1,0.24484809269970853
0.47917511131602963,0.6285898108263107,0.5059825392711413,0.5195210173730739,0.4823589780716348,0.6251429152304221,0.5380222377777264,0.451885646718415,0.503772312158208,0.6413839406566257,Экзальтированный,Экзальтированный_034,True,moderate_a0.85,2,0.24484809269970853
0.5866682810125642,0.6006307780297934,0.7544046083056226,0.535035670526928,0.4439243164642412,0.5848571261853899,0.5774163682991067,0.32242881209272467,0.4949545276529502,0.7548591314384719,Экзальтированный,Экзальтированный_034,True,moderate_a0.85,3,0.24484809269970853
0.6483346236337683,0.6683824679679591,0.7747788507501219,0.6404517177630943,0.3496069748910058,0.5975152079697874,0.6437316697448094,0.1835936805858663,0.5339119697296335,0.839287061397251,Экзальтированный,Экзальтированный_034,True,moderate_a0.85,4,0.24484809269970853
0.7056176866351889,0.9246104723991302,0.835902363602415,0.5795672559394607,0.16675344106966955,0.8007514441552233,0.5767120818982967,0.25400139128472426,0.5099840315701809,0.9582920470582297,Экзальтированный,Экзальтированный_034,True,moderate_a0.85,5,0.24484809269970853
0.7882280475246295,0.9601649344883947,0.9202149481543191,0.654246859919247,0.195510086339877,0.791629415963103,0.4976537620634047,0.17859690722048638,0.5006288155676657,0.9792860918162639,Экзальтированный,Экзальтированный_034,True,moderate_a0.85,6,0.24484809269970853
0.8520475667901217,0.9881145382182418,0.8185029214859987,0.6246637050453319,0.2027169845753199,0.8319979606396786,0.7006857871742047,0.12927606334930342,0.4889780100809194,0.9750069356280491,Экзальтированный,Экзальтированный_034,True,moderate_a0.85,7,0.24484809269970853
0.8806066658697408,0.9877156598080777,0.8078318350978332,0.6082819434322172,0.21317652155706912,0.8593378391012894,0.6897860923120851,0.1421755207325798,0.4921572224166884,1.0,Экзальтированный,Экзальтированный_034,False,moderate_a0.85,0,0.24484809269970853
0.49860512511907024,0.5304480963832423,0.5609886634718072,0.5197887210015761,0.48883326261410626,0.4833894639329574,0.5455763551519208,0.45468173694008496,0.5052848542355893,0.5432130455916403,Экзальтированный,Экзальтированный_035,True,moderate_a0.6,1,0.3303115634915557
0.5301342736748186,0.6725688645280228,0.5561978204420616,0.47869355974607447,0.4812775061673693,0.5530541043238808,0.5182424421494201,0.45156113294753264,0.5440474924479676,0.5966501700616158,Экзальтированный,Экзальтированный_035,True,moderate_a0.6,2,0.3303115634915557
0.6785956563186284,0.6176867645883106,0.7963409422168011,0.48251594827275757,0.44024922290043433,0.5746044359509678,0.544369443215969,0.3142106953853752,0.523759436630186,0.6622006339380662,Экзальтированный,Экзальтированный_035,True,moderate_a0.6,3,0.3303115634915557
0.8046866394446114,0.677627238744804,0.7916482888537606,0.5864423259925402,0.37214545050944925,0.6135710511026919,0.635702952463445,0.19622089427371864,0.5222988673571985,0.7590662623640885,Экзальтированный,Экзальтированный_035,True,moderate_a0.6,4,0.3303115634915557
0.8491021303909317,0.8992382342698835,0.795393801988195,0.5431494245959515,0.24120054890122372,0.7843403607841359,0.6312306396579421,0.24780247537822186,0.5455151815055583,0.844673396092319,Экзальтированный,Экзальтированный_035,True,moderate_a0.6,5,0.3303115634915557
0.8454150273086022,0.9480771444411064,0.7780978832774531,0.5750580765796963,0.25796722295292457,0.8366781340163603,0.7267197619778962,0.2203150593025784,0.5120023915877469,0.9453819797888969,Экзальтированный,Экзальтированный_035,True,moderate_a0.6,6,0.3303115634915557
1.0,0.9273317408419542,0.8637851725222545,0.5484282655317972,0.23206081534638193,0.8475481874175675,0.6937339531009434,0.19544034415392159,0.49448723342118156,0.9248073385145715,Экзальтированный,Экзальтированный_035,True,moderate_a0.6,7,0.3303115634915557
1.0,0.9160456233653415,0.8927876840134721,0.5636937791908745,0.21789493870016524,0.8702992208677949,0.6859051344342127,0.19496302628272644,0.490483354977921,0.9008512021287249,Экзальтированный,Экзальтированный_035,False,moderate_a0.6,0,0.3303115634915557
0.5134122923926463,0.5294494856507308,0.5096379768666912,0.47345938362899265,0.4922282244968907,0.5829839453001475,0.5420482291344797,0.48593057150207425,0.4966304004396576,0.4842808174812386,Экзальтированный,Экзальтированный_036,True,mixed,1,0.3023737826425097
0.5313054575936295,0.5116838596936347,0.5345582147788076,0.554733318901722,0.49491431226300997,0.5720914984850711,0.5511450558248601,0.4391594792817984,0.5092158770291111,0.6540300119919105,Экзальтированный,Экзальтированный_036,True,mixed,2,0.3023737826425097
0.526158815763645,0.5996545817506685,0.4350290164761168,0.545401153597023,0.44904724939942214,0.5674608893492882,0.7307240373084822,0.36419704693260746,0.5080504736220655,0.8114527977007423,Экзальтированный,Экзальтированный_036,True,mixed,3,0.3023737826425097
0.6209423144337409,0.6534905518930767,0.40822518320075724,0.5765340890980061,0.41683484689730455,0.6300280836505703,0.9039515441926671,0.24202013680648868,0.5703829015177679,0.9283110330242841,Экзальтированный,Экзальтированный_036,True,mixed,4,0.3023737826425097
0.6645137929812752,1.0,0.49954181672369613,0.5615021304303063,0.19257274408563266,0.9128718026646632,0.8226110104758723,0.22005554526046847,0.5698175190965596,0.9484034492710919,Экзальтированный,Экзальтированный_036,True,mixed,5,0.3023737826425097
0.7452467332342708,1.0,0.6107079477128935,0.5870917519437261,0.21629122350185093,1.0,0.8324805814420935,0.3235876566280728,0.5470028023102504,0.8787530293428301,Экзальтированный,Экзальтированный_036,True,mixed,6,0.3023737826425097
0.8519681707180565,1.0,0.7863847063185497,0.640742416185663,0.19092432384601601,1.0,0.7395673879681633,0.3303630509154056,0.5673052598729524,0.8677734095720041,Экзальтированный,Экзальтированный_036,True,mixed,7,0.3023737826425097
0.8605817144926747,1.0,0.756518428159565,0.6269208274718825,0.21499330796666857,0.9762528309697723,0.7506550369433309,0.32173816501469593,0.5883101928675655,0.8894611626485611,Экзальтированный,Экзальтированный_036,False,mixed,0,0.3023737826425097
0.49985681886025657,0.5764486261290764,0.4823914858013716,0.5084424150515997,0.4811792655442135,0.5302499939496356,0.5270805403070731,0.4634742984807778,0.4957562699603283,0.5182908453193379,Экзальтированный,Экзальтированный_037,True,mixed,1,0.36042526662407354
0.46627176643099827,0.7010761067534613,0.4957243596482101,0.5307134498808171,0.4954202006195726,0.616863715370162,0.5130542187493843,0.51523391293951,0.48505893816823514,0.6026358431559317,Экзальтированный,Экзальтированный_037,True,mixed,2,0.36042526662407354
0.5103397282068476,0.7813178850668019,0.5768887968369335,0.5385499541907784,0.5374112699603236,0.6317323165080415,0.5825877527967318,0.40780538689147927,0.48023260846053584,0.7369633735680232,Экзальтированный,Экзальтированный_037,True,mixed,3,0.36042526662407354
0.6136668664399114,0.819397655213208,0.578196322346149,0.6034526745458256,0.45843507622693336,0.6048430575583635,0.6763149539993737,0.2970793006384751,0.47051719483535986,0.9565530665120183,Экзальтированный,Экзальтированный_037,True,mixed,4,0.36042526662407354
0.6174599843559274,1.0,0.5336054502306968,0.6263374804164165,0.13967165338668555,0.8467459948921434,0.6881483838311035,0.26554368630718866,0.4542231351025933,0.9448925181477759,Экзальтированный,Экзальтированный_037,True,mixed,5,0.36042526662407354
0.6555050035437845,0.9698087426145883,0.5742927698472748,0.7093482426140694,0.20544803134244793,0.8600834418726339,0.7125828806910862,0.24675295178004134,0.4664133850368757,0.8910764622917015,Экзальтированный,Экзальтированный_037,True,mixed,6,0.36042526662407354
0.8981212138159681,0.9732381449898436,0.7377989375894515,0.6636746019629653,0.2156409140347352,0.835464186325197,0.6577930018452294,0.2364851018310409,0.4475559618188235,0.8655133372708411,Экзальтированный,Экзальтированный_037,True,mixed,7,0.36042526662407354
0.8980405547963045,0.9646532197646269,0.730530074072491,0.671297848695741,0.18682597118904434,0.8597333268955459,0.659425836197796,0.2249957755567189,0.452754647526563,0.8874244693323442,Экзальтированный,Экзальтированный_037,False,mixed,0,0.36042526662407354
0.48385496912317155,0.5017368153294322,0.4833426957680542,0.47744622988107166,0.4882386773457161,0.5509044365386856,0.5508008218541364,0.4784415312904999,0.5049562782345864,0.5177967378558149,Экзальтированный,Экзальтированный_038,True,mixed,1,0.7481245098425304
0.47924676002088473,0.5653262106783514,0.4798315898554067,0.48862281543336805,0.5314726573808685,0.5672863333419133,0.5273027096121315,0.5135992068810499,0.5193460432869462,0.6923248581595091,Экзальтированный,Экзальтированный_038,True,mixed,2,0.7481245098425304
0.5565865548347713,0.5839185277033833,0.5651058219897952,0.4820175751179935,0.5176923926202223,0.5564743691099642,0.6737046488847398,0.2915017889559056,0.5083444253212324,0.8961952382870197,Экзальтированный,Экзальтированный_038,True,mixed,3,0.7481245098425304
0.692283017353094,0.5782709683944787,0.5098529099108843,0.413987804521008,0.5112643359353557,0.5374641387234995,0.7745804077142979,0.3375785997809725,0.5896186562003642,1.0,Экзальтированный,Экзальтированный_038,True,mixed,4,0.7481245098425304
0.8120496603460161,0.7369334746302458,0.6697327063657599,0.3322612452127491,0.4174609799476339,0.6576882651639889,0.6651656743853135,0.5039315734513702,0.6156164759851895,0.9779506526908956,Экзальтированный,Экзальтированный_038,True,mixed,5,0.7481245098425304
0.8704804180018659,0.7858112847429712,0.767841522494978,0.3208032648438097,0.3827560846675003,0.7197246053911254,0.6927614673568402,0.4407452010115657,0.6156464407153177,1.0,Экзальтированный,Экзальтированный_038,True,mixed,6,0.7481245098425304
0.8730684653845616,0.8081846013795624,0.8109034378571731,0.43620946533265503,0.4094821971436828,0.7315076387594239,0.6983673081111472,0.4640004567511188,0.5940106709771084,0.9835278996578816,Экзальтированный,Экзальтированный_038,True,mixed,7,0.7481245098425304
0.86693907493132,0.7870185420118168,0.8004352644875053,0.46328252409725773,0.42145755592363743,0.7418308091595107,0.7266438058590275,0.4865213517402809,0.5678138214550905,0.9906858220455221,Экзальтированный,Экзальтированный_038,False,mixed,0,0.7481245098425304
0.5240174781480351,0.508309043934428,0.572949505581278,0.4972592690260057,0.4898935048925685,0.5114068577645441,0.48632138134050157,0.4490479552027066,0.47803010047672023,0.572998948914031,Экзальтированный,Экзальтированный_039,True,mixed,1,0.321909565743948
0.5083837882234725,0.6210387890065457,0.5759538681038804,0.5005231980406033,0.4747256943717341,0.6021090126081465,0.4988245808816985,0.4995997261607133,0.4757014278037127,0.573234380280197,Экзальтированный,Экзальтированный_039,True,mixed,2,0.321909565743948
0.49322003713649826,0.7038642462525314,0.5601999922948978,0.5138463774147259,0.4431530197817681,0.5879404897012448,0.6811758403266563,0.4196185819547445,0.4669076177518887,0.7439628380190186,Экзальтированный,Экзальтированный_039,True,mixed,3,0.321909565743948
0.4918299890624622,0.7427921623880166,0.6027045046711156,0.6356204984962267,0.38277500827981714,0.5705051813093012,0.7372999903564238,0.37642314608842464,0.4698410054845446,0.8737064088264245,Экзальтированный,Экзальтированный_039,True,mixed,4,0.321909565743948
0.5504335903757879,0.9303435875200684,0.6884226408578374,0.6839736907713136,0.23968917759634506,0.7260931486543679,0.647279140859425,0.34056833999893277,0.4906760547857676,0.8562370033787127,Экзальтированный,Экзальтированный_039,True,mixed,5,0.321909565743948
0.5495085149429069,1.0,0.6626122997921491,0.7476287291744327,0.3854896811463717,0.6464511925376163,0.607966592908767,0.33838777958999333,0.49070961233737165,0.8879470026772674,Экзальтированный,Экзальтированный_039,True,mixed,6,0.321909565743948
0.7097642480266205,0.968311896345699,0.6624751497931672,0.7084846293810488,0.41794800409279104,0.656931626184508,0.7033369594753354,0.3736616696645813,0.49277933772738164,0.8986365042306093,Экзальтированный,Экзальтированный_039,True,mixed,7,0.321909565743948
0.72220432611244,0.9732798313946384,0.6542973791316375,0.7165149458542929,0.4015482798617616,0.6480590841927095,0.7317036163889508,0.34905204119320443,0.4961536584113525,0.8824329701315939,Экзальтированный,Экзальтированный_039,False,mixed,0,0.321909565743948
